Question,A,B,C,D,source_folder,num_answers
"Cho ma trận hiệp phương sai S của dữ liệu đã chuẩn hoá có các trị riêng λ1=5,λ2=2,λ3=1,λ4=0.5\lambda_1=5, \lambda_2=2, \lambda_3=1, \lambda_4=0.5λ1​=5,λ2​=2,λ3​=1,λ4​=0.5 (giảm dần). Nếu chọn K=2K=2K=2 thành phần chính, tỉ lệ phương sai được giữ lại là bao nhiêu?",0.824,0.588,1.167,0.235,train_fix,1
Tên gọi riêng cho đỉnh bậc 0 và đỉnh bậc 1 trong đồ thị vô hướng là?,"Đỉnh cô đơn, đỉnh lẻ","Đỉnh cô lập, đỉnh treo","Đỉnh cô đơn, đỉnh treo","Đỉnh cô lập, đỉnh lẻ",train_fix,1
Cơ chế lưu trữ năng lượng của siêu tụ điện dựa trên gì?,Phản ứng hóa học,Tích tụ ion ở bề mặt điện cực tạo điện trường,Phóng xạ,Đốt cháy nhiên liệu,train_fix,1
Một pixel của ảnh xám có thể nhận giá trị tối thiểu và tối đa lần lượt là?,0 và 127,-127 và 127,0 và 255,0 và 1048576,train_fix,1
"Nếu trong quá trình khoan, cao độ dung dịch khoan phải luôn cao hơn mực nước ngầm ít nhất 1,5 m, giả sử mực nước ngầm ở -10 m thì cao độ dung dịch khoan tối thiểu phải đạt bao nhiêu?","-11,5 m","-8,5 m","-6,0 m","-5,0 m",train_fix,1
Nội dung chính của bài báo là gì?,Đánh giá chuyển đổi số tại ngân hàng thương mại,Giới thiệu công nghệ OCR và thử nghiệm FPT.AI Reader cho số hóa tài liệu tại Học viện Ngân hàng,Xây dựng hệ thống ERP cho giáo dục,Nghiên cứu ứng dụng AI trong tài chính,train_fix,1
SASRec và BERT4Rec khác nhau chủ yếu ở những điểm nào?,Cả hai đều là mô hình unidirectional và dùng next-item prediction,"SASRec unidirectional – Next-item prediction, BERT4Rec bidirectional – Cloze objective","SASRec dùng CNN, BERT4Rec dùng RNN","SASRec không dùng embedding, BERT4Rec dùng embedding",train_fix,1
"Trong giải thuật DES, kích thước hiệu dụng của khóa là bao nhiêu bit?",48 bit,56 bit,64 bit,128 bit,train_fix,1
Nội dung chính của phần 1 tài liệu Public_107 về Gradient Descent là gì?,Giới thiệu công thức tổng quát của tất cả biến thể GD,Chỉ tập trung vào ứng dụng GD trong mạng nơ-ron sâu,Phân tích chi tiết các thuật toán tối ưu bậc hai,"Trình bày ý tưởng, nguyên lý cơ bản và ví dụ minh họa của Gradient Descent",train_fix,1
Cảm biến nào giúp robot điều chỉnh lực cầm nắm chính xác?,Camera RGB,LiDAR,Radar mmWave,Cảm biến xúc giác và lực,train_fix,1
"Theo tài liệu, để thêm nhãn dữ liệu trong Tableau, bước đầu tiên cần thực hiện là gì?", Chọn New Label trực tiếp trên sheet, Click chọn Data Labels > New Label , Vào mục Settings > Labels,Chọn Groups > Add Label,train_fix,1
Mục đích chính của việc xây dựng Cổng kết nối dịch vụ chứng thực chữ ký số công cộng là gì?,Để thay thế toàn bộ hệ thống email của cơ quan nhà nước.,"Để kết nối dịch vụ chứng thực chữ ký số công cộng với các hệ thống thông tin, đảm bảo tính xác thực, toàn vẹn và chống chối bỏ của thông điệp dữ liệu.",Để quản lý hồ sơ nhân sự điện tử.,Để đồng bộ dữ liệu giữa các cơ quan thuế và hải quan.,train_fix,1
Thông tư Public_257 quy định những yêu cầu kỹ thuật nào đối với phần mềm ký số và phần mềm kiểm tra chữ ký số?,Chứng thư chữ ký số phải có hiệu lực tại thời điểm ký; chữ ký số được tạo bởi khóa bí mật tương ứng với khóa công khai; tính toàn vẹn của thông điệp dữ liệu được bảo đảm bằng so sánh mã băm.,Chứng thư chữ ký số không cần kiểm tra trạng thái thu hồi; chỉ cần xác thực chủ thể ký là đủ.,"Phần mềm ký số có thể bỏ qua yêu cầu tích hợp chứng thư chữ ký số thuộc Danh sách tin cậy nước ngoài, miễn là có chứng thư chữ ký số quốc gia.",Tính hợp lệ của chữ ký số chỉ cần đảm bảo khi giao dịch quốc tế; giao dịch trong nước không bắt buộc tuân thủ các tiêu chí này.,train_fix,1
Tác dụng bất lợi và chống chỉ định khi sử dụng thiết bị AirStart 10 ?,"Điều trị áp lực đường thở dương có thể được chống chỉ định ở một số bệnh nhân có các bệnh lý từ trước dưới đây:
bệnh kén khí phổi nặng
tràn khí màng phổi
huyết áp thấp bệnh lý
mất nước
rò rỉ dịch não tủy, phẫu thuật sọ não gần đây hoặc chấn thương.     
Tác dụng bất lợi
Quý vị nên báo cáo cho bác sĩ kê đơn của mình nếu bị đau ngực bất thường, đau đầu dữ dội hoặc khó thở tăng dần. Có thể phải tạm thời ngừng điều trị nếu bệnh nhân bị nhiễm trùng cấp tính đường hô hấp trên.","Điều trị áp lực đường thở dương có thể được chống chỉ định ở một số bệnh nhân có các bệnh lý từ trước dưới đây:
bệnh kén khí phổi nặng
tràn khí màng phổi
huyết áp thấp bệnh lý
mất nước
 Tác dụng bất lợi
Quý vị nên báo cáo cho bác sĩ kê đơn của mình nếu bị đau ngực bất thường, đau đầu dữ dội hoặc khó thở tăng dần. Có thể phải tạm thời ngừng điều trị nếu bệnh nhân bị nhiễm trùng cấp tính đường hô hấp trên.","Điều trị áp lực đường thở dương có thể được chống chỉ định ở một số bệnh nhân có các bệnh lý từ trước dưới đây:
tràn khí màng phổi
huyết áp thấp bệnh lý
mất nước
 Tác dụng bất lợi
Quý vị nên báo cáo cho bác sĩ kê đơn của mình nếu bị đau ngực bất thường, đau đầu dữ dội hoặc khó thở tăng dần. Có thể phải tạm thời ngừng điều trị nếu bệnh nhân bị nhiễm trùng cấp tính đường hô hấp trên.","Điều trị áp lực đường thở dương có thể được chống chỉ định ở một số bệnh nhân có các bệnh lý từ trước dưới đây:
tràn khí màng phổi
huyết áp thấp bệnh lý
mất nước
 Tác dụng bất lợi
Quý vị nên tự ý sử dụng tiếp nếu bị đau ngực bất thường, đau đầu dữ dội hoặc khó thở tăng dần. ",train_fix,1
Đâu không phải khẳng định đúng về các đặc tính của thuật toán được đề cập trong tài liệu Public_049?,"Thuật toán phải rõ ràng, không nhập nhằng",Thuật toán không được chạy vô hạn,"Thuật toán phải được thiết kế đặc thù, chuyên sâu thay vì tổng quát","Thuật toán nên dễ hiểu, dễ cài đặt",train_fix,1
"Theo tài liệu Public_163, phiên bản TLS nào được sử dụng rộng rãi nhất?",1.0,1.1,1.2,1.3,train_fix,1
Thách thức lớn nhất để triển khai đại trà giao thông hydro?,Chi phí sản xuất và hạ tầng trạm nạp còn cao,Nhiệt độ thấp,Khó lưu trữ CO₂,Thiếu pin lithium,train_fix,1
Mô hình nào sử dụng self-attention để thay thế RNN trong hệ gợi ý tuần tự?,GRU4Rec,SASRec,BERT4Rec,LSTM,train_fix,1
"Trong Phụ lục II, tiêu chí nào xác định tính toàn vẹn của thông điệp dữ liệu đã ký số?",Chứng thư chữ ký số còn hiệu lực tại thời điểm ký,Mã băm của thông điệp dữ liệu trùng khớp với mã băm giải mã chữ ký,Xác thực thông tin chủ thể ký,Kiểm tra chứng thư số còn hoạt động tại thời điểm ký,train_fix,1
"Giải thích nguyên lý pin nhiên liệu hydro và ứng dụng trong giao thông, đồng thời nêu lợi ích và thách thức hạ tầng.","H₂ + O₂ → điện + nước; ưu điểm: mật độ năng lượng cao, nạp nhanh, không CO₂; ứng dụng: xe hơi, xe tải, tàu biển, hàng không; thách thức: chi phí hydro xanh, hạ tầng trạm nạp, an toàn rò rỉ","Chỉ dùng trong phòng thí nghiệm, không áp dụng giao thông",Phát thải CO₂ nhiều như xăng,"Nạp chậm, hiệu suất thấp hơn pin lithium-ion",train_fix,1
"Cơ quan kiểm tra nhà nước về chất lượng sản phẩm, hàng hóa vật liệu xây dựng ở địa phương là đơn vị nào?",Sở Công Thương.,Sở Xây dựng,Bộ Tài chính.,Ủy ban nhân dân tỉnh.,train_fix,1
"Theo tài liệu Public_058, đâu là một tên gọi khác của kiểm thử chức năng?",Kiểm thử hộp màu,Kiểm thử hộp đen,Kiểm thử hộp trắng,Kiểm thử hộp xám,train_fix,1
Nội dung chính của văn bản Public_263 là gì?,"Mô tả và phân tích yêu cầu cho hệ thống web quản lí đăng kí học tín chỉ của trường đại học: xây dựng từ khóa miền, mô tả chức năng theo vai trò, quy tắc nghiệp vụ, đối tượng dữ liệu và quan hệ giữa chúng.","Hướng dẫn triển khai hạ tầng bảo mật (Firewall, IDS/IPS, VPN) cho hệ thống đăng kí tín chỉ.","Quy định học phí, miễn giảm và quy trình thu – nộp theo học kì.",Tài liệu hướng dẫn sử dụng giao diện cho sinh viên và giảng viên.,train_fix,1
"Theo số liệu trong tài liệu, đến nay ngành giáo dục đã số hóa dữ liệu của khoảng bao nhiêu giáo viên và học sinh?","0,5 triệu giáo viên, 10 triệu học sinh","0,8 triệu giáo viên, 15 triệu học sinh","1,0 triệu giáo viên, 20 triệu học sinh","1,4 triệu giáo viên, 23 triệu học sinh",train_fix,1
"Theo tài liệu Public_069, những đặc điểm quan trọng nào của dữ liệu chuỗi thời gian cần được xem xét trong việc dự báo?",Có nhiều biến phân loại,Được thu thập từ nhiều nguồn không đồng bộ,Tính phụ thuộc thời gian — giá trị hiện tại phụ thuộc vào giá trị trước đó,Được lưu trữ ở định dạng cột,train_fix,1
"Nếu dữ liệu chuỗi thời gian từ nhiều cảm biến tương quan với nhau được nhóm lại và nén (multi-series group compression), lợi ích nào có thể có được?","Giảm dung lượng lưu trữ, tăng tốc truy vấn",Tăng chi phí tính toán,Giảm độ chính xác vì mất thông tin chi tiết,Không ảnh hưởng vì các chuỗi không liên quan,train_fix,1
Mục tiêu của tấn công DoS là gì?,Ngăn người dùng hợp pháp truy cập,Đánh cắp dữ liệu,Tăng tốc độ hệ thống, Tạo bản sao lưu,train_fix,1
"Theo tài liệu Public_002, học phần Bảo mật Web trang bị kiến thức về bộ rủi ro phổ biến nào?",OWASP Top 10,IEEE 802.11,ISO/IEC 27001,NIST Cybersecurity Framework,train_fix,1
"Với hash `0160375e19e606d06f672be6e43f70fa70093d2a30031affd2929a5c446d07c1`, URL nào đã được tệp tương ứng truy cập vào ngày 03-08-2022?",https[:]//professional-opps[.]org/lkjob.docx,https[:]//jobmarketinsights[.]info/lk_job_openings.docx,https[:]//markettrendingcenter[.]com/lk_job_oppor.docx,https[:]//careerupdatenews[.]net/lj_job_offer.docx,train_fix,1
Đâu là cấu trúc heap ta nên dùng nếu muốn sắp xếp mảng giảm dần?,Min-heap,Max-heap,Avg-heap,Mean-heap,train_fix,1
Cảm biến nào cung cấp bản đồ 3D chính xác cho xe tự hành?,Camera RGB,LiDAR,Siêu âm,IMU,train_fix,1
"Theo tài liệu Public_036, có bao nhiêu loại bài toán segmentation và đó là những loại nào?",Hai. Meaning segmentation và object segmentation,"Ba. Semantic segmentation, syntax segmentation và instance segmentation",Hai. Semantic segmentation và instance segmentation,Hai. Subjective segmentation và objective segmentation,train_fix,1
Quy chuẩn trong tài liệu Public_284 không áp dụng cho loại hàng hóa nào sau đây?,Hàng hóa vật liệu xây dựng sản xuất trong nước.,"Hàng hóa vật liệu xây dựng nhập khẩu để nghiên cứu, thử nghiệm.",Hàng hóa vật liệu xây dựng nhập khẩu để kinh doanh tại Việt Nam.,Hàng hóa vật liệu xây dựng sử dụng trong các công trình xây dựng.,train_fix,1
"Transactional outbox pattern lưu message ở đâu, và thành phần nào chịu trách nhiệm đọc & publish message đó?",Lưu ở cache memory; consumer chịu trách nhiệm publish,Lưu ở outbox_table; relay publisher chịu trách nhiệm publish,Lưu ở broker topic; service chính publish trực tiếp,Lưu ở file log; background worker publish,train_fix,1
Nội dung chính của tài liệu Public_115 đề xuất điều gì?,Giới thiệu mạng CNN truyền thống cho xử lý ảnh sáng yếu,Trình bày cách dùng HSV để cải thiện chất lượng ảnh,Đề xuất không gian màu HVI và mạng CIDNet để nâng cao chất lượng ảnh ánh sáng yếu,Thảo luận về cảm biến camera trong môi trường ánh sáng yếu,train_fix,1
"Theo tài liệu Public_035, điều gì xảy ra nếu learning rate quá nhỏ?",Thuật toán hoạt động bình thường,Hàm số không hội tụ,Hàm số hội tụ rất chậm,Hàm số hội tụ rất nhanh,train_fix,1
Một mạch có điện áp 12V và điện trở 6Ω. Hãy tính dòng điện chạy qua mạch theo định luật Ohm.,2A,4A,6A,12A,train_fix,1
"Trong heap, chỉ số node con trái và phải của node x lần lượt là? (node gốc có chỉ số 0)","2i, 2i + 1","2i, 2i + 2","2i + 1, 2i + 2","2i, 3i",train_fix,1
"Làm thế nào để áp dụng thuật toán quay lui để duyệt hoặc sinh ra một số tập con K phần tử cụ thể, thay vì duyệt toàn bộ các tập con K phần tử?",Không,Có,Tùy tình huống,,train_fix,1
Nội dung chính của phần “Giới thiệu về điện” trong tài liệu Public_033 là gì?,Lịch sử các phát minh trong lĩnh vực điện,"Khái niệm nguyên tử, electron tự do, sự hình thành dòng điện và ba đặc tính cơ bản của điện",Các định luật về từ trường,Các ứng dụng hiện đại của điện,train_fix,1
"Theo tài liệu Public_010, nếu một phòng xét nghiệm thiết lập cấu trúc quản lý 5 mục tiêu và mỗi mục tiêu yêu cầu số hành động cải tiến tối thiểu theo quy định của tài liệu, tổng số hành động tối thiểu là bao nhiêu?",5,10,15,20,train_fix,1
"Dựa trên tài liệu Public_051, khái niệm nào không thuộc về thuật toán sinh?",Cấu hình khởi đầu,Cấu hình kết thúc,Thuật toán chuyển cấu hình tất định,Cấu hình tối ưu,train_fix,1
Ưu điểm và nhược điểm chính của RNN là gì?,"Ưu: Xử lý song song, Nhược: Mất thông tin ngắn hạn","Ưu: Mô hình nhỏ gọn, Nhược: Tốn bộ nhớ","Ưu: Ghi nhớ dài hạn, Nhược: Quá nhiều tham số","Ưu: Xử lý chuỗi dài khác nhau, Nhược: Vanishing gradient, chậm, khó song song hóa",train_fix,1
"Từ các dạng tấn công (SYN Flood, Smurf, DDoS, giả mạo địa chỉ, nghe lén) được mô tả trong tài liệu Public_154, hãy rút ra nhận định tổng quan về đặc điểm của các tấn công từ chối dịch vụ và tấn công mạng.",Thường dựa vào một lỗi phần cứng cố định nên có thể loại bỏ triệt để bằng thay thế thiết bị,"Chỉ xuất hiện trên mạng LAN, hầu như không ảnh hưởng đến mạng diện rộng","
Chủ yếu gây mất dữ liệu vĩnh viễn, ít khi làm gián đoạn dịch vụ "," Khó phòng chống hoàn toàn, thường phải kết hợp nhiều biện pháp khác nhau và có thể ảnh hưởng đến hiệu năng hệ thống ",train_fix,1
"Giải thích cấu trúc, nguyên lý và ứng dụng siêu vật liệu trong điều khiển sóng điện từ và mạng 6G.","Unit cell nhỏ hơn bước sóng, khúc xạ âm, metasurface tái cấu hình, tăng tốc terabit/giây, RIS tăng phủ sóng, bảo mật tín hiệu","Siêu vật liệu chỉ để cách âm, không liên quan sóng điện từ",6G không cần siêu vật liệu,Ứng dụng duy nhất là kính tiềm vọng quang học,train_fix,1
"Theo tài liệu Public_069, chuỗi thời gian được lưu trữ hiệu quả thường sử dụng hệ thống hoặc định dạng nào?",Relational database thông thường,File văn bản CSV không nén,Không định dạng timestamp chính xác,"Time Series Database (TSDB) hoặc định dạng columnar, hỗ trợ nén và xử lý hiệu quả",train_fix,1
Mạng máy tính được phân loại theo những tiêu chí nào và Internet ban đầu ra đời từ mục đích gì?,Mạng được phân loại theo quan hệ giữa các máy và theo quy mô địa lý; Internet ban đầu ra đời từ mục đích quân sự của Bộ Quốc phòng Mỹ,Mạng được phân loại theo tốc độ và dung lượng; Internet ban đầu ra đời để phục vụ thương mại điện tử,Mạng được phân loại theo số lượng người dùng và chi phí; Internet ban đầu ra đời để phục vụ cho các công ty công nghệ,Mạng được phân loại theo loại đường truyền và phần mềm; Internet ban đầu ra đời để phục vụ giáo dục phổ thôngComplete,train_fix,1
Nội dung chính của tài liệu là gì?,Giới thiệu lịch sử phát triển ngành CNTT,"Mô tả vắn tắt nội dung và khối lượng các học phần bắt buộc, cơ sở và chuyên ngành trong chương trình đào tạo CNTT",Phân tích xu hướng việc làm CNTT,Đề xuất cải tiến phương pháp giảng dạy CNTT,train_fix,1
"Nếu phải tóm tắt toàn bộ nội dung tài liệu “Sử dụng công cụ AI thiết kế học liệu điện tử” trong một câu, ý nào phản ánh đúng nhất?","Tài liệu nhấn mạnh tiềm năng, lợi ích, thách thức và quy trình áp dụng AI vào thiết kế học liệu điện tử nhằm nâng cao hiệu quả giáo dục kỹ năng sống.",Tài liệu mô tả sự phát triển phần mềm AI trong lĩnh vực công nghiệp quốc phòng.,Tài liệu chỉ tập trung vào lịch sử hình thành học liệu truyền thống.,Tài liệu khẳng định AI có thể thay thế hoàn toàn vai trò giáo viên.,train_fix,1
Độ dài khóa tối thiểu của thuật toán RSA theo quy định là bao nhiêu bit?,1024 bit,2048 bit,4096 bit,512 bit,train_fix,1
Thuật ngữ “Tin học” (Informatics) lần đầu tiên được đề xuất bởi ai?,Philippe Dreyfus,Karl Steinbuch,Walter F. Bauer,Alan Turing,train_fix,1
"Trong bài toán N quân hậu, quân hậu ở hàng thứ i phải thỏa mãn điều gì?",Không trùng cột với các quân hậu còn lại,Không cùng đường chéo xuôi với các quân hậu còn lại,Không cùng đường chéo ngược với các quân hậu còn lại,Cả ba tiêu chí trên,train_fix,1
Những yếu tố nào theo văn bản trực tiếp góp phần rút ngắn thời gian phát triển khi dùng Flutter (chọn mọi đáp án phù hợp)?,Viết một mã nguồn duy nhất (single code-base) để triển khai trên nhiều nền tảng,Tính năng Hot Reload cho phép thấy kết quả tức thì khi chỉnh sửa mã,"Kích thước tệp ứng dụng nhỏ, giúp giảm thời gian khởi động","Các widget tích hợp sẵn, phong phú và dễ dùng",train_fix,3
Nội dung chính của bài báo nghiên cứu Public_001 về IoT trong xây dựng nhà thông minh là gì?,Giới thiệu các ứng dụng cụ thể của điện toán đám mây,Phân tích lợi ích và chi phí triển khai hệ thống cảm biến,Phân loại và đánh giá nghiên cứu IoT ứng dụng nhà thông minh trong 10 năm qua,Trình bày chi tiết về công nghệ vi mạch trong IoT,train_fix,1
"Theo hướng dẫn về kiểm soát hồ sơ, phòng xét nghiệm phải đảm bảo điều gì khi sửa đổi hồ sơ?","Các sửa đổi phải có khả năng truy nguyên đến phiên bản trước hoặc các quan sát ban đầu, bao gồm ngày, giờ, nội dung thay đổi và nhân viên thực hiện","Chỉ cần lưu trữ phiên bản mới của hồ sơ, không cần lưu dữ liệu gốc","Chỉ cần lưu ngày và giờ của phiên bản mới, không cần thông tin về thay đổi",Không cần lưu hồ sơ nếu chỉ là sửa đổi nhỏ,train_fix,1
Kubernetes được Google mở mã nguồn từ khi nào?,2000,2010,2014,2025,train_fix,1
Hợp chất nào đã cho thấy siêu dẫn gần nhiệt độ phòng khi nén áp suất cao?,Silicon-carbide,Đồng-oxit,Hydride giàu hydro,Thép carbon,train_fix,1
Nội dung chính của chương 1 trong tài liệu `Public_026` là gì?,Giới thiệu lịch sử ngành dệt may,"Trình bày khái niệm, phân loại và tính chất cơ bản của xơ, sợi và sản phẩm dệt",Phương pháp gia công vải dệt kim,Quy trình nhuộm và in vải,train_fix,1
Bộ nhớ nào lưu trữ chương trình hệ thống và không bị mất dữ liệu khi tắt máy?,ROM,RAM,Cache,Thanh ghi,train_fix,1
Độ phức tạp nhỏ nhất của Insertion Sort là?,O(N^2),O(N),O(NlogN),O(sqrt(N)),train_fix,1
"Trình bày kiến trúc HPC và vai trò trong mô phỏng khí hậu, dự báo thời tiết cực đoan, nêu công nghệ hỗ trợ.","Kiến trúc: hàng chục nghìn CPU/GPU, InfiniBand, domain decomposition, Navier–Stokes; ứng dụng: dự báo khí hậu 100 năm, cảnh báo bão/lũ, theo dõi cháy rừng; công nghệ: GPU, ML+HPC, cloud-hybrid, lưu trữ petabyte; lợi ích: tăng độ chính xác, giảm thời gian tính toán.","HPC chỉ là cụm máy chủ nhỏ, không hỗ trợ dự báo khí hậu.",Chỉ dùng CPU đơn lẻ; không cần domain decomposition.,"HPC chỉ áp dụng cho AI, không liên quan mô phỏng khí hậu.",train_fix,1
"Nếu DoS kéo dài mà không phòng chống, nó có thể gây ra những hậu quả cụ thể nào?","Mất doanh thu, gián đoạn, thất thoát dữ liệu","Người dùng, công ty vẫn không có vấn đề gì",Người dùng tự rời đi không thiệt hại,Công ty mất tiền chuộc lại hệ thống,train_fix,1
"Theo tài liệu Public_199, đâu là thách thức và cơ hội lớn nhất của Mô hình Ngôn ngữ Lớn (MTLT) lần lượt?",Thách thức: độ ổn định qubit và độ chính xác kết quả; Cơ hội: giải quyết các bài toán phức tạp mà MTTT không thể.,Thách thức: thiếu nguồn điện; Cơ hội: thay thế hoàn toàn trí tuệ con người.,Thách thức: chi phí đào tạo nhân lực; Cơ hội: giảm nhu cầu nghiên cứu khoa học.,Thách thức: thiếu chip silicon; Cơ hội: chỉ áp dụng trong quân sự.,train_fix,1
Gói tin [SYN] trong quá trình bắt tay ba bước của TCP có ý nghĩa gì?,"Yêu cầu đồng bộ, khởi tạo kết nối từ client đến server",Xác nhận server đã nhận dữ liệu.,Hủy kết nối hiện tại.,Truyền dữ liệu HTTP đến web server.,train_fix,1
"Trong ngữ cảnh của tài liệu Public_055, kết quả trả về cụ thể (ví dụ: mã trạng thái, cấu trúc dữ liệu, giá trị) khi tìm kiếm 'thấy' và 'không thấy' một mục lần lượt là gì?",1 và 0,1 và -1,Chỉ số phần tử cần tìm và -1,Chỉ số phần tử cần tìm và 0,train_fix,1
"Hãy xác định (i) năm xuất hiện khái niệm mã hóa khóa bất đối xứng, và (ii) tên của hai nhà khoa học đề xuất nó.", Năm 1976; Ronald Rivest và Adi Shamir,Năm 1977; Leonard Adleman và Martin Hellman,"
Năm 2000; Ronald Rivest và Leonard Adleman",Năm 1976; Whitfield Diffie và Martin Hellman ,train_fix,1
Công ty nào công bố pin natri-ion thương mại đầu tiên?,Tesla,Samsung SDI,Panasonic,CATL,train_fix,1
"Theo tài liệu Public_198, AI mang lại những lợi ích gì trong lĩnh vực nông nghiệp và môi trường, và đâu là những thách thức chính khi áp dụng công nghệ này?","Lợi ích: phát hiện gian lận thực phẩm, quản lý đất bằng kỹ thuật đồng vị; Thách thức: khác biệt trong lấy mẫu và chuẩn hóa dữ liệu",Lợi ích: giảm nhu cầu nghiên cứu đồng vị; Thách thức: dư thừa dữ liệu nên không cần AI.,Lợi ích: tự động thay thế lao động nông dân; Thách thức: thiếu đất canh tác.,Lợi ích: kiểm soát hoàn toàn khí hậu; Thách thức: chi phí phân bón cao.,train_fix,1
Ứng dụng nào nổi bật của chip neuromorphic trong y tế?,Giao diện não–máy (BCI) và cấy ghép thần kinh,Tăng tốc Wi-Fi,Phát sóng truyền hình,Blockchain,train_fix,1
"Theo đánh giá, hiện có bao nhiêu phần trăm dữ liệu không cấu trúc trong tổng lượng dữ liệu của loài người?",0.5,0.7,0.8,0.9,train_fix,1
"Theo Phụ lục III, phương thức kết nối đến Cổng dịch vụ chứng thực chữ ký số công cộng là gì?",GET,POST,PUT,DELETE,train_fix,1
Lợi ích xã hội quan trọng khi phát triển pin natri-ion?,"Giảm phụ thuộc vào lithium và cobalt, ổn định chuỗi cung ứng",Tăng giá thành năng lượng,Giảm tuổi thọ thiết bị,Tăng phát thải CO₂,train_fix,1
"Theo tài liệu Public_058, theo mô hình biểu đồ Venn, thiết kế kiểm chứng nên rơi vào miền nào nhiều nhất?",Miền 1,Miền 4,Miền 3,Miền 7,train_fix,1
"Nếu robot ở trạng thái st nhận phần thưởng tức thời rt = 5, hằng số chiết khấu γ = 0.9, và giá trị Q kỳ vọng của trạng thái kế tiếp là 10, thì giá trị cập nhật Q mới theo Q-Learning sẽ là bao nhiêu (giả sử Q cũ = 0)?",5,14,15,9,train_fix,1
Các thuật ngữ thường dùng của MongoDB,"_ID, Document, Collection và Database",Collection và Database,_ID và Document,Chưa có thuật ngữ rõ ràng,train_fix,1
"Theo tài liệu Public_198, GNIP (Mạng lưới đồng vị trong lượng mưa toàn cầu) có vai trò gì trong ứng dụng AI kết hợp kỹ thuật hạt nhân?","Cung cấp bộ dữ liệu đồng vị toàn diện, hỗ trợ AI giải thích các mô hình thủy văn và biến đổi khí hậu.",Lưu trữ hồ sơ bệnh án y tế toàn cầu để AI phân tích.,Tạo ra mô phỏng plasma trong lò phản ứng nhiệt hạch.,Tự động kiểm soát bức xạ trong các cơ sở hạt nhân.,train_fix,1
"Trong bài toán Ngày kế tiếp, sự phân bố của những loại thực thể nào thường gây ra vấn đề, và liệu việc xác định một thực thể có phụ thuộc vào các thực thể khác không?",Ngày 31. Có,Tháng nhuận âm lịch. Có,Năm nhuận. Không,Ngày 30. Không,train_fix,1
"Trong bối cảnh dịch máy, đâu là cách hiểu ""sản phẩm trung gian"" phù hợp với seq2seq?",Đặc trưng của những từ gần cuối câu,Tổng hợp tần suất các từ trong câu input,Tổng trọng số các embedding của từ trong câu input,Ngữ nghĩa của câu đầu vào,train_fix,1
Các thành phần nào thuộc cơ chế Lighten Cross-Attention (LCA)?,Cross Residual Block và Edge Loss,Intensity Enhance Layer và Gradient Block,Color Denoise Layer và Perceptual Loss,"Cross Attention Block, Intensity Enhance Layer, Color Denoise Layer",train_fix,1
Cổng nào trong GRU quyết định mức độ ảnh hưởng của trạng thái trước đó lên trạng thái mới?,Cổng cập nhật (update gate),Cổng đầu vào (input gate),Cổng xoá bỏ (reset gate),Cổng đầu ra (output gate),train_fix,1
Điểm chung của các chuẩn đo lường cơ bản trong hệ SI là:,"Được chọn dựa trên các hiện tượng tự nhiên ổn định, tái tạo được ở mọi nơi","Phụ thuộc vào điều kiện địa phương (kinh tuyến, vĩ độ)",Do mỗi quốc gia tự quy định,Chỉ áp dụng cho các thí nghiệm trong phòng thí nghiệm,train_fix,1
Mô tả chi tiết ưu điểm của Kafka về tính mã nguồn mở và khả năng xử lý dữ liệu lớn.,"1. Mã nguồn mở (Open-source): Apache Kafka là một dự án mã nguồn đóng, có nghĩa là mọi người đều không thể truy cập mã nguồn, sửa đổi và phát triển theo nhu cầu
2. Xử lý dữ liệu lớn (High-throughput): Kafka có khả năng xử lý một lượng lớn thông tin một cách liên tục mà gần như không cần thời gian chờ, giúp các ứng dụng có thể xử lý dữ liệu với tốc độ cao và đáp ứng được yêu cầu về hiệu suất.","1. Mã nguồn mở (Open-source): Apache Kafka là một dự án mã nguồn mở, có nghĩa là mọi người đều có thể truy cập mã nguồn, sửa đổi và phát triển theo nhu cầu của họ mà không cần phải lo lắng về các hạn chế cấp phép.
2. Xử lý dữ liệu lớn (High-throughput): Kafka có khả năng xử lý một lượng ít thông tin một cách ngắt quãng ","1. Mã nguồn mở (Open-source): Apache Kafka là một dự án mã nguồn mở, có nghĩa là mọi người đều không thể truy cập mã nguồn, sửa đổi và phát triển theo nhu cầu của họ
2. Xử lý dữ liệu lớn (High-throughput): Kafka có khả năng xử lý một lượng lớn thông tin một cách liên tục nhưng cần thời gian chờ","1. Mã nguồn mở (Open-source): Apache Kafka là một dự án mã nguồn mở, có nghĩa là mọi người đều có thể truy cập mã nguồn, sửa đổi và phát triển theo nhu cầu của họ mà không cần phải lo lắng về các hạn chế cấp phép.
2. Xử lý dữ liệu lớn (High-throughput): Kafka có khả năng xử lý một lượng lớn thông tin một cách liên tục mà gần như không cần thời gian chờ, giúp các ứng dụng có thể xử lý dữ liệu với tốc độ cao và đáp ứng được yêu cầu về hiệu suất.",train_fix,1
Nội dung chính của tài liệu Public_034 là gì?,Lịch sử phát triển của ngành quang điện tử,"Giới thiệu photodiode, phototransistor, optocoupler: cấu tạo, nguyên lý, ứng dụng",Các phương pháp sản xuất linh kiện bán dẫn,Hướng dẫn thực hành đo lường quang điện tử,train_fix,1
"Theo tài liệu Public_202, trong hai bộ phận là còi xe và vô lăng lái thì bộ phận nào có chức năng phát ra âm thanh báo hiệu cho người và phương tiện tham gia giao thông?",cả hai bộ phận,vô lăng lái,không bộ phận nào trong 2,còi xe,train_fix,1
"Theo khuyến nghị, dung lượng RAM tối thiểu để cài đặt Premiere Pro CC 2022 là bao nhiêu?",4 GB,8 GB,16 GB,64 GB,train_fix,1
Xu hướng nào giúp nhiều tổ chức cùng huấn luyện mô hình AI mà vẫn giữ bí mật dữ liệu hóa học?,Cloud AI,Federated Learning,Blockchain,Reinforcement Learning,train_fix,1
Mét được định nghĩa dựa trên hiện tượng nào và giây được định nghĩa dựa trên dao động của nguyên tử nào?,Bước sóng Kripton-86; nguyên tử Hydro,Quãng đường ánh sáng trong chân không; nguyên tử Cesium,Chiều dài kinh tuyến qua Paris; nguyên tử Oxy,Khoảng cách Trái đất – Mặt trăng; nguyên tử Carbon,train_fix,1
Mô tả chức năng và các bước sử dụng của công tắc đèn xe ô tô được trình bày trong tài liệu Public_202?,"công tắc đèn dùng để bật hoặc tắt các loại đèn trên xe ôtô, như đèn pha, cốt và các loại đèn chiếu sáng khác Xoay núm để bật công tắc đèn gồm 4 nấc + Nấc “1” : Tất cả các loại đèn đều tắt;
+ Nấc “2” : Bật sáng đèn cốt (đèn chiếu gần), các đèn khác (đèn kích thước, đèn hậu, đèn chiếu sáng bảng đồng hồ, v.v. . . );
+ Nấc “3” : Bật sáng đèn pha (đèn chiếu xa) và những đèn phụ nêu trên.
+ Nấc “4”: Bật chế độ đèn tự động (đèn tự động sáng nếu cảm biến cường độ ánh sáng cảm nhận được đến ngưỡng phải bật đèn).",để phát ra âm thanh và bấm là phát ra tiếng kêu,để điều khiển hướng xe chạy ,không có tác dụng,train_fix,1
Bước nào nêu rõ các tiêu chí và quy trình để lựa chọn công cụ kiểm thử phù hợp?,Xác định phạm vi,Lập kế hoạch,Lựa chọn công cụ,Viết kịch bản,train_fix,1
Tính chất đầy đủ của thuật toán BFS được hiểu như thế nào?,Thuật toán có thể tìm tất cả lời giải có thể,Thuật toán có thể tìm ra lời giải tối ưu nhất,Thuật toán có thể tìm ra lời giải kể cả với bài toán có kích cỡ vô hạn,"Nếu bài toán có lời giải, thuật toán đảm bảo sẽ tìm được lời giải",train_fix,1
"Trong giải thuật RSA, độ an toàn được dựa trên tính khó của bài toán nào?



", Phân tích số nguyên lớn,Rút gọn đa thức, Rời rạc modulo nhỏ,Giải hệ tuyến tính,train_fix,1
Một photodiode PIN cho dòng điện 1 µA trong điều kiện chiếu sáng phòng. Một phototransistor cùng điều kiện có dòng lớn hơn khoảng bao nhiêu lần?,2 lần,10 lần,50 lần,100 lần,train_fix,1
"Trong các giao thức con của SSL/TLS, giao thức nào đảm nhiệm việc tạo đường hầm an toàn để vận chuyển dữ liệu, đảm bảo tính bí mật và toàn vẹn?", SSL Alert Protocol,SSL Handshake Protocol,SSL Record Protocol ,SSL Change Cipher Spec Protocol,train_fix,1
Nhận định nào sau đây không đúng dựa trên nội dung của tài liệu Public_055?,Tìm kiếm Jumping rồi sẽ quay về tìm kiếm tuyến tính ở một bước nào đó,Tìm kiếm nội suy không hề giống tìm kiếm nhị phân,Tìm kiếm nhị phân tiến hành giảm kích thước khoảng đang tìm đi một nửa sau mỗi bước,Tìm kiếm tuyến tính là thuật toán tổng quát nhất,train_fix,1
GAN là viết tắt của?,Generative Adversarial Network,Graphic Adversarial Network,Graphic Artificial Network,Generative Artifical Network,train_fix,1
Thách thức chính khi dùng GNN trong khám phá vật liệu là gì?,Thiếu cơ sở dữ liệu chất lượng cao và cần xác thực thí nghiệm,GPU quá rẻ,Không cần mô phỏng,Dữ liệu dư thừa,train_fix,1
"Trong hệ đếm thập lục phân, ký tự “F” biểu diễn giá trị thập phân nào?",12,14,15,16,train_fix,1
Thuật toán tổng hợp trọng số phổ biến trong FL là gì?,Backpropagation,Gradient Clipping,Federated Averaging (FedAvg),Secure Hash,train_fix,1
Đâu không phải là đặc điểm của linked list?,"Tại một phần tử, có thể chuyển đến phần tử trước nó",Một phần tử có hai trường: thông tin và con trỏ đến phần tử kế tiếp,Giải quyết bất cập về việc cấp phát bộ nhớ của mảng (array),Là một kiểu dữ liệu trừu tượng (ADT - abstract data type),train_fix,1
Thành phần nào đóng vai trò đưa ra hành động trong DRL?,Environment,Reward,Agent,State,train_fix,1
Giá trị của đo độ Hamming Loss trong trường hợp lí tưởng bằng bao nhiêu?,0.5,0,1,Càng nhỏ càng tốt nhưng không được bằng 0,train_fix,1
Hệ thống chống sét theo TCVN 9385:2012 bao gồm mấy phần chính?,2,3,4,5,train_fix,1
Thành phần nào mô tả xác suất chuyển giữa các trạng thái ẩn trong HMM?,Ma trận chuyển trạng thái (A),Ma trận phát xạ (B),Phân phối xác suất ban đầu (π),Tập quan sát (O),train_fix,1
"Nếu kết nối Internet bị gián đoạn, hệ thống Edge sẽ phản ứng thế nào?",Vẫn tiếp tục hoạt động và xử lý cục bộ,Ngừng hoàn toàn,Chỉ gửi dữ liệu khi có mạng,Tự động chuyển sang 3G,train_fix,1
Một trình tối ưu linear regression ghi nhận cost function tăng. Hành động hợp lý tiếp theo là gì?,Thay đổi cost function,Không làm gì cả,Tăng learning rate,Giảm learning rate,train_fix,1
Vì sao phần mềm ký số và kiểm tra chữ ký số cần hỗ trợ dấu thời gian trên thông điệp dữ liệu?,Để tăng dung lượng của chứng thư chữ ký số.,"Để đảm bảo thời điểm ký được xác thực, phục vụ tính pháp lý và chống chối bỏ.",Để giúp người dùng dễ dàng sửa đổi dữ liệu sau khi ký.,Để tiết kiệm chi phí lưu trữ chứng thư số.,train_fix,1
Ứng dụng nào minh họa rõ nhất lợi ích của điện toán không gian trong y tế?,Phát nhạc trực tuyến,Tạo ảnh 2D,Phẫu thuật từ xa trong môi trường 3D,Đèn LED thông minh,train_fix,1
"Theo tài liệu Public_152, trong bảy vùng của hạ tầng CNTT, vùng nào được đề cập là có nhiều mối đe dọa và nguy cơ nhất?",Vùng LAN,",  Vùng WAN
",Vùng người dùng,Vùng máy trạm khả thi,train_fix,1
MAE loss còn có tên khác là gì,L1 loss,L2 loss,Hinge loss,Negative-log loss,train_fix,1
Zoiper được biết đến là loại phần mềm gì?,Phần mềm quản lý tài chính cá nhân,Phần mềm soạn thảo văn bản trực tuyến,Phần mềm softphone miễn phí hỗ trợ gọi điện qua Internet,Phần mềm chỉnh sửa âm thanh chuyên nghiệp,train_fix,1
Dung dịch khoan bentonite có vai trò chính gì trong thi công cọc khoan nhồi?,"Giữ ổn định thành hố khoan, ngăn sụt lở và đưa mùn khoan ra ngoài",Tăng khả năng chịu lực của bê tông,Làm phụ gia thay thế xi măng,Giảm độ nhớt của bê tông,train_fix,1
Chương Public_060 sẽ đi qua bao nhiêu ví dụ?,Một,Hai,Ba,Bốn,train_fix,1
Pooling layer của VGG16 có kích thước ra sao và hàm pool là?,"2 x 2, avg","3 x 3, max","2 x 2, max","3 x 3, avg",train_fix,1
"Nếu ảnh đầu vào có kích thước 32×32, bộ lọc 5×5, stride = 1, padding = 0, thì kích thước đầu ra là bao nhiêu?",30×30,28×28,27×27,25×25,train_fix,1
"Trong máy tính, mọi dữ liệu được biểu diễn dưới dạng gì và đơn vị thông tin nhỏ nhất là gì?",Dưới dạng chữ cái; đơn vị nhỏ nhất là byte,Dưới dạng nhị phân (chuỗi bit); đơn vị nhỏ nhất là bit,Dưới dạng số thập phân; đơn vị nhỏ nhất là ký tự,Dưới dạng tín hiệu tương tự; đơn vị nhỏ nhất là từ,train_fix,1
"Theo tài liệu, MD5 tạo chuỗi giá trị băm 128 bit, SHA1 tạo chuỗi 160 bit. Nếu một ứng dụng yêu cầu độ dài băm tối thiểu 160 bit để đảm bảo an toàn, hệ quả nào có thể xảy ra nếu vẫn sử dụng MD5 thay vì SHA1?",Vẫn đáp ứng yêu cầu vì MD5 và SHA1 đều là hàm băm một chiều,Có nguy cơ không đáp ứng yêu cầu an toàn do độ dài băm 128 bit thấp hơn chuẩn 160 bit ,Không có sự khác biệt vì đều dùng khối 512 bit làm đầu vào,"
MD5 sẽ tự động kéo dài độ dài băm để đủ 160 bit",train_fix,1
Giao diện của phần mềm softphone Zoiper được thiết kế như thế nào để người dùng cảm thấy quen thuộc khi sử dụng?,"Chỉ có màn hình nền đen với các dòng lệnh dạng text, khó thao tác","Tương tự điện thoại thông thường, có bàn phím số, danh bạ, nhật ký cuộc gọi và cho phép thêm, chỉnh sửa hoặc xóa liên lạc","Giao diện tối giản chỉ có một nút gọi và một nút kết thúc, không có tính năng khá","Hoàn toàn dựa vào cửa sổ cấu hình kỹ thuật, yêu cầu người dùng am hiểu hệ thống mạng",train_fix,1
"Theo tài liệu Public_038, khẳng định nào dưới đây là đúng với cơ chế attention?","Không có attention, mô hình vẫn nhớ được đầy đủ thông tin được đưa vào ban đầu",Attention sử dụng ánh xạ key-value làm cơ sở duy nhất để hoạt động,Attention giúp hình dung tốt hơn cách hoạt động của mô hình,Có duy nhất một hàm để tính attention score,train_fix,1
"Theo tài liệu, phát hiện bất thường có thể tạo ra nhiều báo động giả, còn phát hiện dựa trên chữ ký lại không phát hiện được tấn công chưa có mẫu. Nếu một tổ chức muốn giảm thiểu cả hai hạn chế này, giải pháp hợp lý nhất là gì?



",Chỉ dùng phát hiện bất thường để phát hiện tấn công mới, Chỉ dùng phát hiện dựa trên chữ ký để đảm bảo ít báo động giả, Kết hợp cả phát hiện bất thường và phát hiện dựa trên chữ ký trong cùng hệ thống,"Loại bỏ IDS, chỉ sử dụng IPS",train_fix,1
"Theo tài liệu Public_094, mô phỏng N-body chủ yếu tái hiện điều gì?",Chuyển động hành tinh,Địa chất Mặt Trăng,Tương tác hấp dẫn của hạt đại diện cho vật chất tối và thiên hà,Phản ứng hóa học trong khí quyển,train_fix,1
"Theo tài liệu `Public_057`, đồ thị bánh xe có bao nhiêu cạnh?",2n - 1,n^2,2n,n^2 + 1,train_fix,1
"Theo tài liệu, pgloader cho phép thực hiện những tác vụ nào, và pg-chameleon được dùng trong trường hợp nào?","Pgloader: ánh xạ kiểu dữ liệu, chọn bảng, quản lý schema; Pg-chameleon: dùng để đồng bộ hóa dữ liệu MySQL sang PostgreSQL gần real-time",Pgloader: tích hợp trực tiếp với Estuary Flow; Pg-chameleon: thay thế hoàn toàn PostgreSQL,Pgloader: backup dữ liệu MySQL; Pg-chameleon: chỉ xuất báo cáo CSV,Pgloader: quản lý người dùng PostgreSQL; Pg-chameleon: dùng để chạy query trên MySQL,train_fix,1
"Trong tài liệu Public_002, đối với đoạn liệt kê các học phần từ số 47 đến 81, nếu các học phần này được trải đều trên 7 trang, trung bình mỗi trang mô tả bao nhiêu học phần?",5,6,7,8,train_fix,1
Ưu điểm lớn của hydro so với pin lithium-ion cho xe tải đường dài?,Tốc độ chậm hơn,Dễ cháy,Giảm hiệu suất lạnh,Mật độ năng lượng cao và nạp nhiên liệu nhanh,train_fix,1
Thành phần nào trong kiến trúc 5G cho phép chia mạng thành nhiều “lát” phục vụ các dịch vụ khác nhau?,RAN truyền thống,Network Slicing trong 5G Core,Beamforming,MIMO,train_fix,1
Đâu là nhân tố đóng góp vào việc phát triển kiểm thử tự động,Kiểm thử được thực hiện thủ công,Yếu tố cạnh tranh trên thị trường,"Kiểm thử thủ công hao tốn tài lực, vật lực",Cả ba nhân tố đã nêu,train_fix,1
CPU gồm những bộ phận chính nào và bộ nhớ chính của máy tính được chia thành những loại nào?,"Khối điều khiển, bộ nhớ ngoài, bàn phím; chỉ RAM","Khối điều khiển, khối tính toán số học – logic, các thanh ghi; ROM và RAM","ALU, ổ đĩa cứng, USB; chỉ ROM","Bo mạch chủ, cache, màn hình; DVD và CD",train_fix,1
Sản phẩm phụ duy nhất của pin nhiên liệu hydro là gì?,CO₂,Nước tinh khiết,Methane,Nitơ,train_fix,1
"Thứ tự của quy trình kiểm tra mô hình? Sắp xếp các bước sau.
1. Sử dụng mô hình tạo ca kiểm thử
2. Chạy kịch bản kiểm thử
3. Đối chiếu kết quả kiểm thử
4. Đánh giá và phản hồi",2-1-3-4,1-2-3-4,2-3-4-1,4-1-2-3,train_fix,1
"Theo Microsoft, lỗ hổng bảo mật được phân loại theo mấy mức độ nghiêm trọng?", 2 mức,"
3 mức",4 mức ,5 mức ,train_fix,1
Tóm tắt các nội dung về truy vấn cơ sở dữ liệu.,"Văn bản nói về khái niệm truy vấn, các loại (Select, Insert, Update, Delete), ưu điểm của SQL, vai trò trong trích xuất, quản lý và phân tích dữ liệu để phục vụ ra quyết định.","Văn bản mô tả câu lệnh Select mà không có Insert, Update, Delete.",Văn bản nói đến vai trò phân tích dữ liệu mà không đề cập ưu điểm của SQL.,Văn bản giải thích truy vấn là gì,train_fix,1
"Nếu Windows XP quản lý cho phép đặt tên tập tin dài tối đa 255 ký tự, còn MS-DOS chỉ cho phép tối đa 8 ký tự, thì Windows XP dài hơn bao nhiêu ký tự?",120 ký tự,200 ký tự,247 ký tự,300 ký tự,train_fix,1
Điện toán biên giải quyết vấn đề độ trễ trong nhà máy thông minh như thế nào?,Tăng dung lượng lưu trữ,Giảm giá thành thiết bị,Độ trễ cao khi gửi dữ liệu về đám mây,Loại bỏ hoàn toàn nhu cầu mạng,train_fix,1
Nội dung chính của tài liệu là gì?,Trình bày chi tiết lịch sử phát triển máy tính,"Giới thiệu cấu trúc và chức năng CPU, các loại bộ nhớ, thiết bị vào-ra và hệ thống bus trong máy tính",Hướng dẫn cài đặt phần mềm hệ thống,Phân tích hệ điều hành Windows,train_fix,1
"Cho 5 đối tượng được xếp hạng tương ứng là A, C, E, D, B; một xếp hạng của đối tượng cần đánh giá là A, E, B, D, C. Tính chỉ số MAP (Mean Average Precision) theo công thức được cho trong tài liệu Public_121.",1/2,2/5,3/2,3/4,train_fix,1
"Theo tài liệu, hệ thống IDS hoạt động chủ yếu ở lớp nào trong mô hình OSI?



",Lớp Vật lý,Lớp Liên kết dữ liệu,Lớp Mạng ,Lớp Ứng dụng,train_fix,1
"Hãy xác định (i) công thức mối quan hệ giữa tấn công, mối đe dọa và lỗ hổng, và (ii) ví dụ một dạng tấn công theo mục đích.",A. Tấn công = Lỗ hổng – Mối đe dọa; Ví dụ: nghe trộm,Tấn công = Mối đe dọa + Lỗ hổng; Ví dụ: tấn công sửa đổi (Modifications) ,"
Tấn công = Mối đe dọa × Lỗ hổng; Ví dụ: giả mạo (Fabrications)",Tấn công = Mối đe dọa / Lỗ hổng; Ví dụ: gián điệp công nghiệp ,train_fix,1
Đồ thị được tạo thành bằng cách bổ sung một đỉnh nối với mọi đỉnh của đồ thị C_n được ký hiệu là?,W_n,K_n,S_n,C'_n,train_fix,1
"Theo tài liệu Public_254, giấu tin trong ảnh được định nghĩa như thế nào?",Kỹ thuật nén ảnh để giảm kích thước file mà vẫn giữ chất lượng.,Kỹ thuật mã hóa ảnh bằng thuật toán mật mã để chỉ người có khóa mới xem được nội dung ảnh,Kỹ thuật giấu tin mà trong đó thông tin sẽ được giấu trong dữ liệu ảnh,Kỹ thuật thay đổi kích thước hoặc định dạng ảnh để làm cho ảnh hiển thị tốt trên các thiết bị khác,train_fix,1
"Theo tài liệu Public_185, các loại báo cáo mà Jira cung cấp có đặc điểm chung nào?",Cho phép thống kê số lượng issue theo nhiều tiêu chí,"Chỉ hỗ trợ dạng bảng, không có biểu đồ",Chỉ cung cấp đúng 3 loại báo cáo mặc định,Không thể hiển thị số lượng issue theo thời gian,train_fix,1
"Nếu có 4 worker trong thiết kế phân tán, mỗi worker tính được gradient ∇L(θ)i\nabla L(\theta)_i. Khi dùng cơ chế trung bình, gradient tổng hợp sẽ được tính như thế nào?",∇L(θ)=∑∇L(θ)i\nabla L(\theta) = \sum \nabla L(\theta)_i,∇L(θ)=∇L(θ)1\nabla L(\theta) = \nabla L(\theta)_1,∇L(θ)=max⁡(∇L(θ)i)\nabla L(\theta) = \max(\nabla L(\theta)_i),∇L(θ)=∑∇L(θ)i4\nabla L(\theta) = \frac{\sum \nabla L(\theta)_i}{4},train_fix,1
"Theo tài liệu, số vòng lặp xử lý trong giải thuật AES khi sử dụng khóa 192 bit là bao nhiêu?
",10 vòng,12 vòng ,"
14 vòng", 16 vòng ,train_fix,1
Mục đích chính của quá trình ETL trong quản lý dữ liệu là gì?,Lưu trữ dữ liệu ở dạng thô trong máy tính cá nhân,Chuẩn bị và hợp nhất dữ liệu từ nhiều nguồn để phục vụ phân tích và ứng dụng,Tự động gửi email báo cáo cho khách hàng định kỳ,Tăng tốc độ xử lý đồ họa trên nền tảng phần mềm,train_fix,1
"Mô tả các thành phần cảm biến, thuật toán và thách thức của hệ thống thị giác máy tính thế hệ tiếp theo cho xe tự hành.","Thành phần: camera RGB/IR, LiDAR, radar mmWave, sensor fusion; thuật toán: CNN, RNN, object detection, semantic segmentation, tracking; thách thức: môi trường đa dạng, thời tiết khắc nghiệt, ánh sáng yếu; ứng dụng: điều khiển cao tốc, đỗ xe tự động, phẫu thuật robot từ xa.",Chỉ cần camera đơn; thuật toán đơn giản; không cần sensor fusion.,LiDAR thay thế hoàn toàn camera; thuật toán chỉ cần RNN.,"Hệ thống chỉ phát hiện vật thể tĩnh, không theo dõi chuyển động.",train_fix,1
"Nếu kẻ tấn công đã thành công dump được thông tin từ LSASS và có được hash NTLM, bước tiếp theo hợp lý nhất để mở rộng trong mạng nội bộ là gì?",Triển khai DDoS ra ngoài Internet,Ngắt kết nối hệ thống để tránh bị phát hiện,Xóa log hệ thống ngay lập tức,Dùng hash đó để thử đăng nhập vào nhiều máy khác (lateral movement),train_fix,1
Đâu là công thức của sigmoid?,1/exp(-z),exp(z),1/(1 + exp(-z)),1 - 1/(1 + exp(z)),train_fix,1
"Theo tài liệu Public_113, ý tưởng cốt lõi của RNN là gì?",RNN sử dụng nhiều tầng nơ-ron độc lập,RNN dùng vòng lặp để lưu thông tin từ bước trước,RNN không cần trạng thái ẩn,RNN chỉ xử lý dữ liệu dạng hình ảnh,train_fix,1
Có mấy bước cài đặt Driver Nvidia sử dụng Repository chuẩn theo phương pháp cài đặt qua dòng lệnh,2,3,4,5,train_fix,1
"Trong tài liệu Public_172, phần “Tính năng của Adobe Premiere Pro CC 2022” chủ yếu đề cập đến điều gì?",Các công cụ và tính năng giúp chỉnh sửa video chuyên nghiệp,Lịch sử phát triển của Adobe,Quy trình cài đặt phần mềm,Cấu hình máy tính tối thiểu,train_fix,1
Bước đầu tiên của quá trình khởi tạo phiên làm việc giữa SSL Client và SSL Server là gì,"Nhận được yêu cầu, SSL Client kiểm tra chứng chỉ máy chủ và kiểm tra các tham số mã hóa. Hai bên thống nhất sử dụng các bộ mã hóa tốt nhất cùng hỗ trợ cho phiên làm việc. Nếu chứng chỉ máy chủ không hợp lệ quá trình quá trình khởi tạo phiên kết thúc không thành công. Nếu chứng chỉ máy chủ hợp lệ tiếp tục bước tiếp theo","Trao đổi khóa máy khách (Client key exchange). SSL Client sinh khóa phiên (hoặc các tham số mã hóa cho phiên), mã hóa khóa phiên sử dụng khóa công khai của SSL Server lấy từ chứng chỉ máy chủ và gửi cho SSL Server",SSL Client gửi thông điệp “client hello” và thông tin mã hóa (Cryptographic information) đến SSL Server,"SSL Server gửi thông điệp “server hello”, các bộ mã hóa hỗ trợ (CipherSuite) và chứng chỉ máy chủ (Server certificate) đến SSL Client. SSL Server cũng có thể gửi yêu cầu máy khách cung cấp chứng chỉ máy khách (Client certificate) nếu cần thiết",train_fix,1
"Trong case notification-service, nếu chỉ có một relay publisher chung cho tất cả channel (sms, email, voice call) thay vì tách riêng, rủi ro lớn nhất là gì?",Không thể lưu message vào outbox_table,Tăng độ trễ và khó scale khi thêm kênh mới,Không thể retry khi publish fail,Không thể đảm bảo atomic với business data,train_fix,1
Đâu không phải một ví dụ duyệt được thực hiện bởi quay lui?,Duyệt xâu nhị phân,Duyệt tập con,Duyệt hoán vị,Duyệt từ đầu đến cuối mảng,train_fix,1
"Theo tài liệu Public_045, điểm chung của Transfer learning và data augmentation là gì?",Tận dụng mô hình có sẵn,Áp dụng cho tình trạng khan hiếm dữ liệu,Chi phí đắt đỏ,"Không có điểm chung, là hai phương án độc lập rời rạc",train_fix,1
Các giai đoạn phát triển phần mềm,"• Giai đoạn phát triển (development) bao gồm phần việc của UI designer, developer, QA/QC…
• Giai đoạn vận hành (operations) có sự tham gia của system engineer, system administrator, operation executive, release engineer, DBA, network engineer,…
","• Giai đoạn tranh luận: đưa ra ý tưởng phát triển sản phẩm
• Giai đoạn thiết kế sản phẩm","• Giai đoạn lên ý tưởng
• Giai đoạn thuê ngoài phát triển","• Giai đoạn phát triển (development) bao gồm phần việc của UI designer, developer, QA/QC…
• Giai đoạn bàn giao cho khách hàng",train_fix,1
Đặc điểm của một vector không phải là one-hot encoding là gì?,"[0, 0, 1, 0]","[1, 0, 1, 1]","[1, 0, 0, 0]","[0, 1, 0, 0]",train_fix,1
Thách thức lớn nhất của Sao Hỏa khiến nước khó tồn tại ở dạng lỏng?,Nhiệt độ cao,Áp suất khí quyển cực thấp,Từ trường mạnh,Lõi hành tinh nóng,train_fix,1
Tóm tắt các nội dung chính của văn bản Public_182 về tấn công DoS/DDoS.,"Văn bản giải thích khái niệm DoS/DDoS, cơ chế hoạt động, các loại (SYN Flood, HTTP Flood, Smurf, Ping Flood), hậu quả (ngừng dịch vụ, mất uy tín, thiệt hại kinh tế) và sự khác biệt giữa DoS và DDoS","Văn bản giải thích khái niệm DoS mà không đề cập DDoS hay các loại hình tấn công.
", Văn bản liệt kê các loại tấn công mà không phân tích hậu quả hay sự khác biệt.,"Văn bản giải thích khái niệm DoS/DDoS, cơ chế hoạt động, các loại (SYN Flood, HTTP Flood, Smurf, Ping Flood), hậu quả (ngừng dịch vụ, mất uy tín, thiệt hại kinh tế)",train_fix,1
"Theo TCVN 9379:2012, tính toán kết cấu bê tông và bê tông cốt thép cần được thực hiện theo những trạng thái giới hạn nào và phải đảm bảo điều gì trong suốt thời hạn sử dụng công trình?",Trạng thái giới hạn thứ nhất và thứ hai; đảm bảo độ tin cậy của công trình,Chỉ trạng thái giới hạn thứ nhất; đảm bảo hình thành vết nứt nhỏ,Trạng thái giới hạn thứ hai và tải trọng tiêu chuẩn; đảm bảo không có biến dạng,Trạng thái giới hạn về biến dạng; đảm bảo không xuất hiện ứng suất trước,train_fix,1
Tóm tắt cách tạo bảng 'Cán bộ quản lý mới' theo hướng dẫn trong tài liệu Public_190.,"CREATE ROW Manager (
     id NUMBER PRIMARY KEY,
     first_name VARCHAR2(50),
     last_name VARCHAR2(50),
     salary NUMBER 
);","BALTER TABLE Manager
     ADD department VARCHAR2(50);","CREATE TABLE Manager (
     id NUMBER PRIMARY KEY,
     first_name VARCHAR2(50),
     last_name VARCHAR2(50),
     salary NUMBER 
);","CREATE TABLE Manager (
     id NUMBER,
     first_name VARCHAR2(50),
     last_name VARCHAR2(50),
     salary NUMBER 
);",train_fix,1
Hạn chế chính của siêu tụ điện so với pin lithium-ion là gì?,Không thể sạc nhanh,Mật độ năng lượng thấp hơn,Dễ cháy nổ,Tuổi thọ ngắn,train_fix,1
Vật liệu dệt là gì? Và chúng được phân loại chủ yếu dựa theo tiêu chí nào?,Là ngành sản xuất quần áo; phân loại theo mục đích sử dụng,Là ngành nghiên cứu may mặc; phân loại theo màu sắc và hình dạng,Là ngành công nghiệp bao bì; phân loại theo kích thước và độ bền,Là ngành dệt len tơ tằm; phân loại theo nguồn gốc địa lý,train_fix,1
"Theo tài liệu Public_198, AI đã góp phần cải thiện hiệu quả điều trị ung thư trong lĩnh vực y tế bằng cách nào?",Tự động loại bỏ hoàn toàn nhu cầu xạ trị.,"Hỗ trợ cải thiện hình ảnh chẩn đoán, lập kế hoạch điều trị chính xác và dự đoán diễn biến bệnh",Thay thế hoàn toàn bác sĩ trong quyết định lâm sàng.,Chỉ phân tích dữ liệu gen mà không liên quan đến hình ảnh y khoa.,train_fix,1
Mục tiêu chính của phương pháp dual illumination estimation được trình bày trong tài liệu Public_122 là gì?,Tăng độ sắc nét ảnh,Hiệu chỉnh phơi sáng thích ứng trong điều kiện ánh sáng phức tạp,Giảm dung lượng ảnh,Chuyển đổi ảnh sang thang xám,train_fix,1
"Có 2 chiến dịch liên quan đến Operation Dream Job. Một là Operation North Star, cái còn lại là gì?",Operation Silver Dawn,Operation Nightfall,Operation Interception,Operation Echo Storm,train_fix,1
Ưu điểm nổi bật nhất của Edge Computing so với Cloud Computing truyền thống là gì?,Bảo mật tuyệt đối 100%,"Xử lý dữ liệu gần nguồn phát sinh, giảm độ trễ",Loại bỏ nhu cầu AI,Giảm kích thước cảm biến,train_fix,1
CIFAR-10 và Fashion-MNIST có bao nhiêu lớp (classes)?,32 x 32 x 3 và 28 x 28 x 1,32 x 32 x 1 và 28 x 28 x 3,28 x 28 x 1 và 32 x 32 x 3,28 x 28 x 3 và 32 x 32 x 1,train_fix,1
"Sử dụng công thức quy đổi RGB sang ảnh xám (p = 0.299 * r + 0.587 * g + 0.114 * b, làm tròn tới hàng đơn vị) được đề cập trong tài liệu Public_043, hãy xác định giá trị pixel ảnh xám ứng với pixel ảnh RGB (100, 10, 1).",36,35,37,34,train_fix,1
"Trong học phần An toàn mạng (Network Security), người học cần đạt được những chuẩn đầu ra nào sau đây?","Diễn giải được các nguy cơ và mối đe dọa trong bảo mật mạng, các kỹ thuật tấn công và giải pháp phòng ngừa; triển khai được các giải pháp an toàn mạng cơ bản; tham gia hiệu quả hoạt động nhóm.",Phát triển hệ điều hành mạng riêng; xây dựng giao thức định tuyến mới; áp dụng trí tuệ nhân tạo để tự động hóa toàn bộ quá trình phòng thủ mạng.,Đánh giá được mức độ rủi ro bảo mật của hệ thống mạng; thực hành phân tích gói tin và áp dụng các mô hình phòng thủ; trình bày và báo cáo kết quả theo nhóm.,Trở thành chuyên gia thiết kế phần cứng mạng; triển khai hệ thống 5G độc lập; đảm bảo an toàn thông tin cho các hệ thống vệ tinh.,train_fix,2
"Dựa vào thông tin trong tài liệu Public_001, hãy tính số bài báo trung bình mỗi lớp trong nghiên cứu được đề cập.",45-50,55-60,70-80,90-100,train_fix,1
Đơn vị đo điện trở là gì?,Ohm (Ω),Volt (V),Ampere (A),Watt (W),train_fix,1
Mục tiêu chính của Security Awareness & Training Policy được đề cập trong tài liệu Public_260 là gì?,Cài phần mềm chống virus cho toàn bộ máy trạm,Xây dựng SOC 24/7 và triển khai SIEM,Tập trung bảo mật dữ liệu khách hàng bằng mã hoá đầu-cuối,"Thiết lập hướng dẫn/chuẩn đào tạo nâng cao nhận thức bảo mật cho toàn bộ nhân sự, đáp ứng GLBA, kiểm soát Internet & e-mail, loại bỏ sử dụng cá nhân, tập trung vào User & Workstation Domain",train_fix,1
"Theo tài liệu Public_174, Hồ dữ liệu (Data Lake) cho phép lưu trữ dữ liệu có cấu trúc và không có cấu trúc, và nó hỗ trợ những phương pháp phân tích nào?","Lưu trữ dữ liệu gốc và hỗ trợ các phương pháp phân tích như SQL, phân tích dữ liệu lớn, tìm kiếm toàn văn bản, phân tích thời gian thực và học máy",Chỉ lưu trữ dữ liệu tài chính và hỗ trợ phân tích báo cáo kế toán,Lưu trữ dữ liệu hình ảnh và hỗ trợ chỉnh sửa đồ họa,Lưu trữ thông tin người dùng và hỗ trợ kiểm thử phần mềm tự động,train_fix,1
 Devops khác biệt gì so với Sysadmin?,"Không khác biệt mấy, tùy đơn vị tổ chức quy định","• DevOps Engineer đòi hỏi nhiều kĩ năng mềm hơn như phải có coding skill, scripting để automation hệ thống.
• DevOps Engineer cần tìm hiểu về tech stack mà sản phẩm công ty đang sử dụng. Ngoài ra họ cũng có thể cùng review bug hay viết những unit test thông thường.

",Devops là một vị trí quản lý của Sysadmin,"• DevOps Engineer đòi hỏi ít kĩ năng mềm hơn 
• DevOps Engineer không cần tìm hiểu về tech stack mà sản phẩm công ty đang sử dụng. 
",train_fix,1
"Nếu một loại trái cây được xử lý bằng liều chiếu xạ 2 kGy, trong khi mức 1 kGy không làm mất vitamin C còn mức 2–4 kGy làm giảm mạnh vitamin C, thì loại trái cây đó có nguy cơ bị giảm giá trị dinh dưỡng như thế nào?",Không thay đổi giá trị dinh dưỡng,Bị hỏng ngay lập tức,Giảm mạnh hàm lượng vitamin C,Mất toàn bộ khoáng chất và protein,train_fix,1
Đâu là một ví dụ được coi là tương đồng với cách thức huấn luyện của GAN?,Huấn luyện chơi cờ,Giải một mê cung,Thí nghiệm của Pavlov,,train_fix,1
Nội dung chính của tài liệu là gì?,Giới thiệu lịch sử phát triển CNTT ở Việt Nam,"Trình bày khái niệm, tình hình nghiên cứu, thách thức và hướng phát triển của xử lý tiếng Việt trong CNTT",Đề xuất các thuật toán xử lý ngôn ngữ mới,Phân tích hệ thống mạng viễn thông,train_fix,1
"Theo văn bản, những đặc điểm nào sau đây phản ánh tính phân tán nổi bật của Git?",Mỗi người dùng đều có bản sao đầy đủ của kho lưu trữ,Làm việc không phụ thuộc mạng hoặc máy chủ tập trung,"Khả năng tương tác với GitHub, Bitbucket, GitLab",Cho phép khôi phục lại các phiên bản trước đó,train_fix,2
Nút “Kết xuất excel” trong màn hình Quản lý KH CusID có quy tắc hoạt động ra sao?,"Luôn xuất file, kể cả khi không có dữ liệu","Xuất file nếu có dữ liệu, nếu không thì báo “Không tồn tại kết quả”",Chỉ xuất dữ liệu khi người dùng có quyền TTDVCP,Chỉ xuất dữ liệu của khách hàng đã xác thực OTP,train_fix,1
"Giả sử một hàm ba biến f(x1, x2, x3) được đem ra kiểm thử giá trị biên, hỏi một ca kiểm thử gốc sẽ cho ra bao nhiêu ca kiểm thử dẫn xuất?",4,8,12,16,train_fix,1
Một thuật toán gradient descent lấy ra 32 dữ liệu điểm mỗi lần tính đạo hàm thì thuộc loại gradient descent nào?,Batch GD,Mini-batch GD,Stochastic GD,Không phải loại GD nào nêu trên,train_fix,1
"Theo tài liệu, trong quá trình đăng ký Tableau, người dùng cần cung cấp một số thông tin cá nhân. Nếu một người dùng nhập sai địa chỉ email trong bước đăng ký, hệ quả nào có thể xảy ra?
","
Không thể nhận được email xác nhận để kích hoạt tài khoản ",Vẫn đăng nhập bình thường vì email không quan trọng, Hệ thống tự động sửa lại email chính xác,Tableau cấp tài khoản tạm thời không cần xác nhận,train_fix,1
"Khi xác định phạm vi tự động hóa, cần chú ý những yếu tố nào?",Tính năng quan trọng của ứng dụng,Trường hợp kiểm thử có dữ liệu phong phú,Chi phí phát triển sản phẩm,Các nghiệp vụ hay được tái sử dụng,train_fix,2
Công nghệ nào hỗ trợ khám phá vật liệu siêu dẫn mới nhanh hơn?,5G,Trí tuệ nhân tạo và tính toán lượng tử,Blockchain,Thực tế ảo,train_fix,1
"Nếu Spike Testing thất bại liên tục, điều gì xảy ra khi một số lượng lớn người dùng truy cập cùng một lúc vào một hệ thống thương mại điện tử?",Khách hàng sử dụng thao tác mua bị chậm hơn,"Sập hệ thống, mất khách hàng và doanh thu",Khách hàng vẫn truy cập bình thường,Chi phí bảo trì giảm,train_fix,1
"Theo tài liệu, phương pháp kết hợp bắt đầu bằng đánh giá rủi ro ở mức cao, sau đó chuyển sang đánh giá chi tiết. Nếu đánh giá ở mức cao ban đầu không chính xác, hậu quả nào có thể xảy ra?",Hệ thống vẫn an toàn vì sẽ có bước chi tiết sau,"Áp dụng các biện pháp kiểm soát không phù hợp, hệ thống có thể gặp rủi ro trong thời gian chờ đánh giá chi tiết","
Giảm chi phí vì bỏ qua các biện pháp kiểm soát không cần thiết",Không ảnh hưởng gì đến quá trình quản lý an toàn thông tin,train_fix,1
"Giả sử một bệnh viện có hạ tầng yếu, vấn đề chính khi tham gia FL là gì?",Thiếu dữ liệu bệnh nhân,Quá nhiều quy định pháp lý,Chi phí tính toán cục bộ và thiếu tài nguyên,Không thể truyền trọng số,train_fix,1
Thách thức quan trọng nhất đối với xử lý thời gian thực trong xe tự hành là gì?,Độ trễ cực thấp đòi hỏi phần cứng mạnh,Khó lắp đặt camera,Mạng 5G không đủ,Cần nhiều tài xế dự phòng,train_fix,1
Transactional outbox pattern giải quyết triệt để vấn đề nào liên quan đến việc đảm bảo tính nguyên tử (atomicity) giữa cập nhật cơ sở dữ liệu cục bộ và gửi thông báo/sự kiện trong giao dịch phân tán?,Đảm bảo scaling ngang của các service,Đảm bảo atomic và consistent giữa persist() và publish(),Đảm bảo real-time 100% khi publish event,Đảm bảo hệ thống không bao giờ crash,train_fix,1
Hệ điều hành có những nhiệm vụ chính nào và phiên bản Windows nào cho phép đặt tên tệp dài tới 255 ký tự?,"Quản lý tài nguyên, điều khiển thiết bị, quản lý chương trình, giao tiếp với người dùng; Windows 95",Chỉ quản lý bộ nhớ và CPU; Windows 3.0,Chỉ khởi động máy và tắt máy; Windows NT 4.0,Quản lý thiết bị ngoại vi nhưng không quản lý tệp; Windows XP,train_fix,1
"Dựa vào nội dung văn bản, tại sao việc phòng chống ACK Flood Attack lại khó hơn so với các cuộc tấn công DDoS khác?",Vì gói ACK có kích thước nhỏ hơn so với các loại gói tin khác.,Vì ACK Flood thường kết hợp với mã độc và virus.,"Vì các gói ACK giả mạo gần như giống hệt các gói tin ACK hợp lệ, khiến các thiết bị bảo mật khó phân biệt.","Vì ACK Flood là một hình thức tấn công mới, chưa có công cụ phòng chống hiệu quả.",train_fix,1
"Khi muốn tạo một nhóm làm việc mới trên Tableau, bước cuối cùng mà người dùng cần thực hiện là gì?",Nhập tên nhóm và bấm Save,"Nhập tên nhóm, chọn vai trò cấp quyền đăng nhập, sau đó chọn Create", Nhập mô tả nhóm và bấm Upload,"
Chọn dự án, thêm file và bấm Finish",train_fix,1
Mục tiêu của quá trình huấn luyện Linear-Chain CRFs là gì?,Tìm chuỗi nhãn tối ưu,Giảm số đặc trưng,Tìm bộ trọng số w để log-likelihood lớn nhất,Tăng tốc độ suy luận,train_fix,1
SQL Server được sử dụng chủ yếu để quản lý và truy vấn dữ liệu quan hệ trong các hệ thống doanh nghiệp như thế nào?, Phân tích dữ liệu và tạo báo cáo,- Tạo và duy trì cơ sở dữ liệu,Để truy vấn dữ liệu ,"- Tạo và duy trì cơ sở dữ liệu
' Phân tích dữ liệu và tạo báo cáo",train_fix,1
"Theo quy tắc check trong tài liệu Public_279, số lượng mặt hàng sau dấu phẩy được phép tối đa bao nhiêu chữ số?",2,3,4,5,train_fix,1
Gradient Descent (GD) cập nhật tham số theo quy tắc nào đối với hàm một biến?,xt+1=xt+ηf′(xt)x_{t+1} = x_t + \eta f'(x_t)xt+1​=xt​+ηf′(xt​),xt+1=xt−ηf′(xt)x_{t+1} = x_t - \eta f'(x_t)xt+1​=xt​−ηf′(xt​),xt+1​=xt​−η∣f′(xt​)∣,xt+1=xt+η∣f′(xt)∣x_{t+1} = x_t + \eta |f'(x_t)|xt+1​=xt​+η∣f′(xt​)∣,train_fix,1
Một node của danh sách liên kết đơn có mấy trường?,Hai,Ba,Bốn,Một,train_fix,1
"Nếu bộ phát (Emitter) bị pha tạp nặng, Base pha tạp nhẹ và Collector pha tạp vừa phải, thì vùng nghèo kiệt sẽ mở rộng nhiều hơn về phía nào?",Emitter,Collector,Base,Không thay đổi,train_fix,1
"Giải thích cách GNN biểu diễn vật liệu, cơ chế message passing và các ứng dụng trong dự đoán tính chất vật liệu mới.","Biểu diễn: node=nguyên tử, edge=liên kết; message passing nhiều tầng, graph readout tạo vector; mô hình: GCN, GAT, MPNN, SchNet; ứng dụng: pin thế hệ mới, vật liệu siêu dẫn, hợp kim nhẹ, polyme chức năng; lợi ích: khám phá nhanh, tiết kiệm chi phí, tổng quát cao.","GNN chỉ áp dụng mạng xã hội, không dùng trong hóa học.",Chỉ cần RNN để dự đoán vật liệu; không cần graph representation.,"GNN chỉ mô phỏng hình ảnh, không dự đoán tính chất.",train_fix,1
"Phân tích các phương pháp cải tạo khí hậu Sao Hỏa, công nghệ hỗ trợ và thách thức đạo đức – kỹ thuật.","Tăng áp suất CO₂, gương không gian, khí nhà kính nhân tạo, từ trường nhân tạo, vi khuẩn lam; công nghệ: robot, AI, in 3D, lò phản ứng hạt nhân; thách thức: chi phí, bức xạ, chính trị quốc tế",Terraforming chỉ cần xây nhà kính nhỏ,"Chỉ khai thác băng, không cải tạo khí hậu","Không cần công nghệ AI, chỉ cần vận chuyển người",train_fix,1
"Nếu một CPU có 36 bit địa chỉ, dung lượng tối đa của bộ nhớ chính mà nó quản lý được là bao nhiêu?",64 MB,64 KB,64 GB,64 TB,train_fix,1
Điểm khác biệt cơ bản giữa Luật và Chính sách được tài liệu nêu là gì?,"Luật có thể không bắt buộc, còn chính sách luôn bắt buộc","Luật bắt buộc, còn chính sách là quy định nội bộ có thể bào chữa do thiếu hiểu biết ","Chính sách được thực thi bởi cơ quan chính quyền, luật thì không", Cả hai đều không mang tính bắt buộc,train_fix,1
PHP được sáng lập vào năm nào?,1992,1994,1998,1996,train_fix,1
Tài liệu Public_089 trình bày những tiến bộ nào trong việc đạt siêu dẫn nhiệt độ phòng?,"Electron ghép cặp Cooper, hiệu ứng Meissner, hydride giàu hydro, truyền điện không tổn thất, maglev, MRI, qubit siêu dẫn",Chỉ áp dụng ở nhiệt độ gần 0 K,Ứng dụng duy nhất là MRI,"Không liên quan truyền tải điện, chỉ cho từ trường nghiên cứu",train_fix,1
Việc phân nhóm thiết bị IoT theo vị trí địa lý và mức độ quan trọng giúp đạt mục tiêu chính nào?,"Ưu tiên cập nhật, vá lỗi hoặc triển khai dịch vụ theo nhu cầu cụ thể",Giảm chi phí cấp chứng chỉ số,Tăng tốc độ truyền dữ liệu,Loại bỏ hoàn toàn việc giám sát,train_fix,1
"Trong kiểm thử giá trị biên, thông thường có bao nhiêu giá trị kiểm thử cụ thể được lựa chọn xung quanh mỗi giới hạn?",Bốn,Hai,Sáu,Tám,train_fix,1
Phương pháp nào giảm chi phí huấn luyện robot trong thế giới thực?,Thuật toán di truyền,Simulation-to-Real Transfer,Học có giám sát thuần túy,Điều khiển PID,train_fix,1
Ứng dụng SCADA nào đã bị nhóm được đề cập trong tài liệu Public_274 lợi dụng để thực thi mã trên các Hệ thống SCADA trong chiến dịch năm 2022?,scilc.exe,opc.exe,wincc.exe,igs.exe,train_fix,1
"Trong kiểm thử dựa trên mô hình, những hoạt động nào không được tự động tạo ra từ mô hình mà do con người thực hiện?",Sinh các ca kiểm thử,Chương trình cần kiểm thử,Sinh đầu ra mong muốn,So sánh kết quả kiểm thử,train_fix,1
Xu hướng nào cho phép kết hợp ưu điểm của điện tử và DNA?,Tăng băng thông Wi-Fi,Hybrid Bio-Electronic Systems,Blockchain,Lưới điện thông minh,train_fix,1
"Theo tài liệu Public_111, công thức tính xác suất đồng thời của mạng Bayes dựa trên công thức toán học nào?",Tổng các tham số,Tích các tham số,Trung bình cộng,Trung bình nhân,train_fix,1
Nêu chi tiết nội dung đào tạo về bảo mật web và bảo mật cơ sở dữ liệu trong tài liệu Public_002.,OWASP Top 10 / CSDL NoSQL,IEEE 802.11 / CSDL hướng đối tượng,DSA / CSDL bán cấu trúc XML,Toán cao cấp / CSDL quan hệ truyền thống,train_fix,2
Những điều kiện tiên quyết nào áp dụng cho việc sắp xếp dữ liệu?,Trật tự của đối tượng,Đối tượng phải là số,Số lượng đối tượng nhỏ,Cấu hình máy mạnh,train_fix,1
Nội dung chính của tài liệu là gì?,Giới thiệu thiết bị thử nhiệt trong công nghiệp luyện kim,"Hướng dẫn quy trình đo chiều dày, lắp đặt đầu đo nhiệt và thử nghiệm khả năng chịu lửa của vật liệu chống cháy cho cấu kiện thép",Quy chuẩn thiết kế hệ thống điện,Tiêu chuẩn quản lý an toàn phòng cháy chữa cháy tại công trường,train_fix,1
"Theo tài liệu, giao thức SSL/TLS được xây dựng dựa trên phiên bản nào của SSL?",SSL 2.0,SSL 3.0 ,TLS 1.1,TLS 1.3,train_fix,1
Tỷ lệ thu công nợ bình quân tháng được tính bằng công thức nào?,(Tổng số tiền thu đúng hạn / Tổng số tiền phải thu) × 100 (%),(Số ngày đạt KPI / Số ngày kế hoạch) × 100 (%),(Tổng tỷ lệ thu công nợ các ngày tính KPI / Số ngày tính KPI) × 100 (%),(Số tiền phải thu – Số tiền chưa thu) / Số ngày tính KPI,train_fix,1
Nội dung chính của tài liệu Public_122 là gì?,Trình bày các kỹ thuật histogram equalization và tone mapping,Giới thiệu mô hình Retinex cổ điển,Đề xuất phương pháp Dual Illumination Estimation và Multi-Exposure Fusion để cải thiện hiệu chỉnh phơi sáng,So sánh hiệu quả nén ảnh giữa các phương pháp,train_fix,1
Các bước cơ bản trong quy trình phân tích rủi ro an toàn mạng?,"Xác định mối đe dọa, phân loại dịch vụ, phân quyền truy cập","Xác định mối đe dọa, phòng thủ nhiều lớp, dùng IDS/IPS","Xác định tài sản, nhận diện mối đe dọa, đánh giá lỗ hổng, ước lượng rủi ro","Dùng Firewall, Antivirus, Backup dữ liệu",train_fix,1
"Trong phần “Ưu điểm của PostgreSQL”, văn bản liệt kê những điểm nào?",Hiệu suất cao với truy vấn phức tạp và dữ liệu lớn,Hỗ trợ kiểu dữ liệu do người dùng định nghĩa,Tuân thủ ACID với ghi nhật ký trước (write-ahead logging),Tích hợp sẵn công cụ pgloader,train_fix,3
Lợi ích chính của việc tích hợp pin vào lưới điện thông minh là gì?,Giảm bức xạ điện từ,Ổn định điện áp và hỗ trợ năng lượng tái tạo,Tăng kích thước trạm biến áp,Loại bỏ nhu cầu điện lưới,train_fix,1
Tính năng Hot Reload trong Flutter mang lại lợi ích gì cho lập trình viên?,Cho phép ứng dụng chạy nhanh hơn gấp đôi trên thiết bị di động,Giúp thay đổi mã nguồn và xem kết quả ngay lập tức mà không cần khởi động lại ứng dụng,Tự động tối ưu bộ nhớ bằng hệ thống Garbage Collection,Hỗ trợ lập trình hướng đối tượng thông qua mixin và lớp trừu tượng,train_fix,1
Nội dung chính của tài liệu Public_028 là gì?,Giới thiệu vi mạch số học ALU,"Trình bày cấu tạo, ký hiệu, nguyên lý hoạt động của transistor lưỡng cực (BJT) và ứng dụng của nó",Phân tích vi mạch logic số,Hướng dẫn chế tạo diode bán dẫn,train_fix,1
"Theo tài liệu Public_042, vì sao lại nên dùng hàm kích hoạt phi tuyến (non-linear activation)?","Vì nếu mô hình phức tạp hơn, kết quả chắc chắn sẽ tốt hơn",Vì tổ hợp của các lớp ẩn và hàm kích hoạt tuyến tính tương đương một lớp tuyến tính,"Vì đây là xu hướng, thói quen của cộng đồng",Vì nó hiệu quả trên thực tế dù chưa có lời giải thích xác đáng,train_fix,1
Đâu không phải một thuật ngữ nhập nhằng trong đặc tả?,Nào đó,Đôi khi,Chẳng hạn,Đa số,train_fix,1
Hãy cho biết các thành phần chính của an toàn thông tin và nêu vai trò của chính sách an toàn thông tin đối với các thành phần đó.,"Thành phần: an toàn máy tính & dữ liệu, an ninh mạng, quản lý an toàn thông tin; vai trò chính sách: phần chung/khung chi phối, giao thoa và định hướng thực thi cho cả ba thành phần. ","Thành phần: an toàn máy tính & dữ liệu, an ninh mạng, quản lý an toàn thông tin; vai trò chính sách: là tài liệu tham khảo, không ảnh hưởng đến hai thành phần còn lại.","Thành phần: tường lửa, proxy, VPN; vai trò chính sách: áp dụng ở lớp logic, không liên quan mức vật lý và tổ chức.","Thành phần: an toàn máy tính & dữ liệu, an ninh mạng, chính sách an toàn thông tin; vai trò chính sách: được xem là một thành phần độc lập thay cho quản lý an toàn thông tin.",train_fix,1
Phân loại của bài toán được mô tả trong tài liệu Public_048 là gì?,Image segmentation,Object segmentation,Object detection,Image classification,train_fix,1
"Khi kiểm tra dữ liệu đơn hàng trong Fico, hệ thống xử lý thế nào nếu số lượng mặt hàng chi tiết không khớp với tổng và giá trị sau dấu phẩy vượt quá 4 chữ số?",Vẫn cho phát hành hóa đơn nhưng cảnh báo,"Báo lỗi, không cho phát hành hóa đơn do vi phạm cả 2 điều kiện kiểm tra",Chỉ bỏ qua lỗi số thập phân nhưng báo lỗi số lượng chi tiết,Tự động làm tròn số thập phân và cân đối số lượng tổng,train_fix,1
Tóm tắt các bước cài đặt thủ công driver chính thức từ Nvidia.com cho card đồ họa trên hệ điều hành Windows.,"Bước 1: Liên hệ chuyên gia đến cài đặt
Bước 2: Sử dụng
Bước 3: Update phiên bản mới nhất","Bước 1: Search google hướng dẫn
Bước 2: Tải Driver chính thức của Nvidia
Bước 3: sử dụng","Bước 1: cài đặt thủ công sử dụng driver chính thức từ Nvidia.com theo hướng dẫn các bước 
Bước 2: Tải Driver chính thức của Nvidia
Bước 3: Cài đặt các gói cần thiết","Bước 1: cài đặt thủ công sử dụng driver chính thức từ Nvidia.com theo hướng dẫn các bước 
Bước 2: Tải Driver chính thức của Nvidia
Bước 3: Cài đặt các bản vá",train_fix,1
Chiều dày vật liệu bọc bảo vệ dạng bản hoặc tấm được phép sai lệch tối đa bao nhiêu % so với giá trị trung bình?,0.1,0.15,0.2,0.3,train_fix,1
Thách thức lớn nhất hiện nay khi thương mại hóa siêu vật liệu?,Tốc độ sóng chậm,Thiếu người dùng,Không có dữ liệu vệ tinh,Chi phí cao và khó sản xuất quy mô lớn,train_fix,1
Broker trong Kafka có vai trò gì?,Sinh dữ liệu cho Producer,Lưu trữ và phân tích dữ liệu,Trung gian trao đổi giữa Producer và Consumer,Xác định chính sách lưu trữ,train_fix,1
"Theo quy định, mẫu thử nghiệm dầm chịu tải phải chịu tải trọng bằng bao nhiêu phần trăm sức kháng mô men thiết kế?",0.3,0.5,0.6,0.8,train_fix,1
Thiết bị AirStart 10 có thể bao gồm những bộ phận nào?,"Thiết bị chính
Bộ tạo ẩm HumidAir™ (nếu được cung cấp)
Dây thở
Bộ lọc tiêu chuẩn (đã được lắp)
Bộ cấp nguồn
Túi đựng mang theo
","Thiết bị chính
Bộ tạo ẩm HumidAir™ (nếu được cung cấp)
Bộ lọc tiêu chuẩn (đã được lắp)
Bộ cấp nguồn
Túi đựng mang theo
Thẻ SD (đã được lắp).","Thiết bị chính
Bộ tạo ẩm HumidAir™ (nếu được cung cấp)
Dây thở
Bộ lọc tiêu chuẩn (đã được lắp)
Bộ cấp nguồn
Túi đựng mang theo
Thẻ SD (đã được lắp).","Thiết bị chính
Bộ tạo ẩm HumidAir™ (nếu được cung cấp)
Dây thở
Bộ lọc tiêu chuẩn (đã được lắp)
Túi đựng mang theo
Thẻ SD (đã được lắp).",train_fix,1
Thách thức lớn nhất để thương mại hóa siêu dẫn nhiệt độ phòng?,Giảm giá điện,Tăng nhu cầu năng lượng,Dễ sản xuất hàng loạt,Duy trì trạng thái siêu dẫn ở áp suất và nhiệt độ bình thường,train_fix,1
"Theo nguyên tắc tổng, f1(x) + f2(x) có độ phức tạp là?","O(max(g1(x), g2(x))","O(min(g1(x), g2(x))",O(g1(x) + g2(x)),O(|g1(x) - g2(x)|),train_fix,1
Độ phức tạp tuyến tính và giai thừa lần lượt có ký hiệu là?,O(1) và O(n),O(logn) và O(n!),O(n) và O(n!),O(1) và O(logn),train_fix,1
IoU phụ thuộc vào hai toán tử tập hợp nào và công thức là gì?,Intersection và Union. I/U,Intersection và Negation. I/(I + N),Negation và Union. (U + N)/N,Intersection và Union. U/(U + I),train_fix,1
"
Tấn công SYN Flood khai thác điểm yếu nào trong giao thức TCP?", Cơ chế truyền dữ liệu song song,Thủ tục bắt tay ba bước (3-way handshake) ,Cơ chế kiểm soát tắc nghẽn, Cơ chế phân mảnh gói tin,train_fix,1
Lợi thế lưu trữ của DNA so với ổ cứng truyền thống là gì?,Tốc độ đọc nhanh hơn GPU,"Mật độ lưu trữ cực cao, lên đến hàng trăm petabyte/gram",Ít yêu cầu làm mát,Không cần giải mã,train_fix,1
Giả sử bạn là quản trị viên bảo mật của một tổ chức và biết rằng các công cụ như Avet/PeCloak.py có thể vượt nhiều AV bằng cách thay đổi/obfuscate payload. Hãy nêu những biện pháp kết hợp hiệu quả nhất để giảm rủi ro do payload bị obfuscate vượt qua AV.,"Chỉ cài thêm nhiều phần mềm AV khác nhau, không cần thay đổi cấu hình hệ thống.","Dùng một AV miễn phí duy nhất, bật auto-update, và không cần kiểm tra thêm.","Kết hợp nhiều lớp phòng thủ: dùng AV uy tín + cập nhật liên tục, áp dụng cơ chế phát hiện hành vi (behavioral/heuristic), giới hạn quyền thực thi (least privilege) và kiểm soát phân phối phần mềm (code signing / application allowlisting).",Tắt tất cả tính năng heuristic của AV để tránh false positive và chỉ dựa vào backup hàng ngày.,train_fix,1
"Hãy trình bày các công nghệ pin thế hệ mới cho lưới điện thông minh, nêu ưu nhược điểm từng loại và vai trò của AI trong khám phá vật liệu và điều độ năng lượng.","Công nghệ: pin thể rắn, sodium-ion, flow battery, lithium-sulfur; ưu điểm: mật độ cao, chi phí thấp, tuổi thọ dài; AI hỗ trợ tìm vật liệu xốp đa hóa trị, dự đoán tuổi thọ, điều độ sạc thông minh; tích hợp lưới điện qua microgrid, điều độ năng lượng, dự báo nguồn tái tạo; thách thức: chi phí, chuỗi cung ứng, tái chế.",Chỉ có pin lithium-ion cải tiến; AI chỉ để điều khiển sạc/xả; không cần công nghệ mới.,Pin flow battery là lựa chọn duy nhất; AI không liên quan phát triển vật liệu.,"Công nghệ pin mới chỉ tập trung vào giảm chi phí, không liên quan lưới điện thông minh.",train_fix,1
Hệ thống Ant Colony System (ACS) và Max-Min Ant System (MMAS) có điểm gì nổi bật?,"ACS sử dụng xếp hạng lời giải, MMAS phạt lời giải tồi nhất","ACS cập nhật pheromone cục bộ/toàn cục, MMAS giới hạn giá trị pheromone","ACS áp dụng mutation, MMAS chỉ dùng heuristic","ACS áp dụng song song, MMAS chỉ dùng tuần tự",train_fix,1
"Hãy xác định (i) năm DSA được NIST công nhận là chuẩn chữ ký số, và (ii) tên của một thành phần trong PKI có nhiệm vụ xác minh thông tin nhận dạng của người dùng.
",Năm 1991; Registration Authority (RA) ,"
Năm 1977; Certificate Policy", Năm 1991; Validation Authority (VA),Năm 2001; Central Directory,train_fix,1
"Theo tài liệu Public_260, tổ chức muốn tuân thủ quy định nào và bộ phận nào là chức năng quan trọng nhất?",GLBA,Bộ phận chăm sóc khách hàng,GDPR,HIPAA,train_fix,2
Lợi ích bảo mật lớn nhất của Edge Computing trong môi trường sản xuất là gì?,Tự động mã hóa khi truyền qua vệ tinh,Giảm chi phí nhân sự bảo mật,"Giữ dữ liệu nhạy cảm tại chỗ, hạn chế rò rỉ",Chỉ cho phép dùng Wi-Fi nội bộ,train_fix,1
"Trình bày cơ chế hoạt động, ưu điểm, và ứng dụng của siêu tụ điện trong giao thông bền vững, đồng thời so sánh với pin truyền thống.","Lưu trữ năng lượng qua điện dung hai lớp và giả điện dung; sạc/xả cực nhanh, tuổi thọ >1 triệu chu kỳ, công suất cao, hoạt động -40→65 °C; ứng dụng: xe buýt điện, tàu điện, xe hybrid, máy bay nhỏ; kết hợp pin để giảm tải và tăng tuổi thọ",Chỉ hoạt động như pin lithium-ion,"Không tái chế được, tuổi thọ thấp",Dễ cháy nổ do phản ứng hóa học,train_fix,1
Tóm tắt cách MongoDB lưu trữ dữ liệu,MongoDB cung cấp cho dữ liệu được lưu trữ dưới dạng collection và document => Các collection được tạo bằng cách sử dụng các document,"MongoDB cung cấp cho bạn một máy chủ mà bạn có thể khởi động và sau đó tạo nhiều cơ sở dữ liệu trên đó => dữ liệu được lưu trữ dưới dạng collection và document => Bên trong document, chúng ta có collection => Các collection được tạo bằng cách sử dụng các field (trường). Các field là các cặp khóa-giá trị trong document, giống như các column trong cơ sở dữ liệu quan hệ",Người dùng nhập dữ liệu lên MongoDB rồi cơ sở dữ liệu tự xử lý,"MongoDB cung cấp cho bạn một máy chủ mà bạn có thể khởi động và sau đó tạo nhiều cơ sở dữ liệu trên đó => dữ liệu được lưu trữ dưới dạng collection và document => Bên trong collection, chúng ta có document => Các document được tạo bằng cách sử dụng các field (trường). Các field là các cặp khóa-giá trị trong document, giống như các column trong cơ sở dữ liệu quan hệ",train_fix,1
"Giải thích khái niệm, thành phần cốt lõi và các ứng dụng tiêu biểu của điện toán không gian, đồng thời phân tích thách thức triển khai.","Kết hợp VR, AR, IoT, AI nhận thức không gian; cảm biến 3D, LiDAR, Edge Computing, mạng 5G/6G; ứng dụng: y tế từ xa, giáo dục ảo, sản xuất, thương mại, giải trí; thách thức: chi phí thiết bị, băng thông, bảo mật dữ liệu cá nhân",Chỉ đơn thuần là thực tế ảo cho game,Không liên quan đến IoT hay AI,"Chỉ áp dụng cho lĩnh vực quân sự, không thương mại",train_fix,1
Hàm mục tiêu Fisher cho bài toán 2 lớp được viết dưới dạng nào?,J(w) = (w^T S_W w) / (w^T S_B w),J(w) = (w^T S_B w) / (w^T S_W w),J(w) = trace(S_B) / trace(S_W) (không phụ thuộc w),J(w) = ||S_B w||_2 / ||S_W w||_2,train_fix,1
Tóm tắt các bước cài đặt SQL Server 2022,Gọi chuyên gia,"Bước 1: Search google hướng dẫn
Bước 2: Tải link về rồi cứ click Next","Bước 1: Truy cập vào đường link: https://www.microsoft.com/en-us/sql-server/sql-server-downloads  
Bước 2: Chọn Basic -> Accept -> Chọn Browser lưu trữ -> Install. 
Bước 3: Sau khi tải về thành công, ấn Install SSMS. 
Bước 4: Sau khi cửa sổ Download SSMS hiện ra, ấn vào link Download SSMS.
Bước 5: Tìm đến Express edition of SQL Server 2022 và chọn Download now, chọn Open file.
Bước 6: Sau khi Download thành công, ấn Install. 
Bước 7: Sau khi cài đặt, mở Microsoft SQL Server Management Studio 19, chọn Connect.","Bước 1: Truy cập vào đường link: https://www.microsoft.com/en-us/sql-server/sql-server-downloads  
Bước 2: Tìm đến Express edition of SQL Server 2022 và chọn Download now, chọn Open file. 
Bước 3: Chọn Basic -> Accept -> Chọn Browser lưu trữ -> Install. 
Bước 4: Sau khi tải về thành công, ấn Install SSMS. 
Bước 5: Sau khi cửa sổ Download SSMS hiện ra, ấn vào link Download SSMS.
Bước 6: Sau khi Download thành công, ấn Install. 
Bước 7: Sau khi cài đặt, mở Microsoft SQL Server Management Studio 19, chọn Connect.",train_fix,1
"Với một HMM có N trạng thái và chuỗi quan sát độ dài T, độ phức tạp của thuật toán Viterbi là bao nhiêu?",O(NT),O(T²),O(N²T),O(N³T),train_fix,1
"Dựa vào tài liệu Public_254, nếu mục tiêu là giấu thông tin trong ảnh rồi truyền đi mà vẫn muốn thông tin ẩn không bị mất khi ảnh bị nén bằng phương pháp không làm mất dữ liệu hoặc chỉnh sửa nhẹ, định dạng ảnh nào là lựa chọn phù hợp nhất?",BMP - vì ảnh BMP không nén và lưu trực tiếp ma trận điểm ảnh.,PNG - vì PNG dùng nén không mất dữ liệu và có cấu trúc chunk thuận lợi cho việc lưu trữ thông tin phụ trợ.,JPEG - vì JPEG nén cao giúp giấu nhiều bit hơn trong miền tần số.,GIF - vì GIF hỗ trợ bảng màu nhỏ nên dễ nhúng dữ liệu mà không thay đổi hình nhìn thấy.,train_fix,1
Nội dung cốt lõi của tài liệu Public_199 có tiêu đề “Máy tính lượng tử” là gì?,"Trình bày tổng quan lịch sử, nguyên lý, cấu tạo, ứng dụng, thách thức và cơ hội của MTLT, đồng thời nhấn mạnh tầm nhìn phát triển tương lai",Chỉ tập trung vào nghiên cứu thương mại điện tử bằng máy tính lượng tử.,Mô tả chi tiết quá trình sản xuất chip silicon cổ điển.,Chỉ tập trung vào nghiên cứu thương mại điện tử bằng máy tính lượng tử.,train_fix,1
"Hàm mất mát Cross-Entropy biến thiên ra sao khi nhãn thực y_i lần lượt là 1 và 0, ứng với các giá trị xác suất dự đoán p_i?",Đều đơn điệu giảm,Đều đơn điệu tăng,Đơn điệu tăng và đơn điệu giảm,Đơn điệu giảm và đơn điệu tăng,train_fix,1
Ưu điểm nổi bật của pin Sodium-Ion là gì?,Mật độ năng lượng cao hơn Li-ion,An toàn tuyệt đối,"Nguyên liệu rẻ, dồi dào, hoạt động tốt ở nhiệt độ thấp",Chu kỳ sạc vô hạn,train_fix,1
"Theo tài liệu Public_052, tên của thủ tục tiền xử lý và thủ tục chạy quay lui được gọi trong hàm main() lần lượt là gì?",Prep() và Run(1),Init() và Run(1),Init() và Try(1),Prep() và Try(1),train_fix,1
"Theo báo cáo của WHO và UNICEF, đến năm 2030, tình trạng khan hiếm nước sẽ khiến bao nhiêu triệu người phải di dời?",500 triệu,700 triệu,900 triệu,1 tỷ,train_fix,1
Dòng điều khiển được mô hình hóa bằng các phương pháp hoặc mô hình cụ thể nào?,Đồ thị vô hướng,Đồ thị có hướng,Đồ thị cây,Automaton tất định,train_fix,1
Những công nghệ hoặc phương pháp luận tương lai nào hỗ trợ việc thử nghiệm chính sách môi trường trong mô hình ảo?,IoT giá rẻ,Digital Twin cho thành phố,Bluetooth 5.0,Máy in 3D,train_fix,1
"Theo thống kê trong tài liệu `Public_153`, lỗ hổng nghiêm trọng cao chiếm 35%, trung bình 55% và thấp 10%. Dựa trên tài liệu này, nếu một tổ chức bỏ qua việc khắc phục các lỗ hổng trung bình, điều này tiềm ẩn nguy cơ gì?",Hệ thống vẫn an toàn vì chỉ cần xử lý lỗ hổng nghiêm trọng cao,"Nguy cơ mất an toàn vẫn rất lớn vì lỗ hổng trung bình chiếm hơn một nửa tổng số, có thể bị khai thác để tấn công ✅","Chỉ ảnh hưởng đến hiệu suất hệ thống, không tác động đến an toàn thông tin
",Lỗ hổng thấp mới đáng lo ngại hơn vì khó phát hiện,train_fix,1
Pooling layer được thiết kế để?,"Giảm kích thước dữ liệu, bất luận mất mát thông tin",Giảm chiều nhưng vẫn giữ lại thông tin,Tăng kích thước dữ liệu,Sinh ra giá trị trung gian dựa trên một vùng của dữ liệu,train_fix,1
"Trong một hệ thống ký hiệu quy trình hoặc trạng thái, ký hiệu cho điều kiện kích hoạt và hành động thực thi lần lượt là gì?",T và X,X và T,F và X,X và F,train_fix,1
"Theo hướng dẫn trong tài liệu, để đăng nhập tài khoản Tableau người dùng cần truy cập vào địa chỉ nào?", https://www.tableau.com/tableau-login-hub,https://www.tableau.com/public,"
https://www.tableau.com/sign-up",https://www.tableau.com/download,train_fix,1
"Qua toàn bộ các phần trình bày trong tài liệu, có thể rút ra nhận định tổng quan nào về các giao thức SSL/TLS, SET và PGP?","Chúng đều hướng đến mục tiêu bảo mật thông tin truyền qua mạng, nhưng mỗi giao thức có phạm vi áp dụng riêng: SSL/TLS cho truyền thông bảo mật chung, SET cho thanh toán điện tử, và PGP cho email và file", Chúng chỉ tập trung vào bảo mật web, Chúng loại bỏ hoàn toàn nhu cầu về chứng chỉ số, Chúng không liên quan đến mã hóa,train_fix,1
"Trong lịch sử phát triển mật mã, năm 1977 đánh dấu sự ra đời của giải thuật nào?",DES,AES,RSA , PGP,train_fix,1
Thách thức quan trọng khi triển khai robot tự học là gì?,Giá điện tăng,Thiếu đèn tín hiệu,Đảm bảo an toàn tuyệt đối khi hoạt động cùng con người,Giới hạn chiều cao trần nhà,train_fix,1
"Theo tài liệu Public_052, đâu không phải một bước trong quay lui?",Bước 1,Bước 2,Bước 3,Bước 1 và 3,train_fix,1
Hệ điều hành có những nhiệm vụ chính nào và phiên bản Windows nào cho phép đặt tên tệp dài tới 255 ký tự?,"Quản lý tài nguyên, điều khiển thiết bị, quản lý chương trình, giao tiếp với người dùng; Windows 95",Chỉ quản lý bộ nhớ và CPU; Windows 3.0 AUTOEXEC.BAT,Chỉ khởi động máy và tắt máy; Windows NT 4.0,Quản lý thiết bị ngoại vi nhưng không quản lý tệp; Windows XP,train_fix,1
Nêu một đặc điểm nổi bật của hệ thống quản lý gói trên Ubuntu và phương pháp cài đặt Driver Nvidia sử dụng kho lưu trữ chuẩn.,"-  Kho phần mềm phong phú nhưng chi phí cao
- Phương pháp cài đặt tự động reposity PPA để cài đặt driver Nvidia Beta","-Tính tùy chỉnh
- Phương pháp cài đặt qua chuyên gia"," - Ổn định nhưng bảo mật không cao
- Phương pháp cài dặt qua nhà cung cấp","- Miễn phí và mã nguồn mở
- Phương pháp cài đặt qua dòng lệnh",train_fix,1
Nội dung chính của tiêu chuẩn ISO 15189:2022 là gì?,Quy định các yêu cầu về quản lý tài chính của bệnh viện,"Đưa ra yêu cầu về chất lượng và năng lực đối với phòng xét nghiệm y tế, bao gồm hệ thống quản lý, quy trình xét nghiệm và đánh giá công nhận",Chỉ áp dụng cho thử nghiệm lâm sàng thuốc,Hướng dẫn thiết kế thiết bị y tế,train_fix,1
"Trong cấu trúc tệp BMP, phần nào có kích thước 14 byte và lưu trữ thông tin tổng quát về tệp hình ảnh bitmap?","Tiêu đề DIB - lưu trữ thông tin chi tiết về ảnh bitmap và xác định định dạng điểm ảnh.
","Tiêu đề tệp Bitmap - lưu trữ thông tin tổng quát về tệp hình ảnh bitmap.
",Bảng màu - xác định màu sắc được sử dụng bởi dữ liệu hình ảnh bitmap.,Mảng điểm ảnh - xác định giá trị các điểm ảnh.,train_fix,1
"Theo tài liệu Public_072, DRL là sự kết hợp của những lĩnh vực nào?",Học bán giám sát và Deep Learning,Học Tăng Cường và Deep Learning,Mô hình hóa thống kê và RL,Cảm biến và IoT,train_fix,1
Phần mềm ký số cần hỗ trợ định dạng dữ liệu nào theo Phụ lục I của tài liệu Public_257?,XML/JSON,PDF/A,DOC/DOCX,CSV,train_fix,1
"Chọn mô tả chính xác nhất về mối quan hệ chức năng giữa Dart, Framework và SDK theo nội dung văn bản:",Dart là một thư viện UI; Framework là ngôn ngữ; SDK chỉ chứa widget.,SDK thay thế Framework trong việc tạo UI; Dart chỉ dùng cho web.,"Dart là ngôn ngữ lập trình; Framework là thư viện giao diện (dựa trên widgets) xây dựng bằng Dart; SDK là bộ công cụ (trình biên dịch, thư viện, tiện ích) để phát triển và biên dịch sang mã gốc.",Framework và SDK chỉ là hai tên gọi khác nhau cho cùng một thành phần và không liên quan tới Dart.,train_fix,1
Tài liệu `Public_200` mô tả chi tiết gì về phương pháp Deloitte đã sử dụng để xây dựng và quản lý một cơ sở dữ liệu rủi ro lớn như một cơ sở dữ liệu chứa 10.000 trường hợp rủi ro?,500.000 rủi ro,100.000 rủi ro,50.000 rủi ro,5.000.000 rủi ro,train_fix,1
"Trình bày cách điện toán lượng tử hỗ trợ giải các bài toán tối ưu trong mạng 6G, mô tả các thuật toán lượng tử tiêu biểu và kiến trúc triển khai thực tế.","Ứng dụng Quantum Computing cho phân bổ phổ tần, định tuyến, quản lý năng lượng, lập lịch; thuật toán QAOA, VQE, Grover, Quantum Annealing; kiến trúc hybrid quantum-classical, cloud-quantum, edge computing; lợi ích: tốc độ tính toán, tiết kiệm năng lượng, mở rộng thiết bị IoT; thách thức: phần cứng qubit hạn chế, chuẩn giao thức mới.","Chỉ dùng thuật toán Grover cho tất cả bài toán; kiến trúc thuần lượng tử, bỏ qua phần cổ điển; không có thách thức hạ tầng.",6G chỉ cần máy tính cổ điển; thuật toán lượng tử không liên quan tối ưu mạng.,Quantum chỉ dùng để mã hóa; bài toán tối ưu vẫn do AI cổ điển giải.,train_fix,1
"Đối với lớp phủ dạng phản ứng, độ dày trung bình được xác định như thế nào?",Đo tổng chiều dày lớp sơn phủ,Lấy giá trị lớn nhất trong các phép đo,"Tính từ tổng chiều dày trừ đi lớp sơn lót, sau đó áp dụng các quy tắc dung sai phần trăm",Chỉ đo tại 3 điểm cố định,train_fix,1
Thực thể nào không tham gia mô hình tương tác giữa các thực thể tham gia thực hiện SET,Bank,Payment Gateway,Acquirer,Issuer,train_fix,1
Công thức tính kích thước đầu ra (W2) trong phép tích chập phụ thuộc vào những yếu tố nào?,Kích thước batch và depth,Số lượng đơn vị và số lớp fully connected,"Kích thước đầu vào, kích thước bộ lọc, stride, padding",Chỉ số pixel trong ảnh,train_fix,1
Mô tả kiến trúc cảm biến và vai trò của trí tuệ nhân tạo (AI) trong dự báo và phát hiện bất thường về chất lượng không khí đô thị.,"Mạng cảm biến IoT + dữ liệu vệ tinh, AI (LSTM/Transformer) dự báo PM2.5/O₃, phát hiện cháy rừng, rò rỉ hóa chất, tối ưu giao thông & năng lượng, đề xuất chính sách giảm ô nhiễm","Chỉ cần cảm biến đơn lẻ, không cần AI","AI chỉ dự báo ngắn hạn, không phát hiện bất thường","Hệ thống chỉ cảnh báo, không tích hợp đề xuất chính sách",train_fix,1
"Theo tài liệu Public_055, thuật toán đơn giản nhất trong bốn thuật toán được trình bày là gì?",Tìm kiếm nhị phân,Tìm kiếm nội suy,Tìm kiếm Jumping,Tìm kiếm tuyến tính,train_fix,1
"Trong multi-class LDA, các ma trận within-class và between-class là gì?",S_W = ∑_k ∑_{n∈C_k} (x_n − m)(x_n − m)^T; S_B = ∑_k (m_k − m)(m_k − m)^T,S_W = ∑_k N_k (m_k − m)(m_k − m)^T; S_B = ∑_k ∑_{n∈C_k} (x_n − m_k)(x_n − m_k)^T,S_W = ∑_k ∑_{n∈C_k} (x_n − m)(x_n − m)^T; S_B = ∑_k (m_k − m)(m_k − m)^T,S_W = XX^T; S_B = mm^T,train_fix,1
"Theo tài liệu Public_165, tường lửa lọc gói (Packet-filtering firewall) hoạt động dựa trên nguyên tắc nào?",Lọc gói tin dựa vào địa chỉ IP và tập luật được định nghĩa ,Lọc theo nội dung ứng dụng,Chỉ cho phép gói tin đi ra ngoài mạng,Tự động mã hóa tất cả gói ti,train_fix,1
"Theo Public_007, “khoảng tham chiếu sinh học” thường được định nghĩa ở mức bao nhiêu phần trăm giá trị tập trung?",0.95,0.5,0.9,0.99,train_fix,1
"Trong Git, đâu là mô tả đầy đủ và chính xác nhất về mối quan hệ giữa Branch, Merge, và Master theo văn bản?","Branch là nhánh chính của dự án, Merge dùng để chuyển đổi giữa các nhánh, còn Master là nơi chứa các Commit chưa hợp nhất.","Branch là bản sao song song của toàn bộ lịch sử dự án, Merge kết hợp thay đổi từ một nhánh vào nhánh khác, Master là nhánh chính đại diện cho phiên bản ổn định nhất.","Branch lưu trữ các thay đổi đã Staged, Merge ghi lại lịch sử Commit, Master là tên gọi mới thay cho Main.","Branch chỉ tồn tại khi có Fork, Merge được thực hiện trong Index, Master là nơi chứa HEAD hiện tại.",train_fix,1
"Theo tài liệu Public_080, mô hình nào thường dùng để sinh phân tử mới?",CNN,RNN,Variational Autoencoder hoặc GAN,SVM,train_fix,1
Mạng GAN (Global Area Network) là gì?,Mạng cục bộ trong phạm vi nhỏ,Mạng diện rộng trong một quốc gia,"Mạng toàn cầu, kết hợp nhiều mạng con, ví dụ Internet",Mạng kết nối 2–3 máy tính,train_fix,1
Số hoán vị của N phần tử phân biệt là bao nhiêu và giá trị tương ứng khi N = 3 là?,"N!, 6","N^N, 27","N^2, 9","N, 3",train_fix,1
Ứng dụng nào hưởng lợi trực tiếp từ suy luận thời gian thực của photonic computing?,Robot tự hành và AI biên,Lưu trữ băng từ,Máy in 3D,Quét mã QR,train_fix,1
Nội dung chính của bài báo Public_004 là gì?,Trình bày ứng dụng in 3D trong y tế,"Giới thiệu, phân tích ưu nhược điểm các công nghệ in bê tông 3D trong xây dựng, so sánh tính khả thi áp dụng ở Việt Nam",Mô tả chi tiết công thức chế tạo bê tông UHPC,Giới thiệu công nghệ CAD trong xây dựng,train_fix,1
"Trong hệ sinh thái Tableau, thành phần nào cho phép người dùng chuẩn bị và làm sạch dữ liệu trước khi phân tích?
",Tableau Server,Tableau Prep,"
Tableau Publi",Tableau Reader,train_fix,1
"Hãy xác định hai nền tảng được tài liệu nêu rõ là có thể tích hợp trực tiếp với Tableau, và  thao tác đầu tiên trong quá trình kết nối.
",Slack và Trello; thao tác đầu tiên: nhập mật khẩu,Salesforce và Outlook; thao tác đầu tiên: chọn New Project,"
Slack và Salesforce; thao tác đầu tiên: click Settings > Integrations",Google Drive và Dropbox; thao tác đầu tiên: chọn Upload File ,train_fix,2
Các loại hệ thống thông tin (HTTT) được văn bản phân loại trong doanh nghiệp có thể nhóm lại thành những loại nào?,"HTTT quản lý, hệ hỗ trợ quyết định, HTTT điều hành, hệ chuyên gia, HTTT tích hợp, hệ chức năng, HTTT chiến lược, hệ quản trị tri thức","HTTT quản lý, hệ điều hành, hệ chuyên gia, hệ mạng, hệ chức năng doanh nghiệp","Hệ thống phần mềm, hệ thống phần cứng, hệ thống dữ liệu, hệ thống quản lý nhân sự","HTTT cấp cao, HTTT trung gian, HTTT cơ sở, HTTT chiến lược",train_fix,1
Hằng số điện môi ε₀ trong chân không có giá trị bao nhiêu?,"9,81 × 10⁻³ N/kg","8,854 × 10⁻¹² F/m","6,67 × 10⁻¹¹ Nm²/kg²","1,6 × 10⁻¹⁹ C",train_fix,1
"Hãy phân tích các bước then chốt trong toàn bộ vòng đời hệ thống thị giác máy tính công nghiệp, từ thu thập dữ liệu hình ảnh đến triển khai và bảo trì, đồng thời nêu rõ vai trò của chuẩn hóa định dạng dữ liệu và kỹ thuật Edge Computing.","Các bước: thu thập dữ liệu đa nguồn, tiền xử lý (cân bằng, loại nhiễu, chuẩn kích thước), xây dựng & huấn luyện mô hình, triển khai (API, PLC/SCADA, edge), giám sát & cập nhật; chuẩn hóa định dạng đảm bảo tính nhất quán cho huấn luyện; Edge Computing giảm độ trễ và tiết kiệm băng thông.","Tập trung hoàn toàn vào huấn luyện mô hình, chuẩn hóa định dạng chỉ để dễ xem ảnh; Edge Computing chủ yếu để lưu trữ dữ liệu lâu dài.","Chỉ cần tiền xử lý và huấn luyện, không cần triển khai thực tế; Edge Computing chủ yếu thay cho cloud để tiết kiệm chi phí.","Các bước: thu thập, tiền xử lý, huấn luyện; chuẩn hóa định dạng nhằm nén ảnh; Edge Computing để mở rộng kích thước mô hình. TD068",train_fix,1
Các đóng góp cụ thể và cơ chế chính của cách mạng kỹ thuật số trong việc thúc đẩy các mục tiêu phát triển bền vững là gì?,Nó giúp giảm chi phí sản xuất,Nó hỗ trợ đạt được các mục tiêu phát triển bền vững thông qua công nghệ tiên tiến,Nó làm tăng lượng nước tiêu thụ,Nó không có ảnh hưởng gì đến phát triển bền vững,train_fix,1
"Theo tài liệu Public_168, mục tiêu chính của Tableau là gì?", Thay thế hoàn toàn Excel trong phân tích dữ liệu,"Hỗ trợ người dùng trực quan hóa, kết nối và hiểu dữ liệu dễ dàng","
 Cung cấp dịch vụ lưu trữ đám mây cho doanh nghiệp", Tự động tạo ra quyết định kinh doanh mà không cần con người,train_fix,1
Nội dung chính của phần 1 trong tài liệu Public_111 là gì?,"Khái niệm, định nghĩa mạng Bayes và các ví dụ",Cách tối ưu hóa bài toán tìm đường đi,Các biến thể của thuật toán Bayes,So sánh thuật toán Bayes với các thuật toán khác,train_fix,1
"Theo tài liệu Public_084, xu hướng tương lai nào cho phép xe giao tiếp trực tiếp với hạ tầng giao thông?",Blockchain,Vehicle-to-Everything (V2X),Federated Learning,Data Augmentation,train_fix,1
"Dựa trên kết quả CIFAR-10, độ chênh lệch tỉ lệ nhận dạng đúng giữa SGD with momentum và AdaDelta là bao nhiêu phần trăm?",0.204,0.294,0.25,0.339,train_fix,1
Mục tiêu chính của kỹ thuật credential dumping là gì?,Thu thập thông tin mật khẩu để mở rộng quyền truy cập trong hệ thống,Chặn lưu lượng mạng và ghi lại dữ liệu người dùng,Mã hóa dữ liệu để tống tiền nạn nhân,Vô hiệu hóa hệ thống phòng thủ như antivirus,train_fix,1
Nội dung chính của tài liệu Public_112 là gì?,Lịch sử hình thành thuật toán phân loại Naive Bayes,Các biến thế của thuật toán phân loại Bayes,So sánh thuật toán Naive Bayes với các thuật toán khác,"Định nghĩa, các phép toán liên quan và ví dụ thực tế của thuật toán Naive Bayes",train_fix,1
"Theo tài liệu, những ưu điểm nổi bật nào của Jira được liệt kê?",Phân quyền chi tiết tới từng nhiệm vụ,Dễ tích hợp với các hệ thống khác,Hoàn toàn miễn phí với mọi quy mô,Tích hợp trực tiếp với code trong môi trường phát triển,train_fix,3
Điểm khác biệt cốt lõi của máy tính neuromorphic so với kiến trúc Von Neumann là gì?,Tăng xung nhịp CPU,"Xử lý và lưu trữ dữ liệu ngay tại neuron, mô phỏng não người",Dùng nhiều GPU,Tách biệt hoàn toàn bộ nhớ,train_fix,1
Cách tiếp cận đã nêu trong tài liệu Public_048 có tiến hành đọc biển số hay không?,Không,Có,,,train_fix,1
Thách thức lớn nhất về vận hành siêu máy tính khí hậu là gì?,Chi phí đầu tư và tiêu thụ năng lượng cực lớn,Thiếu dữ liệu vệ tinh,Độ chính xác mô hình thấp,Không thể ghép nối dữ liệu,train_fix,1
"Trong bảy vùng của hạ tầng CNTT, nếu một tổ chức chỉ tập trung bảo mật kỹ ở vùng WAN mà bỏ qua vùng Người dùng (User domain), hệ quả nào có khả năng xảy ra nhất?
",Hệ thống vẫn an toàn tuyệt đối vì đã bảo vệ tốt kết nối bên ngoài.,"
 Người dùng nội bộ có thể trở thành mắt xích yếu, vô tình làm lộ thông tin hoặc bị khai thác để vượt qua lớp bảo vệ mạng",Các mối đe dọa từ bên ngoài không còn tác động được đến tổ chức.,Vùng máy chủ sẽ tự động bù đắp thiếu sót và ngăn ngừa rủi ro từ người dùng.,train_fix,1
Mô hình được sử dụng để huấn luyện trong tài liệu Public_048 là gì?,YOLOv5,YOLOv4,YOLO-TinyV5,YOLO-Tinyv4,train_fix,1
Một trong những đặc điểm khiến Logic bomb nguy hiểm là gì?,Luôn xuất hiện dưới dạng file thực thi .exe,Dễ dàng phát hiện bằng mắt thường,Có khả năng ẩn trong mã nguồn phần mềm hợp pháp,Không thể kích hoạt bằng sự kiện người dùng,train_fix,1
Kiến trúc tổng thể của giải pháp thị giác máy tính công nghiệp gồm những giai đoạn chính nào?,Thu thập & tiền xử lý dữ liệu → Xây dựng & huấn luyện mô hình → Triển khai & giám sát hệ thống,Chỉ huấn luyện mô hình rồi đưa vào sản xuất,Chỉ triển khai và giám sát,Thu thập dữ liệu → Chạy inference,train_fix,1
"Qua các dạng phần mềm độc hại được trình bày (virus, sâu, trojan, backdoor, rootkit, spyware, adware, zombie, bom logic…), có thể rút ra nhận định tổng quan nào về đặc điểm chung của phần mềm độc hại?", Chỉ khai thác lỗi phần cứng nên có thể loại bỏ bằng thay thế thiết bị," Đều nhắm vào việc chiếm quyền, phá hoại hoặc đánh cắp thông tin, với đặc điểm có thể ẩn mình, khó phát hiện và đa dạng về phương thức lây nhiễm"," Chủ yếu gây ra lỗi hệ điều hành, ít ảnh hưởng đến dữ liệu", Chỉ hoạt động khi có sự can thiệp trực tiếp của người dùng,train_fix,1
"Theo tài liệu Public_008, các yêu cầu đúng khi lựa chọn, vận hành và bảo dưỡng thiết bị phòng xét nghiệm là gì?","Thiết bị phải được vận hành bởi nhân viên đào tạo, được ủy quyền, có năng lực; được bảo trì theo hướng dẫn nhà sản xuất; có biện pháp ngăn điều chỉnh ngoài ý muốn; và thiết bị bị lỗi phải được dán nhãn “không hoạt động” cho đến khi xác minh chính xác","Thiết bị chỉ cần được vận hành theo hướng dẫn nhà sản xuất, không cần đào tạo hay dán nhãn khi lỗi",Thiết bị không cần bảo trì nếu không ảnh hưởng kết quả xét nghiệm,Nhân viên có thể điều chỉnh thiết bị bất cứ lúc nào nếu cần để đẩy nhanh công việc,train_fix,1
Đặc điểm nào khiến GNN phù hợp cho dữ liệu vật liệu?,Cấu trúc dạng ma trận cố định,Cấu trúc dạng đồ thị tự nhiên của nguyên tử và liên kết,Dữ liệu chỉ ở dạng văn bản,Chỉ cần một lớp mạng,train_fix,1
"Trong thiết kế tập trung, node nào chịu trách nhiệm tổng hợp gradient và cập nhật tham số mô hình?",Worker node,Master node,Parameter server,Client node,train_fix,1
Yếu tố chính khiến AI quan trọng trong giám sát chất lượng không khí đô thị?,Tăng tốc độ gió,Dự báo và phân tích dữ liệu môi trường khổng lồ theo thời gian thực,Giảm độ ẩm,Tạo ảnh 3D,train_fix,1
"Theo tài liệu Public_196, các quốc gia nên áp dụng những chiến lược nào để đảm bảo nguồn nước bền vững trong tương lai khi các giải pháp hiện tại không đủ để giải quyết tình trạng khan hiếm nước?",Tăng cường hợp tác quốc tế trong quản lý tài nguyên nước,Giảm đầu tư vào công nghệ mới,Tăng cường sử dụng nước ngầm,Tăng cường sử dụng nước cho mục đích công nghiệp,train_fix,1
"Trường hợp nào sau đây được đề xuất sử dụng Finetuning hơn là Feature extractor?
I. Dữ liệu lớn, khác dữ liệu pretrain
II. Dữ liệu nhỏ, khác dữ liệu pretrain
III. Dữ liệu nhỏ, giống dữ liệu pretrain
IV. Dữ liệu lớn, giống dữ liệu pretrain",I,II và III,I và IV,IV,train_fix,1
"Nếu một tuyến bưu tá đã có hạn mức áp dụng – hạn mức cố định ≥ 25%, thì điều gì sẽ xảy ra với ô nhập ""Hạn mức phân bổ""?",Vẫn nhập được nhưng hiện cảnh báo,"Bị disable, không cho nhập thêm",Tự động reset về 0,Chỉ cho nhập tối đa thêm 5%,train_fix,1
"Khi log chỉ còn hiển thị gói SYN từ địa chỉ 203.0.113.0 và server ngừng phản hồi người dùng thật, ta có thể kết luận điều gì?",Đây là một tấn công DDoS vì có nhiều nguồn IP khác nhau.,Đây là một direct DoS SYN flood từ một nguồn IP duy nhất.,Đây chỉ là lưu lượng web thông thường do người dùng refresh trang liên tục.,Đây là lỗi cấu hình DNS gây timeout cho người dùng.,train_fix,1
Thuật toán nào thường được dùng để tối ưu tham số trong huấn luyện mạng nơ-ron sâu?,Stochastic Gradient Descent (SGD),Random Forest,Support Vector Machine,K-means,train_fix,1
"Theo tài liệu Public_102, nếu chuỗi đầu vào có 4 từ và mỗi từ có thể gán 3 nhãn khác nhau, tổng số cấu hình nhãn có thể có là bao nhiêu?",12,81,64,16,train_fix,1
"Có tất cả bao nhiêu cách để đi đến nút ""Not A Triangle"" trong bài toán Tam giác, theo tài liệu?",Bảy,Sáu,Năm,Tám,train_fix,1
Nội dung chính của phương pháp LDR trong tăng cường tương phản là gì?,Tăng tốc tính toán cho ảnh màu,Chỉ sử dụng phân phối mức xám tuyệt đối,Kết hợp thuật toán HE và CLAHE,Khai thác lược đồ 2D và chênh lệch mức xám để cải thiện tương phản theo HVS,train_fix,1
"Theo tài liệu Public_124, chỉ số CDR và HOSR lần lượt có ý nghĩa gì?",CDR: tỉ lệ thành công thiết lập cuộc gọi; HOSR: tỉ lệ rớt cuộc gọi,CDR: tỉ lệ rớt cuộc gọi; HOSR: tỉ lệ handover thành công,CDR: dung lượng dữ liệu thoại; HOSR: số lượng thuê bao đăng ký,CDR: trễ truyền dẫn; HOSR: mất gói dữ liệu,train_fix,1
Tóm tắt nội dung chính của học phần An toàn mạng (INT1482)?,Học về lập trình socket và cấu hình thiết bị mạng,Chỉ nghiên cứu lý thuyết mật mã học,"Nghiên cứu các nguy cơ, tấn công và giải pháp phòng thủ mạng, kèm bài tập lớn triển khai",Chủ yếu học về điện toán đám mây và ảo hóa,train_fix,1
Thách thức chính khi triển khai 6G là gì?,Dễ tích hợp 4G,Tiêu thụ năng lượng lớn và chi phí hạ tầng cao,Giảm băng thông,Không đủ tần số 4G,train_fix,1
Nhận định nào là chính xác về việc kiểm thử đặc tả mức thấp? Chọn hai nhận định,Nghiên cứu những đặc tả được đề ra ở mức chung nhất,Phân tích các thuật ngữ được nêu trong đặc tả,Kiểm tra các thuộc tính của các đặc tả,Đảm bảo đặc tả tuân theo các tiêu chuẩn pháp lý,train_fix,2
"Theo tài liệu Public_022, các thử nghiệm chịu lửa được áp dụng cho những loại tiết diện thép nào và không áp dụng cho loại nào?",Áp dụng cho thanh/que đặc; không áp dụng cho tiết diện rỗng nhồi bê tông,Áp dụng cho tiết diện có lỗ hở; không áp dụng cho tiết diện chữ I,"Áp dụng cho tiết diện chữ I, H, C, T, rỗng; không áp dụng cho thanh/que đặc hoặc tiết diện rỗng nhồi bê tông",Áp dụng cho tất cả tiết diện thép; không có ngoại lệ,train_fix,1
Nội dung chính của tài liệu Public_030 là gì?,Giới thiệu nguyên lý diode bán dẫn,"Trình bày khái niệm, cấu tạo, nguyên lý hoạt động, tham số chính, công thức tính và ứng dụng của tụ điện",Phân tích mạch logic số,Hướng dẫn chế tạo transistor,train_fix,1
"Theo tài liệu Public_056, thao tác nào dưới đây không được liệt kê là một thao tác cơ bản trên linked list?",Đảo node,Duyệt node,Nhân đôi node,Loại node,train_fix,1
"Trong hệ thống phân bổ giảng đường, nếu một giảng đường đang được lên lịch sử dụng cho lớp học chính khóa nhưng đồng thời có sự cố hỏng thiết bị, hệ thống sẽ xử lý thế nào và ai chịu trách nhiệm xử lý sự cố?","Hệ thống vẫn giữ lịch, sự cố do giảng viên báo và tự xử lý","Hệ thống khóa lịch tạm thời, sự cố do sinh viên báo và phòng đào tạo xử lý","Hệ thống giữ nguyên lịch học, sự cố được báo qua chức năng quản lý thiết bị và phòng đào tạo hoặc quản lý tài sản xử lý","Hệ thống hủy lịch đã phân bổ, sự cố chuyển sang quản lý sự kiện xử lý",train_fix,1
Logic mờ (Fuzzy logic) được áp dụng trong kiểm toán nhằm mục đích chính nào?,Đánh giá tính trọng yếu trên thang đo liên tục thay vì chỉ nhị phân đúng/sai.,Tăng tốc độ xử lý dữ liệu tài chính mà không cần kiểm tra.,Tự động thay thế toàn bộ quyết định của kiểm toán viên.,Giúp phân loại các khoản thu chi theo chuẩn mực kế toán quốc tế.,train_fix,1
"Theo kịch bản tấn công Smurf, nếu một mạng LAN có 200 máy và tất cả đều phản hồi ICMP về máy nạn nhân, điều gì có thể xảy ra?","Máy nạn nhân bị ngập lụt bởi 200 phản hồi ICMP cho mỗi gói yêu cầu, nhanh chóng làm nghẽn băng thông và có thể ngừng hoạt động","Máy nạn nhân chỉ nhận thêm khoảng 200 gói ICMP, không gây ảnh hưởng đáng kể",Các máy trong mạng LAN bị treo do gửi quá nhiều phản hồi,"
Router sẽ tự động chặn toàn bộ lưu lượng nên tấn công không thành công",train_fix,1
Sâu Nimda có điểm đặc biệt gì trong phương thức lây lan?,Chỉ lây qua email,Chỉ lây qua thư mục chia sẻ,Có khả năng lây lan theo nhiều con đường khác nhau, Chỉ lây qua lỗi tràn bộ đệm,train_fix,1
Tầng POOL trong CNN có mục đích chính là gì?,"Giảm kích thước ma trận đầu vào, giữ đặc trưng chính",Tăng số bộ lọc để học đặc trưng mới,Chuyển đổi ma trận thành vector,Kích hoạt phi tuyến bằng hàm ReLU,train_fix,1
"Giải thích đặc trưng cốt lõi của 6G và vai trò AI trong tối ưu và bảo mật mạng, nêu các ứng dụng tiêu biểu.","Đặc trưng: 1 Tbps, độ trễ <0.1 ms, phổ THz, vệ tinh–mặt đất, SDN/NFV; AI: tối ưu phổ tần động, mạng tự trị, dự báo lưu lượng, bảo mật thông minh; ứng dụng: metaverse XR, xe tự hành, y tế từ xa, cảm biến môi trường.","6G chỉ nâng cấp nhẹ từ 5G, không tích hợp AI; ứng dụng chính là gọi điện.","AI chỉ cho chatbot, không liên quan tối ưu mạng.","6G không cần phổ THz, không dùng cho metaverse.",train_fix,1
Hệ thống được mô tả trong tài liệu Public_282 sử dụng công nghệ nào để xây dựng giao diện người dùng (UI/UX)?,Angular + Bootstrap,React + Ant Design,Vue.js + Vuetify,HTML + CSS thuần,train_fix,1
"Nếu một công ty muốn xây dựng một website thương mại điện tử có khả năng quản lý cơ sở dữ liệu tốt, tích hợp dễ dàng với HTML và JavaScript, đồng thời tiết kiệm chi phí phát triển, thì PHP có phải là lựa chọn phù hợp không?","Có, vì PHP đáp ứng đầy đủ các tiêu chí trên","Không, vì PHP chỉ phù hợp cho website tĩnh","Không, vì PHP không tích hợp được với JavaScript","Không, vì PHP không hỗ trợ cơ sở dữ liệu",train_fix,1
"Sử dụng tài liệu `Public_117`, tính P(y=1∣x=1) theo quy tắc Bayes với y∈{0,1} có P(y=1)=0.4 và x∈{0,1} có P(x=1∣y=1)=0.9, P(x=1∣y=0)=0.2.",0.6,0.5,0.75,0.36,train_fix,1
"Giải pháp thử nghiệm tại Học viện Ngân hàng được lựa chọn là gì, theo tài liệu Public_005?",Viettel OCR,FPT.AI Reader,Google Vision AI,Tesseract,train_fix,1
"Trong thiết kế phân tán, cơ chế Allgather dùng để làm gì và ưu điểm chính của thiết kế này là gì?",Chia sẻ dữ liệu và giảm bottleneck,Giảm learning rate và tăng chính xác,Chia sẻ gradient giữa các node và loại bỏ bottleneck master node,Lưu checkpoint và tăng tốc inference,train_fix,1
Ứng dụng nào cần 6G để đạt độ trễ siêu thấp?,Phẫu thuật robot thời gian thực,Gửi email,Phát thanh FM,Lưu trữ đám mây tĩnh,train_fix,1
Nội dung của tài liệu Public_051 không bao gồm bài toán nào?,Bài toán liệt kê,Bài toán đếm,Bài toán tồn tại,Bài toán đặc thù,train_fix,1
Xu hướng tương lai giúp tăng tốc mô phỏng khí hậu là gì?,Mạng xã hội,Exascale Computing kết hợp AI,Máy tính xách tay mạnh hơn,Giảm độ phân giải mô hình,train_fix,1
"Trong tài liệu, ưu điểm của công nghệ Contour Crafting so với Concrete Printing là gì?",Độ mịn bề mặt sản phẩm tốt hơn,Khả năng chịu lực cao hơn,Chi phí rẻ hơn,Quy mô in lớn hơn,train_fix,1
Kể tên 2 công việc của Devops,"- code
- Đưa ra giải pháp kiến trúc sản phẩm","- Phân tích các nghiệp vụ mà Khách hàng đưa ra
- Viết tài liệu nghiệp vụ","- CI (Continuous Integration)
- Xây dựng kiến trúc (Infrastructure as code)",- Review & Maintaince các source code của developer,train_fix,1
Vật liệu nào phổ biến nhất được sử dụng làm chất bán dẫn cơ bản?,Silicon (Si),Germanium (Ge),Gallium Arsenide (GaAs),Antimon (Sb),train_fix,1
Tóm tắt nội dung chính của phần huấn luyện và suy luận Linear-Chain CRFs?,Trình bày cách tính P(X),Giới thiệu mô hình MRF,Minh họa POS tagging,Giải thích huấn luyện bằng MLE + Forward-Backward và suy luận bằng Viterbi,train_fix,1
"Trong các tiêu chuẩn ISO/IEC liên quan đến đo lường và đánh giá sự phù hợp, tiêu chuẩn nào cung cấp từ vựng quốc tế về đo lường và định nghĩa thuật ngữ độ chệch?",ISO/IEC 17025,ISO/IEC Guide 99,ISO/IEC 17000,ISO 18113-1,train_fix,1
Các biện pháp phòng chống Logic bomb hiệu quả nhất bao gồm những gì?,"Dùng phần mềm chống virus uy tín, không cài đặt phần mềm không rõ nguồn gốc, thường xuyên cập nhật hệ điều hành","Cài thêm thật nhiều phần mềm, hạn chế cập nhật hệ thống, chia sẻ file qua USB","Tắt tường lửa, mở mọi cổng mạng để theo dõi dễ hơn",Chỉ dựa vào backup dữ liệu mà không cần phần mềm bảo mật,train_fix,1
"Nêu chi tiết cách các cơ chế học của robot công nghiệp tự học được áp dụng để cải thiện thuật toán lập kế hoạch đường đi trong môi trường nhà máy thông minh, kèm theo các ví dụ thực tiễn.","Thuật toán: A*, D*, PRM, ZMP, PID; học tăng cường, học chuyển giao, thị giác 3D, cảm biến lực, Edge AI; ứng dụng: lắp ráp linh kiện, hàn sơn, đóng gói, bảo trì, cobots; lợi ích: linh hoạt, an toàn, tối ưu sản xuất.",Robot chỉ cần lập trình cứng; không dùng thuật toán tìm đường; không cần Edge AI.,"Chỉ dùng PID, không áp dụng học tăng cường.","Robot chỉ làm đóng gói, không thể tự học hay cộng tác.",train_fix,1
ISP viết tắt là gì khi dịch sang Tiếng Việt?,Giao thức Dịch vụ Quốc tế,Nhà cung cấp Tín hiệu Internet,Nhà cung cấp Dịch vụ Internet,Nền tảng Hệ thống Tích hợp,train_fix,1
Những đặc điểm nổi bật của ngôn ngữ lập trình Dart là gì?,Hỗ trợ lập trình bất đồng bộ với async/await,Không có cơ chế thu gom rác (Garbage Collection),Sử dụng hệ thống kiểu dữ liệu tĩnh với Null Safety,Chỉ hỗ trợ chạy trên trình duyệt Web,train_fix,2
Input của bài toán object detection là?,Âm thanh,Hình ảnh,Văn bản,Hỗn hợp,train_fix,1
Tần suất thực hiện các cuộc mô phỏng lừa đảo (phishing simulations) được quy định trong tài liệu Public_260 là bao nhiêu?,Hàng tháng,2 lần/năm,Hàng quý,Hàng tuần,train_fix,1
Điểm BLEU được dùng để đánh giá chất lượng bản dịch trong tài liệu Public_003 là gì?,Một thuật toán dịch máy,Một loại dữ liệu song ngữ,Một phương pháp đánh giá tự động chất lượng dịch máy,Một hệ dịch mã nguồn mở,train_fix,1
"Theo tài liệu Public_197, những yêu cầu cụ thể nào về cơ sở vật chất được xem là thách thức lớn nhất khi ứng dụng AI?",120 thiết bị,100 thiết bị,90 thiết bị,150 thiết bị,train_fix,1
Nội dung chính của tài liệu Hidden Markov Model là gì?,"Trình bày Markov Chain cơ bản, không có trạng thái ẩn",Giới thiệu các loại mô hình xác suất khác nhau,"Giải thích khái niệm, cấu trúc, ba bài toán cơ bản và ứng dụng của HMM",Trình bày chi tiết thuật toán Deep Learning hiện đại,train_fix,1
"Trong số các mô hình mạng nơ-ron được đề cập trong tài liệu Public_038, mô hình nào không phải là một dạng của Mạng Nơ-ron Hồi quy (RNN)?",One to one,Two to one,Many to one,Many to many,train_fix,1
"Mô tả cấu trúc, cơ chế và lợi ích chiến lược của pin natri-ion, nêu ứng dụng thực tế và các thách thức hiện nay.","Hoạt động tương tự pin lithium-ion nhưng dùng Na⁺; ưu điểm: nguyên liệu rẻ, dồi dào, ổn định nhiệt độ thấp, bền vững chuỗi cung ứng; ứng dụng: lưu trữ năng lượng tái tạo, xe điện đô thị, thiết bị IoT; thách thức: mật độ năng lượng thấp hơn, vật liệu điện cực, chuẩn hóa công nghiệp","Giống pin lithium-ion hoàn toàn, không khác biệt",Không phù hợp lưu trữ năng lượng lưới điện,Giá cao hơn lithium-ion,train_fix,1
"Dựa trên tài liệu Public_272, hãy cho biết sự khác nhau giữa preventative control và corrective control, đồng thời chọn ví dụ minh họa phù hợp cho từng loại.",Preventative ngăn sự cố trước khi xảy ra (ví dụ: firewall); Corrective phục hồi sau sự cố (ví dụ: backups),Preventative phục hồi sau sự cố (ví dụ: disaster recovery); Corrective ngăn sự cố (ví dụ: IDS).,Preventative chỉ là chính sách; Corrective chỉ là phần mềm.,Preventative là kiểm soát vật lý (ví dụ: locks); Corrective là kiểm soát nhân sự (ví dụ: training).,train_fix,1
"Theo tài liệu Public_087, thách thức lớn khi triển khai hệ thống AI giám sát không khí là gì?",Độ chính xác và bảo mật dữ liệu cảm biến,Thiếu ánh sáng mặt trời,Không có dữ liệu vệ tinh,Chi phí pin mặt trời,train_fix,1
Nội dung chính của tài liệu 'Public_110' nói về điều gì?,Giới thiệu các mô hình CNN ứng dụng trong gợi ý sản phẩm,Phân tích Markov Chain và RNN trong hệ gợi ý,Hướng dẫn triển khai hệ thống e-commerce,Các mô hình gợi ý tuần tự dựa trên attention: SASRec và BERT4Rec,train_fix,1
"Hãy xác định phiên bản Tableau miễn phí và đặc điểm nổi bật của phiên bản này.
", Tableau Viewer; cho phép chỉnh sửa dữ liệu, Tableau Reader; cho phép tạo dashboard mới,Tableau Public; cho phép chia sẻ trực quan hóa lên đám mây công khai,"

Tableau Desktop Personal; giới hạn chức năng kết nối dữ liệu ",train_fix,2
Mục đích chính của hệ thống thông tin quản lý và phân bổ giảng đường là gì?,Giúp sinh viên tra cứu điểm học phần,"Quản lý lịch học, phân bổ giảng đường và trang thiết bị hiệu quả",Hỗ trợ xây dựng cổng thông tin tuyển sinh trực tuyến,Tự động cấp phát tài khoản cho giảng viên và sinh viên,train_fix,1
CSSR phản ánh điều gì trong chất lượng mạng?,Tỉ lệ rớt cuộc gọi,Tỉ lệ thành công của handover,Tỉ lệ thiết lập cuộc gọi thành công,Tỉ lệ nghẽn kênh thoại,train_fix,1
"Trình bày vai trò của Generative AI và các mô hình điển hình trong thiết kế thuốc, đồng thời nêu ứng dụng thực tế.","Mô hình: GAN, VAE, Diffusion, transformer LLM; cơ chế: tạo phân tử mới, reinforcement learning tối ưu đặc tính dược; ứng dụng: tìm hợp chất kháng virus, kháng sinh Halicin, dự đoán tương tác phân tử; lợi ích: rút ngắn thời gian, giảm chi phí.",Chỉ cần thống kê truyền thống để tìm phân tử; AI không liên quan.,Dùng CNN thay vì mô hình tạo sinh; ứng dụng chính là phân tích ảnh y tế.,"Generative AI chỉ để tạo văn bản marketing, không cho thiết kế thuốc.",train_fix,1
"Theo tài liệu, Estuary Flow sử dụng tính năng nào của MySQL để sao chép dữ liệu hiệu quả về chi phí?",WAL (Write Ahead Log),Binlog,CDC (Change Data Capture),Replication Slot,train_fix,1
Đơn vị đo điện dung của tụ điện là gì?,Farad (F),Volt (V),Coulomb (C),Ohm (Ω),train_fix,1
Nêu 1 lý do cần Kubernetes và lý do container trở nên phổ biến,"Lý do cần Kubernetes 
- Service discovery và cân bằng tải
Lý do container trở nên phổ biến
- Tạo mới và triển khai ứng dụng Agile","Lý do cần Kubernetes 
- Đóng gói thủ công
Lý do container trở nên phổ biến
- Tính khả chuyển trên cloud và các bản phân phối HĐH","Lý do cần Kubernetes 
- Tự phục hồi
Lý do container trở nên phổ biến
- Sử dụng tài nguyên: thiếu hiệu quả","Lý do cần Kubernetes 
- Xu thế của thế giới
Lý do container trở nên phổ biến
- Khả năng quan sát không chỉ hiển thị thông tin và các metric ở mức Hệ điều hành, mà còn cả application health và các tín hiệu khác",train_fix,1
Tiền đề để sử dụng dấu gạch nối (-) trong văn bản kỹ thuật?,Có ít nhất một điều kiện đúng,Có quá nửa điều kiện đúng,Có ít nhất một điều kiện sai,Có quá nửa điều kiện sai,train_fix,1
"Theo tài liệu, mô hình “Phòng vệ theo chiều sâu” (Defence in Depth) cho thấy nguyên tắc quan trọng nào khi thiết kế hệ thống an toàn thông tin?

", Chỉ cần một lớp bảo vệ hiện đại là đủ để đảm bảo an toàn,"Cần triển khai nhiều lớp bảo vệ bổ sung cho nhau, đồng thời cân bằng giữa an toàn, tính hữu dụng và chi phí ","Ưu tiên tuyệt đối an toàn, bất chấp chi phí và tính hữu dụng",Chỉ cần tập trung vào lớp mạng vì đây là nơi tấn công chủ yếu,train_fix,1
Hệ màu RGB biểu diễn tất cả các màu khả kiến dưới dạng tổ hợp của ba màu gì?,"Đỏ, xanh lục, xanh lam","Đỏ, vàng, xanh lam","Xanh lục, cam, tím","Vàng, xanh biển, tím đỏ",train_fix,1
"Khi phát triển ứng dụng thương mại điện tử bằng PHP, lập trình viên cần chú ý điều gì nhất để đảm bảo an toàn bảo mật?",Tập trung vào tối ưu tốc độ thực thi vì PHP chạy chậm hơn JavaScript,Phải áp dụng các biện pháp lập trình an toàn và cập nhật phiên bản thường xuyên để hạn chế lỗ hổng,Không nên dùng PHP cho thương mại điện tử vì thiếu khả năng tích hợp,Chỉ cần cài thêm framework là có thể bỏ qua các vấn đề bảo mật,train_fix,1
"Dựa trên tài liệu Public_163, hãy xác định một thực thể tham gia mô hình giao dịch SET và một nhiệm vụ chính của thực thể đó.",Cardholder; chọn sản phẩm và gửi thông tin đơn hàng , Merchant; cấp chứng chỉ số cho các bên,Payment Gateway; chuyển thông tin thẻ cho ngân hàng của người bán , Issuer; cung cấp website thương mại điện tử,train_fix,2
Biện pháp nào có thể tạo từ trường nhân tạo cho Sao Hỏa?,Dùng khinh khí cầu,Khoan sâu vào lõi,Bơm khí helium,Đặt nam châm khổng lồ tại điểm L1,train_fix,1
"Nếu phải tóm tắt ngắn gọn nội dung chính của tài liệu “Trí tuệ nhân tạo trong ứng dụng năng lượng nguyên tử”, ý nào phản ánh đúng nhất?","AI kết hợp với kỹ thuật hạt nhân đang mở rộng ứng dụng từ y tế, nông nghiệp, môi trường, công nghiệp đến an ninh – nhằm nâng cao hiệu quả, độ chính xác và an toàn trong nhiều lĩnh vực",Tài liệu chỉ mô tả lịch sử phát triển điện hạt nhân ở thế kỷ XX.,Tài liệu khẳng định AI có thể thay thế hoàn toàn năng lượng tái tạo.,Tài liệu chỉ tập trung vào mô phỏng vật lý plasma trong phòng thí nghiệm.,train_fix,1
Quốc gia nào là nước đầu tiên công bố Kế hoạch chiến lược trí tuệ nhân tạo quốc gia và vào năm nào?,"Trung Quốc, năm 2017","Mỹ, năm 2016","Pháp, năm 2018","Nhật Bản, năm 2019",train_fix,1
Giao thức nào thường được dùng cho thiết bị IoT tiết kiệm băng thông và nhẹ?,HTTP,MQTT,FTP,SNMP,train_fix,1
"Trình bày nguyên lý tính toán bằng photon, lợi ích và ứng dụng trong AI thế hệ mới.","Truyền và xử lý thông tin bằng photon qua mạch quang, tính toán song song đa bước sóng, tốc độ gần ánh sáng, giảm năng lượng; ứng dụng: huấn luyện mô hình lớn, edge AI, mạng lượng tử","Máy tính quang học chỉ truyền dữ liệu, không tính toán","Chỉ dùng cho chiếu sáng, không liên quan AI","Tốc độ thấp, tiêu tốn năng lượng cao",train_fix,1
"Theo tài liệu Public_272, ba nhóm chính của kiểm soát an ninh mạng là gì?","Governance, Monitoring, Recovery","Administrative/Managerial controls, Technical controls, Physical/Operational controls","Preventative, Detective, Corrective","Firewall, IDS, CCTV",train_fix,1
"Nếu một hệ thống phải xử lý khối lượng lớn dữ liệu động và thường xuyên thay đổi, nhược điểm nào của GraphQL có thể khiến việc tối ưu hiệu suất trở nên phức tạp hơn?",Giao diện người dùng khó sử dụng,Quản lý bộ nhớ đệm (caching) phức tạp so với REST,Không hỗ trợ các hệ điều hành phổ biến,Không cho phép client chỉ định dữ liệu cần lấy,train_fix,1
Hình thức sử dụng biến nào không bao giờ nằm trong lát cắt của biến đó?,P-use,O-use,C-use,A-def,train_fix,1
Tổng quan về Kubernetes trong tài liệu Public_192,"Kubernetes là một nền tảng nguồn mở, khả chuyển, có thể mở rộng để quản lý các ứng dụng được đóng gói và các service, giúp thuận lợi trong việc cấu hình và tự động hoá việc triển khai ứng dụng. Kubernetes là một hệ sinh thái lớn và phát triển nhanh chóng. Các dịch vụ, sự hỗ trợ và công cụ có sẵn rộng rãi.","Kubernetes là một nền tảng nguồn đóng, không thể mở rộng để quản lý các ứng dụng được đóng gói và các service, giúp thuận lợi trong việc cấu hình và tự động hoá việc triển khai ứng dụng. Kubernetes là một hệ sinh thái lớn và phát triển nhanh chóng. Các dịch vụ, sự hỗ trợ và công cụ có sẵn rộng rãi.","Kubernetes là một nền tảng nguồn độc, không được cài đặt","Kubernetes là một nền tảng nguồn mở, khả chuyển, có thể mở rộng để quản lý các ứng dụng mobile.Kubernetes là một hệ sinh thái lớn và phát triển nhanh chóng. Các dịch vụ, sự hỗ trợ và công cụ có sẵn rộng rãi.",train_fix,1
Công nghệ tương lai nào hứa hẹn tăng độ phân giải mô phỏng vũ trụ?,4G,Siêu máy tính exascale và máy tính lượng tử,Blockchain,Máy in 3D,train_fix,1
"Qua mô tả trong tài liệu, có thể rút ra nhận định tổng quan nào về vai trò của IDS/IPS trong an toàn mạng?

",IDS/IPS chỉ thay thế hoàn toàn tường lửa nên có thể bỏ qua các lớp bảo vệ khác,"IDS/IPS là một lớp trong kiến trúc phòng thủ nhiều lớp, giúp phát hiện và ngăn chặn xâm nhập nhưng không thể loại bỏ mọi rủi ro ✅","
IDS/IPS chỉ phù hợp cho mạng LAN nhỏ, không áp dụng cho mạng diện rộng",IDS/IPS chỉ phát hiện tấn công từ bên trong mạng,train_fix,1
Tóm tắt cách hoạt động của GAN?,"Generator sẽ sinh ảnh, Discriminator sẽ chấm điểm bức ảnh dựa trên kho ảnh.","Generator sẽ sinh ảnh giả, Discriminator sẽ chọn ra ảnh thật giữa ảnh giả và một ảnh thật (nhưng không biết là thật). Hai mô hình sẽ đối đầu nhau","Generator sẽ sinh ảnh, Discriminator cũng sinh ảnh. Hệ thống chọn một bức ảnh giống với chúng và trả về để hai mô hình cả thiện","Generator sẽ sinh ảnh, Discriminator sẽ quyết định cách cập nhật Generator",train_fix,1
"Theo tài liệu Public_050, bước đầu tiên của quá trình tiếp cận bài toán là gì?",Tìm cấu trúc dữ liệu phù hợp,Lựa chọn thuật toán,Xác định yêu cầu bài toán ,Xác định ngôn ngữ và trình dịch,train_fix,1
Đâu không phải là một ứng dụng thực tế của phân loại Naive Bayes?,Lọc thư rác,Chẩn đoán y tế,Phát hiện chuyển động bất thường,Dự đoán sắc thái tài liệu,train_fix,1
Mục tiêu chính của kiểm thử hiệu năng trong việc đánh giá khả năng đáp ứng và ổn định của hệ thống là gì?,"Nhằm đo lường khả năng của hệ thống trong việc phản hồi số lượng lớn yêu cầu trong điều kiện tải khác nhau, từ đó phát hiện các điểm nghẽn tiềm ẩn, đánh giá sự ổn định, khả năng mở rộng và tối ưu tài nguyên trước khi hệ thống được đưa vào sử dụng thực tế.","Để loại bỏ hoàn toàn nhu cầu kiểm thử chức năng, chỉ tập trung vào tốc độ.",Để minh họa giao diện trực quan hơn cho người dùng cuối.,Để giảm số lượng lập trình viên cần tham gia phát triển hệ thống.,train_fix,1
Mục đích chính của việc bổ sung luồng trình ký Voffice trong hệ thống là gì?,"Tích hợp quy trình khai báo, phê duyệt và quản lý mã KH chi COD",Tăng tốc độ xử lý dữ liệu trên app KH,Thay thế toàn bộ hệ thống FICO bằng Voffice,Hỗ trợ khách hàng đăng ký tài khoản mới,train_fix,1
Có bao nhiêu bước phân tích trong quy trình được mô tả trong tài liệu Public_067 và tên của chúng là gì?,Hai. Phân tích tĩnh và phân tích động,"Ba. Phân tích tĩnh, phân tích độ phủ và phân tích động",Hai. Phân tích độ phủ và phân tích động,Hai. Phân tích độ phủ và phân tích tĩnh,train_fix,1
"Để giải thích vì sao lập trình viên có thể nhanh chóng phát triển ứng dụng đa nền tảng bằng Flutter và Dart, yếu tố nào sau đây phản ánh đúng cả ngôn ngữ Dart và framework Flutter?","art hỗ trợ lập trình bất đồng bộ với async/await, còn Flutter cung cấp tính năng Hot Reload giúp rút ngắn vòng lặp chỉnh sửa–kiểm thử.","Dart chỉ hỗ trợ chạy trên trình duyệt, còn Flutter chủ yếu dùng để xây dựng API backend.","Dart không có Garbage Collection, trong khi Flutter tự động quản lý bộ nhớ.",Dart và Flutter đều chỉ tương thích với hệ điều hành Android.,train_fix,1
OCR là viết tắt của gì trong bài báo này?,Optical Character Recognition,Optical Code Reader,Optical Computing Resource,Optical Capture Recognition,train_fix,1
Phần 'Xác suất' trong tài liệu Public_117 chủ yếu trình bày nội dung gì?,Chỉ các thuật toán tối ưu bậc hai và ứng dụng trong deep learning,"Ngẫu nhiên rời rạc/ liên tục; joint–marginal–conditional; Bayes; độc lập; kỳ vọng; và một số phân phối chuẩn như Bernoulli, Categorical, Normal, Beta, Dirichlet",giới thiệu mô hình hồi quy tuyến tính và gradient descent,Toàn bộ suy diễn Bayes cho mạng Bayes phức tạp,train_fix,1
Tên template xuất Excel danh sách hạn mức bưu cục là gì?,Hạn-mức-bưu-cục,Hạn-mức-chi-nhanh,Danh-sách-hạn-mức,Template-hạn-mức,train_fix,1
"Theo tài liệu Public_049, thành phần nào không thuộc phạm vi quản lý của biến?",Kiểu dữ liệu,Tên biến,Giá trị biến,Địa chỉ lưu biến,train_fix,1
Nội dung chính của bài báo nghiên cứu Public_108 là gì?,Mô phỏng robot trong môi trường Gazebo bằng thuật toán di truyền,Trình bày cơ sở lý thuyết về Markov Decision Process,Phân tích các phương pháp điều khiển cổ điển cho robot di động,"Đề xuất và so sánh Q-Learning, SARSA cho định vị robot trong môi trường không xác định",train_fix,1
"Trong quản lý chất lượng dịch vụ 5G, nhóm dịch vụ nào phù hợp nhất cho truyền video 8K và VR?",URLLC,eMBB,mMTC,Network Slicing,train_fix,1
"Khi client chỉ cần một phần thông tin cụ thể từ server, GraphQL giúp loại bỏ tình trạng nào để tối ưu hóa tải trọng dữ liệu?",Quá tải dữ liệu (over-fetching) hoặc thiếu dữ liệu (under-fetching),Trùng lặp dữ liệu (duplication),Chia tách dữ liệu (splitting),Mất dữ liệu trong quá trình truyền tải (data loss),train_fix,1
"Hãy phân tích nguyên lý hoạt động của Federated Learning và các kỹ thuật bảo mật nâng cao, đồng thời nêu lợi ích và thách thức khi áp dụng trong môi trường y tế đa cơ sở.","Nguyên lý: server khởi tạo mô hình → client huấn luyện cục bộ → gửi trọng số → server tổng hợp FedAvg → lặp; bảo mật: Differential Privacy, SMPC, Homomorphic Encryption, TEE; lợi ích: bảo vệ quyền riêng tư, đa dạng dữ liệu, tuân thủ pháp lý; thách thức: dữ liệu không đồng nhất, kết nối mạng, chi phí cục bộ, cân bằng đóng góp.","Chỉ cần server huấn luyện trung tâm, bỏ qua huấn luyện cục bộ; bảo mật chỉ cần SSL; thách thức chủ yếu là dung lượng ổ cứng.",FL yêu cầu chia sẻ dữ liệu thô cho server; bảo mật bằng mật khẩu; thách thức chính là số lượng bệnh viện ít.,Hoạt động: các bên trao đổi dữ liệu đầy đủ; bảo mật dựa trên VPN; không gặp vấn đề dữ liệu không đồng nhất.,train_fix,1
"Theo tài liệu Public_077, công nghệ nào kết hợp với blockchain để tự động ghi dữ liệu môi trường?",AI,DNS,IoT Sensor,Static VPN,train_fix,1
"Nếu mạng ghi nhận 1.000 cuộc gọi và 25 cuộc bị rớt, hãy tính Tỷ lệ rớt cuộc gọi (CDR).",0.02,"2,5%",0.25,"0,25%",train_fix,1
"Theo tài liệu, GNIP đã thu thập ~140.000 bản ghi đồng vị từ 1.100 trạm, trong đó 350 trạm còn đang hoạt động. Hỏi số trạm đã ngừng hoạt động chiếm khoảng bao nhiêu phần trăm tổng số trạm?",0.68,0.5,0.32,0.25,train_fix,1
"Nếu một HMM có 3 trạng thái ẩn (N=3) và chuỗi quan sát dài 4 bước (T=4), độ phức tạp của thuật toán Forward là bao nhiêu?",O(NT),O(N³T),O(T²),O(N²T),train_fix,1
Tại sao PHP vẫn còn được nhiều lập trình viên sử dụng đến hiện nay?,Vì cú pháp phức tạp và khó học nên ít người cạnh tranh,Vì PHP chỉ hỗ trợ tốt trên hệ điều hành Linux,Do PHP là ngôn ngữ hướng đối tượng thuần túy,"Do cộng đồng hỗ trợ lớn, tính linh hoạt, dễ tích hợp và tương thích nhiều nền tảng",train_fix,1
Nội dung chính của tài liệu là gì?,Giới thiệu lịch sử phát triển phần cứng,"Trình bày khái niệm, quản lý tệp, hệ lệnh, hệ điều hành Windows (từ MS-DOS, Windows 95 đến Windows XP)",Hướng dẫn cài đặt phần mềm diệt virus,Phân tích mô hình mạng OSI,train_fix,1
"Trong ví dụ của tài liệu, Linear-Chain CRFs được minh họa cho hai bài toán nào?",Dịch máy & Tổng hợp văn bản,NER & Dịch máy,NER & POS tagging,POS tagging & Sinh văn bản,train_fix,1
"Theo văn bản, Git khác biệt so với VCS cục bộ như SVN ở điểm nào, và Git hỗ trợ thao tác nào giúp phát triển song song mà vẫn an toàn?","Khác biệt: Git phân tán, SVN cục bộ; Thao tác: tạo và quản lý Branch","Khác biệt: Git không cần mạng, SVN cần mạng; Thao tác: Commit","Khác biệt: Git luôn ổn định, SVN thường lỗi; Thao tác: Merge","Khác biệt: Git chỉ dùng online, SVN dùng offline; Thao tác: Fetch",train_fix,1
Linear-Chain CRFs thường được áp dụng trong bài toán nào?,Gán nhãn thực thể có tên (NER),Phân loại văn bản,Dịch máy,Sinh văn bản,train_fix,1
Transistor NPN có các cực được sắp xếp như thế nào?,"Emitter–P, Base–N, Collector–P","Emitter–N, Base–P, Collector–N","Emitter–P, Base–P, Collector–N","Emitter–N, Base–N, Collector–P",train_fix,1
"Nếu một cấu kiện bê tông làm việc trong môi trường xâm thực, theo TCVN 5574:2018, cần đảm bảo thêm yêu cầu gì ngoài an toàn và sử dụng bình thường?",Không cần bổ sung yêu cầu nào,Giảm kích thước tiết diện để tiết kiệm vật liệu,Yêu cầu về độ bền lâu và bảo vệ chống xâm thực,Chỉ cần tăng cường số lượng cốt thép,train_fix,1
Những yếu tố nào thường gây ảnh hưởng đến hiệu năng của hệ thống?,Thời gian phản hồi kéo dài,Quản lý tài nguyên kém, Giao diện đơn giản,Lỗi trong mã nguồn/cấu trúc dữ liệu,train_fix,2
"Giả sử 2 lớp có m1−m2 = [2, −1]^T, và S_W = [[5, 1], [1, 2]]. Tính hướng phân biệt tuyến tính của Fisher (Fisher's linear discriminant direction) w, biết rằng w tỉ lệ với S_W^{-1}(m1−m2).","[0.5, −1.5]^T","[0.333, −0.666]^T","[1, −1]^T","[0.4, −1.2]^T (tỷ lệ)",train_fix,1
"Trong tài liệu Public_064, có bao nhiêu độ đo được quyết định chỉ dựa trên câu lệnh rẽ nhánh; đó là những độ đo nào?",Hai. C1 và C2,Hai. C2 và C3,Hai. C3 và C1,"Ba. C1, C2 và C3",train_fix,1
"Nếu một đơn hàng có tổng tiền trước thuế khác với tổng tiền chi tiết, hệ thống sẽ xử lý thế nào?",Vẫn cho phát hành hóa đơn bình thường,Báo lỗi không cho phát hành hóa đơn,Gửi thông báo về khách hàng để tự chỉnh sửa,Tự động điều chỉnh cho khớp số liệu,train_fix,1
Thuật toán mật mã nào bắt buộc áp dụng cho chữ ký số theo quy định kỹ thuật trong Thông tư?,RSA với độ dài khóa tối thiểu 1024 bit và lược đồ RSASSA-PKCS1-v1_5,"RSA phiên bản 2.1 với lược đồ RSAES-OAEP để mã hóa và RSASSA-PSS để ký, độ dài khóa tối thiểu 2048 bit
",AES với độ dài khóa 128 bit cho ký số và SHA-1 cho hàm băm,DES và MD5 làm chuẩn mã hóa và băm trong hệ thống ký số,train_fix,1
"Nếu một ngày có tỷ lệ thu công nợ = 99.85%, hệ thống sẽ hiển thị đánh giá thế nào?",Đạt,Không đạt,Chờ duyệt,Lỗi dữ liệu,train_fix,1
"Hãy mô tả đầy đủ các thành phần kiến trúc chính của mạng 5G, phương pháp triển khai và các cơ chế quản lý dịch vụ & bảo mật, đồng thời nêu rõ vai trò của network slicing và điện toán biên (MEC).","Thành phần: RAN (gNodeB, Massive MIMO, beamforming), 5G Core (SBA, network slicing), Edge Computing (MEC); triển khai: khảo sát tần số, small cell, beamforming, container hóa; quản lý: QoS cho eMBB/URLLC/mMTC, bảo mật đa lớp, AI giám sát; network slicing tách mạng phục vụ từng dịch vụ; MEC giảm độ trễ <1 ms cho ứng dụng thời gian thực.","Thành phần: chỉ RAN và 5G Core, MEC chỉ dùng cho lưu trữ dữ liệu; network slicing chỉ để giảm chi phí năng lượng.","Triển khai chủ yếu dựa vào 4G nâng cấp, không cần MEC; network slicing dùng cho tăng băng thông chung, không tách dịch vụ.","Kiến trúc tập trung vào core, bỏ qua RAN và MEC; network slicing chỉ áp dụng cho IoT, không liên quan dịch vụ băng thông cao. TD070",train_fix,1
Giả định cơ bản nào được áp dụng trong kiểm thử giá trị biên?,Hàm kiểm thử phải là hàm toán học (song ánh),Tập xác định phải là tập số tự nhiên,Tập xác định/tập giá trị có biên/khu cận biên,Không cần giả định gì,train_fix,1
"Dựa trên tài liệu Public_002, mô tả học phần Cơ sở dữ liệu nâng cao, hãy liệt kê các loại CSDL không được đề cập trong nội dung học phần này.",CSDL NoSQL,CSDL hướng đối tượng,CSDL bán cấu trúc XML,CSDL quan hệ truyền thống,train_fix,1
Loại đầu đo nhiệt nào được ưu tiên sử dụng trong thử nghiệm cấu kiện thép?,Loại “J” trần không bọc,Loại “N” bọc nhựa,"Loại “T”, “N”, “K”, “J” có vỏ bọc thép không gỉ cách nhiệt bằng sợi khoáng",Loại dây dẫn thường bọc nhựa PVC,train_fix,1
"Trong ứng dụng phân loại văn bản, hai vấn đề chủ yếu cần giải quyết khi sử dụng phân loại Naive Bayes là gì?",Số lượng từ trong văn bản và hàm chia,Cách biểu diễn văn bản và công thức,Bản quyền và tính open source,Định dạng văn bản đầu vào và xây dựng bộ dữ liệu,train_fix,1
Lợi ích cụ thể nào của bản vẽ hoàn công giúp nhà thầu kiểm soát hiệu quả sự khác biệt giữa thiết kế ban đầu và thực tế thi công của một dự án?,Tiết kiệm giấy in khi vẽ nhiều lần,"Hỗ trợ quản lý thay đổi, giúp so sánh bản vẽ thiết kế với thực tế để đảm bảo minh bạch và định hướng rõ ràng",Giúp tiết kiệm chi phí mua phần mềm CAD hiện đại,Giúp tăng tính thẩm mỹ cho báo cáo dự án,train_fix,1
Kỹ thuật nào cho phép robot học từ phản hồi môi trường để tối ưu hành động?,Học giám sát,Học tăng cường (Reinforcement Learning),Phân cụm K-means,Mạng nơ-ron hồi tiếp,train_fix,1
"Từ tài liệu Public_193, những kiến thức và kỹ năng nào là cần thiết cho một kỹ sư DevOps khi tập trung vào một giai đoạn cụ thể trong roadmap DevOps?","Giai đoạn đầu tiên: Learn a some CI/CD tool
Từ đó Devops cần học code một số ngôn ngữ hệ thống như bashscript, java, javascipt , python, Php…","Giai đoạn đầu tiên: Learn a Programming Language
Từ đó Devops cần học code một số ngôn ngữ hệ thống như bashscript, java, javascipt , python, Php…","Giai đoạn đầu tiên: tham gia code các function của sản phẩm phần mềm
Từ đó Devops cần học code một số ngôn ngữ hệ thống như bashscript, java, javascipt , python, Php…","Giai đoạn sau cùng: làm việc như 1 Cloud Provider
Từ đó Devops cần học code một số ngôn ngữ hệ thống như bashscript, java, javascipt , python, Php…",train_fix,1
"Nếu một công ty muốn phát triển ứng dụng thương mại điện tử đa nền tảng, yêu cầu giao diện đẹp mắt, tốc độ cao, và khả năng cập nhật nhanh khi thay đổi giao diện, vì sao họ nên chọn Dart + Flutter thay vì chỉ dùng JavaScript?","Vì Flutter bắt buộc phải dùng với Dart, không thể chạy trên iOS hoặc Web.",Vì Dart không cần Garbage Collection nên chạy mượt hơn JavaScript.,"Vì Dart hỗ trợ AOT và JIT giúp hiệu năng cao, đồng thời Flutter có Hot Reload và hệ thống widget linh hoạt để tối ưu giao diện.","Vì JavaScript không thể phát triển ứng dụng web, chỉ dùng được cho backend.",train_fix,1
Điểm khác biệt lớn nhất của pin thể rắn so với pin lithium-ion truyền thống là gì?,Dùng nhiều cell hơn,Sử dụng chất điện phân rắn thay cho dung dịch lỏng,Không dùng cực dương,Chỉ hoạt động dưới 0°C,train_fix,1
Mô hình skip-gram ban đầu có bao nhiêu lớp ẩn (hidden layer)?,Một,Hai,Bốn,Năm,train_fix,1
"Dựa vào quy định về tín chỉ được nêu trong tài liệu Public_263, nếu sinh viên đang chọn tổng 9 tín chỉ, cần thêm tối thiểu bao nhiêu tín chỉ để nút Lưu được bật?",30,24,18,36,train_fix,1
"Nếu một chuỗi có độ dài quá lớn gây ra vấn đề gradient vanish/explode, mô hình nào trong tài liệu Public_109 được thiết kế để giải quyết vấn đề này?",RNN thường,GRU,Naive Bayes,KNN,train_fix,1
"Trong báo cáo KPI công nợ COD, chỉ số tỷ lệ thu công nợ ngày được tính ra sao và ngưỡng bao nhiêu phần trăm thì được đánh giá “Đạt”?","Tính bằng (số ngày đạt KPI / số ngày kế hoạch) × 100%, ngưỡng ≥ 99,90%","Tính bằng (tổng số tiền thu đúng hạn / tổng số tiền phải thu) × 100%, ngưỡng ≥ 99,80%","Tính bằng (tổng tỷ lệ thu công nợ các ngày / số ngày tính KPI) × 100%, ngưỡng ≥ 99,85%","Tính bằng (tổng số tiền phải thu – số tiền chưa thu) / số ngày tính KPI, ngưỡng = 100%",train_fix,1
Hãy mô tả đầy đủ ba bước trong quá trình bắt tay TCP và ghép đúng từng gói tin với ý nghĩa của nó.,"[SYN]: Client yêu cầu kết nối; [SYN, ACK]: Server đồng ý và dự trữ tài nguyên; [ACK]: Client xác nhận, kết nối hoàn tất.","[SYN]: Client gửi dữ liệu; [SYN, ACK]: Server trả về HTTP 200; [ACK]: Client nhận trang web.","[SYN]: Server yêu cầu client; [SYN, ACK]: Client đồng ý; [ACK]: Server từ chối.","[SYN]: Client gửi GET; [SYN, ACK]: Server trả 504 Gateway Timeout; [ACK]: Client reset kết nối.",train_fix,1
"Làm thế nào để ứng dụng công nghệ số trong quản trị đại học có thể bao quát toàn bộ hoạt động của nhà trường kịp thời và hỗ trợ ra quyết sách quản lý, điều hành hiệu quả?",Quản lý sinh viên,Quản trị đại học số,Quản lý cơ sở vật chất,Quản lý tuyển sinh,train_fix,1
"Theo tài liệu Public_111, hai thành phần cơ bản của mạng Bayes là gì?",Đồ thị có hướng và ma trận vuông,Đồ thị vô hướng và vector 3 chiều,Đồ thị vô hướng và bảng xác suất,Đồ thị có hướng và bảng xác suất,train_fix,1
"Theo các nguồn mà Mitre trích dẫn trong tài liệu Public_274, Nhóm Sandworm bắt đầu hoạt động vào năm nào?",2007,2012,2009,2003,train_fix,1
Thách thức lớn của pin Li-S là gì?,Sự hình thành polysulfide gây suy giảm dung lượng,Giá nguyên liệu cao,Khó tái chế,Không chịu được nhiệt độ cao,train_fix,1
"Theo tài liệu, loại vi rút nào lây nhiễm vào cung khởi động (boot sector) của đĩa?


", File vi rút, Macro vi rút, Boot vi rút ,Email vi rút,train_fix,1
"Theo tài liệu Public_006, các nhiệm vụ và quyền hạn của các thiết chế quản trị đại học ở Việt Nam được quy định trong luật nào?",Luật Giáo dục 2015,Luật Giáo dục đại học sửa đổi số 34/2018,Luật Công nghệ thông tin 2016,Luật Khoa học và Công nghệ 2013,train_fix,1
Quá trình thực hiện một giao dịch dựa trên SET gồm mấy bước,5,6,7,8,train_fix,1
GraphQL được coi là một ngôn ngữ gì trong lĩnh vực phát triển API?,Ngôn ngữ lập trình hướng đối tượng để phát triển ứng dụng desktop,Ngôn ngữ đánh dấu (markup) dùng để thiết kế giao diện web,Ngôn ngữ truy vấn và thao tác dữ liệu mã nguồn mở cho API,Ngôn ngữ kịch bản (scripting) dùng để viết macro trong phần mềm văn phòng,train_fix,1
"Trong nghiên cứu này, phần mềm diệt virus nào được nhận xét là có hiệu năng tốt nhất trong việc phát hiện các kỹ thuật evasion (theo tác giả)?",Avast và AVG,Kaspersky và Bitdefender,Norton và McAfee,Windows Defender và Comodo,train_fix,1
"Phân tích nguyên lý hoạt động, nhiên liệu, ưu điểm và các công nghệ lò phản ứng nhiệt hạch, đồng thời nêu các thách thức kỹ thuật – kinh tế trong thương mại hóa.","Phản ứng Deuterium–Tritium >100 triệu °C, giam giữ từ trường (tokamak, stellarator) hoặc laser; nhiên liệu deuterium từ nước biển, tritium từ lithium; ưu điểm: sạch, không CO₂, ít phóng xạ, an toàn tự dừng; thách thức: giam giữ plasma, vật liệu chịu nhiệt, đạt breakeven kinh tế","Nhiệt hạch tương tự phân hạch, tạo nhiều chất thải phóng xạ","Chỉ cần nhiệt độ bằng lõi Mặt Trời, không cần từ trường","Chủ yếu tạo ra CO₂, không phù hợp năng lượng sạch",train_fix,1
"Nếu sau khi cấu hình tài khoản SIP Account trên Zoiper mà phần mềm không báo trạng thái online, bước hợp lý nhất cần làm là gì?",Cài lại toàn bộ hệ điều hành trên máy tính,"Kiểm tra lại 3 thông số quan trọng: User, Password và Sip Server",Thay đổi skin giao diện của Zoiper,Khởi động lại card âm thanh của máy tính,train_fix,1
"Theo tài liệu Public_059, đâu không phải là một hình thức giao diện giữa nhiều module?",Module A gọi hàm ở module B,Module A nằm trong module B,Module A gửi thông tin cho module B,Module A dùng chung bộ nhớ với module B,train_fix,1
"Theo kết quả thử nghiệm, hệ dịch Adapt_System cải thiện bao nhiêu điểm BLEU so với Baseline_G trong miền pháp lý?",0.84,1.37,1.5,2.21,train_fix,1
Tóm tắt các nội dung chính của văn bản này,"Văn bản tập trung vào một loại kiểm thử hiệu năng là Stress Test
",Văn bản mô tả kiểm thử hiệu năng đo thời gian phản hồi,"Văn bản cho rằng kiểm thử hiệu năng chỉ cần thiết trong giai đoạn phát triển, không ảnh hưởng đến khi hệ thống vận hành thực tế.","Văn bản giải thích mục đích kiểm thử hiệu năng, các loại (Load, Stress, Soak, Spike), chỉ số đánh giá (thời gian phản hồi, thông lượng, độ ổn định, khả năng mở rộng) và vai trò trong việc đảm bảo hệ thống hoạt động ổn định khi triển khai. ",train_fix,1
Tại sao HPC cần thiết cho mô phỏng khí hậu toàn cầu?,Giảm chi phí điện năng,Xử lý lượng tính toán khổng lồ cho mô hình độ phân giải cao,Tạo ảnh vệ tinh,Đơn giản hóa bản đồ địa hình,train_fix,1
Ký hiệu phổ biến cho số đặc trưng trong một điểm dữ liệu và số điểm dữ liệu lần lượt là?,N và M,N và D,D và M,D và N,train_fix,1
"Trong Git, hành động nào bắt buộc phải thực hiện trước Commit để thay đổi có thể được lưu trữ vào lịch sử dự án?",Checkout,Add vào Index (Staging Area),Merge vào nhánh chính,Fetch từ repository từ xa,train_fix,1
"Nếu một nhóm phát triển muốn xem xét thay đổi từ repository từ xa trước khi quyết định có nên hợp nhất chúng vào nhánh chính hay không, theo văn bản, họ nên sử dụng thao tác nào, và lý do?","Merge, vì hợp nhất thay đổi ngay vào nhánh chính giúp tránh xung đột","Fetch, vì chỉ tải thay đổi từ xa mà không làm thay đổi trạng thái hiện tại","Checkout, vì cho phép chuyển sang trạng thái của repository từ xa","Origin, vì là tên mặc định của repository từ xa nên cho phép xem thay đổi",train_fix,1
Thách thức chính cản trở thương mại hóa pin thể rắn là gì?,Thiếu nguồn lithium toàn cầu,Nhu cầu thị trường thấp,Sạc chậm,Chi phí sản xuất và khó khăn giao diện điện cực – điện phân,train_fix,1
Khái quát các trường hợp sử dụng của MongoDB,Tùy tình huống mà sử dụng MongoDB,"- Tích hợp một lượng nhỏ dữ liệu
- Mô tả các cấu trúc dữ liệu đơn giản
- Cung cấp dữ liệu cho các ứng dụng hiệu suất thấp
- Hỗ trợ phương pháp phát triển Waterfall",MongoDB giúp các tổ chức lưu trữ lượngrất nhỏ dữ liệu trong khi vẫn hoạt động chậm chạp,"- Tích hợp một lượng lớn dữ liệu đa dạng
- Mô tả các cấu trúc dữ liệu phức tạp, biến hoá
- Cung cấp dữ liệu cho các ứng dụng hiệu suất cao
- Hỗ trợ các ứng dụng đám mây lai và đa đám mây
- Hỗ trợ phương pháp phát triển Agile",train_fix,1
"Theo tài liệu Public_174, trong các bước ETL, hoạt động nào chịu trách nhiệm làm sạch, chống trùng lặp và chuẩn hóa dữ liệu?",Trích xuất dữ liệu,Chuyển đổi dữ liệu,Tải dữ liệu,Ảo hóa dữ liệu,train_fix,1
"Theo tiêu chuẩn trong tài liệu Public_007, “khiếu nại” được định nghĩa như thế nào?",Ý kiến góp ý tích cực về hoạt động xét nghiệm,Thắc mắc của cơ quan quản lý,"Sự không hài lòng của cá nhân/tổ chức liên quan đến hoạt động hoặc kết quả xét nghiệm, nơi dự kiến có phản hồi",Báo cáo sự cố thiết bị,train_fix,1
"Theo quy định, cần bao nhiêu phép đo chiều dày tối thiểu trên dầm chịu tải?",24 phép đo,50 phép đo,88 phép đo,100 phép đo,train_fix,1
"Nếu ảnh gốc có 3 kênh RGB với giá trị tại 1 điểm ảnh lần lượt là (120, 90, 60), thì giá trị Intensity Map theo định nghĩa trong HVI là bao nhiêu?",120,90,60,270,train_fix,1
"Theo tài liệu Public_194, MongoDB là gì?",MongoDB là một phần mềm mã nguồn đóng dùng để quản trị cơ sở dữ liệu NoSQL.,MongoDB là một phần mềm mã nguồn mở dùng để quản trị cơ sở dữ liệu NoSQL.,MongoDB là một ngôn ngữ lập trình hướng đối tượng phổ biến,MongoDB là một phương pháp phát triển phần mềm,train_fix,1
Tập S biểu diễn các mẫu hành vi hoặc đặc tính động lực học như thế nào?,Được nêu trong đặc tả,Được bao hàm trong mã nguồn,Được đem ra kiểm nghiệm,Mọi hành vi có thể,train_fix,1
"Trong giai đoạn tiền xử lý dữ liệu hình ảnh cho hệ thống thị giác máy tính, kỹ thuật nào giúp giảm nhiễu và tăng độ tương phản?",Resize ảnh,Oversampling,Histogram equalization,Tăng batch size,train_fix,1
"Từ tài liệu Public_081, những ứng dụng nào là điểm mạnh của GNN trong khoa học vật liệu?",Tìm kiếm từ khóa tài liệu,Phân tích tín hiệu âm thanh,Dự đoán tính chất điện và cơ học của hợp chất mới,Tạo văn bản mô tả,train_fix,1
"Dựa trên tài liệu `Public_251`, khi một tổ chức đang sử dụng hệ thống tường lửa (firewall) và CDN (Content Delivery Network) phát hiện có một cuộc tấn công DDoS nhắm vào server với lưu lượng gói tin ACK tăng đột biến mà tường lửa không thể lọc bỏ hoàn toàn, nguyên nhân chính là gì và cách giải quyết hiệu quả nhất là gì?","Nguyên nhân là do firewall chỉ lọc được lưu lượng TCP, cách giải quyết là chuyển sang sử dụng hệ thống lọc UDP.","Nguyên nhân là do gói ACK từ cuộc tấn công có chứa payload, cách giải quyết là cập nhật firmware cho firewall.","Nguyên nhân là do các gói ACK giả mạo gần giống gói tin hợp lệ, cách giải quyết hiệu quả nhất là kết hợp sử dụng hệ thống IPS hoặc dịch vụ chống DDoS chuyên dụng để phân tích sâu hơn.","Nguyên nhân là do CDN không có khả năng chống DDoS, cách giải quyết là thay thế CDN bằng một hệ thống bảo mật khác.",train_fix,1
"Theo bài báo, (1) phạm vi evasion ratios của các công cụ được khảo sát là bao nhiêu, và (2) công cụ nào ghi nhận tỷ lệ evasion 0% trong thí nghiệm?",0%–83%; Veil 3.0 và Shellter.,40%–60%; Avet và PeCloak.py.,0%–100%; Fat Rat.,10%–90%; PeCloak.py và Veil 3.0.,train_fix,1
"Dựa vào tài liệu Public_166, hãy xác định ưu điểm chính và nhược điểm nổi bật của phương pháp không chính thức được đề cập.",Ưu điểm: Thực hiện toàn diện; Nhược điểm: Mất nhiều chi phí,"Ưu điểm: Không yêu cầu kỹ năng bổ sung, chi phí thấp; Nhược điểm: Không toàn diện, phụ thuộc quan điểm cá nhân ", Ưu điểm: Xem xét chi tiết các rủi ro; Nhược điểm: Dễ gây chậm trễ xử lý,Ưu điểm: Triển khai nhanh trên nhiều hệ thống; Nhược điểm: Không phù hợp quy mô lớn,train_fix,1
Đâu không phải một yếu tố giúp xác định lát cắt được đề cập trong tài liệu Public_065?,Chương trình P,Tập biến V,Thời điểm n,Hằng X,train_fix,1
"Trong chiến dịch năm 2016, đối thủ bị quan sát thấy đã sử dụng một tập lệnh VBS trong quá trình hoạt động. Tên của tệp VBS đó là gì?",autorun.vbs,update.vbs,ufn.vbs,helper.vbs,train_fix,1
"Trong quy trình khai báo mã KH COD hàng ngày, khi khách hàng chưa xác thực OTP, hệ thống xử lý yêu cầu ra sao và trạng thái thay đổi thế nào nếu sau 72 giờ vẫn chưa xác thực?","Hệ thống vẫn cho phép tạo kỳ thanh toán, trạng thái giữ nguyên “Chờ xác thực”","Hệ thống không tạo kỳ thanh toán, yêu cầu giữ trạng thái “Chờ xác thực”, sau 72 giờ tự động chuyển “Xác thực thất bại”","Hệ thống cho phép khách hàng nhập lại OTP sau 72 giờ, trạng thái vẫn “Chờ xác thực”",Hệ thống tự động hủy yêu cầu ngay lập tức khi quá 72 giờ mà chưa xác thực,train_fix,1
Cấu hình hạ tầng mạng nào cần thiết để đảm bảo độ trễ thấp và băng thông cao cho trải nghiệm thực tế ảo (VR) mượt mà?,"5G/6G băng thông cao, độ trễ thấp",Wi-Fi 4,Ethernet 10Mbps,Bluetooth,train_fix,1
"Dựa trên thông tin về quantum supremacy của Google và IBM trong tài liệu `Public_199`, nếu một công ty khác tuyên bố có 130 qubit, số qubit này gấp bao nhiêu lần số qubit của Google và hơn số qubit của IBM bao nhiêu?","Gấp ~2,4 lần Google và hơn IBM 65 qubit.",Gấp 2 lần Google và hơn IBM 54 qubit.,"Gấp 1,5 lần Google và hơn IBM 30 qubit.",Gấp 3 lần Google và hơn IBM 80 qubit.,train_fix,1
Chất bán dẫn tinh khiết là gì và hiện tượng pha tạp (doping) có tác dụng gì?,"Là vật liệu như silicon, germanium có rất ít electron tự do; doping làm thay đổi độ dẫn điện bằng cách tạo thêm electron hoặc lỗ trống",Là chất cách điện hoàn toàn; doping làm nó thành chất siêu dẫn,Là vật liệu chỉ có lỗ trống; doping làm giảm điện trở về 0,Là vật liệu dẫn điện mạnh; doping làm tăng độ bền cơ học,train_fix,1
Tổng quan về SQL Server trong tài liệu Public_186," SQL Server hay Microsoft SQL Server là một hệ thống quản trị cơ sở dữ liệu quan hệ (Relational Database Management System – RDBMS) được thiết kế để quản lý và lưu trữ dữ liệu, SQL Server cho phép người dùng truy vấn, thao tác và quản lý dữ liệu một cách hiệu quả và an toàn. SQL Server là một trong những hệ quản trị cơ sở dữ liệu phổ biến nhất trên thế giới và được sử dụng rộng rãi trong các doanh nghiệp.
"," SQL Server hay Microsoft SQL Server là một hệ thống quản trị nhân sự được thiết kế để quản lý và lưu trữ dữ liệu về nhân sự.
"," SQL Server hay Microsoft SQL Server là một hệ thống quản trị cơ sở dữ liệu quan hệ (Relational Database Management System – RDBMS) được thiết kế để quản lý và lưu trữ dữ liệu, SQL Server cho phép người dùng lập trình, thiết kế, thay đổi dữ liệu một cách thoải mái, không cần cấp quyền 
","Chỉ là một ứng dụng cá nhân, không phổ biến",train_fix,1
"Trong tài liệu Public_120, cho điểm X1 = (5, 2, 4); X2 = (3, 8, 1). Tính khoảng cách Euclidean của chúng dựa trên công thức trong phần MLkNN.",7,6,8,10,train_fix,1
"Trong lĩnh vực kiến trúc và xây dựng, blueprint được hiểu là bản thiết kế công trình, và trong lĩnh vực công nghệ thông tin, blueprint thường được sử dụng để mô tả điều gì?",Bản kế hoạch bảo trì hệ thống và chiến lược kinh doanh dài hạn,Bản thiết kế chi tiết phần cứng và sơ đồ kiến trúc hệ thống hoặc kế hoạch triển khai phần mềm,Hướng dẫn sử dụng thiết bị và báo cáo kết quả dự án,Bản vẽ tay phác thảo ý tưởng và nhật ký vận hành phần mềm,train_fix,1
Tóm tắt Kubectl trên Windows,"
'- Thêm hoặc thêm thư mục nhị phân kubectl vào biến môi trường PATH của bạn
- Kiểm tra để đảm bảo phiên bản kubectl giống với phiên bản đã tải xuống
- Cài đặt Kubectl binary trên Windows (thông qua tải xuống trực tiếp hoặc curl)
- Xác thực tệp nhị phân (tùy chọn)","- Cài đặt Kubectl binary trên Windows (thông qua tải xuống trực tiếp hoặc curl)
- Xác thực tệp nhị phân (tùy chọn)
- Thêm hoặc thêm thư mục nhị phân kubectl vào biến môi trường PATH của bạn
- Kiểm tra để đảm bảo phiên bản kubectl giống với phiên bản đã tải xuống"," Cài đặt Kubectl binary trên Windows (thông qua tải xuống trực tiếp hoặc curl)
- Xác thực tệp nhị phân (tùy chọn)","- Kiểm tra để đảm bảo phiên bản kubectl giống với phiên bản đã tải xuống
- Cài đặt Kubectl binary trên Windows (thông qua tải xuống trực tiếp hoặc curl)
- Xác thực tệp nhị phân (tùy chọn)
- Thêm hoặc thêm thư mục nhị phân kubectl vào biến môi trường PATH của bạn
",train_fix,1
"Nếu một dầm dây dẫn có dòng điện 2000 mA chạy qua, giá trị này tương ứng với bao nhiêu ampe?","0,2 A","0,02 A",2 A,20 A,train_fix,1
Đặc điểm đặc biệt của thuộc tính được chọn C(max) trong Naive Bayes theo Public_112 là gì?,Có xác suất điều kiện cao nhất,Độc lập hoàn toàn với các xác suất còn lại,Gắn chặt với đặc điểm nhận dạng ban đầu,Giá trị đặc trưng của dữ liệu huấn luyện,train_fix,1
"Theo tài liệu, chuỗi giá trị băm đầu ra của MD5 có kích thước bao nhiêu bit?


",128 bit ,160 bit,"
256 bit", 512 bit,train_fix,1
"Trong mô hình nhà thông minh, IoT chủ yếu đóng vai trò gì?",Lưu trữ dữ liệu trên máy chủ,Kết nối Internet và quản lý thiết bị từ xa,Cung cấp dịch vụ phân tích dữ liệu lớn,Thay thế hoàn toàn điện toán đám mây,train_fix,1
RPA (Robotic Process Automation) khác với AI ở điểm nào?,"RPA hướng theo quy trình dựa trên quy tắc, còn AI hướng dữ liệu và học mẫu từ dữ liệu","RPA chỉ hoạt động trong lĩnh vực sản xuất, còn AI chỉ hoạt động trong tài chính.","RPA xử lý dữ liệu định tính, còn AI xử lý dữ liệu định lượng.","RPA thay thế hoàn toàn lao động con người, còn AI chỉ mang tính hỗ trợ.",train_fix,1
CIDNet sử dụng kiến trúc mạng nào để xử lý ảnh ánh sáng yếu?,ResNet một nhánh,UNet hai nhánh (HV-branch và Intensity-branch),Transformer đa đầu,CNN thuần túy một tầng,train_fix,1
Kỹ năng mềm quan trọng nào kiến trúc sư đám mây cần có để truyền đạt các khái niệm kỹ thuật phức tạp?,Kỹ năng đàm phán hợp đồng pháp lý,Kỹ năng giao tiếp hiệu quả với cả bên kỹ thuật và phi kỹ thuật,Kỹ năng viết báo cáo tài chính,Kỹ năng thiết kế đồ họa,train_fix,1
Ưu điểm lớn nhất của việc mô phỏng trước khi triển khai trên robot thực là gì?,Giảm rủi ro và chi phí thử nghiệm thực tế,Tăng tốc độ phần cứng,Giảm nhu cầu cảm biến,Loại bỏ hoàn toàn nhu cầu dữ liệu,train_fix,1
Ba thuộc tính cốt lõi cần bảo vệ trong an toàn thông tin là gì?,"Bảo mật, Toàn vẹn, Sẵn dùng","Tính đúng giờ, Tính mở rộng, Tính khả thi","Tính ổn định, Tính đơn giản, Tính lâu dài","Bảo mật, Chia sẻ, Khả năng mở rộng",train_fix,1
Hai thuật toán được tiến hành kế tiếp nhau lần lượt có độ phức tạp O(n) và O(n^2). Độ phức tạp của chương trình là?,O(n),O(n^2),O(n^2 + n),O(n x n^2),train_fix,1
Thách thức chính trong việc triển khai AI quản lý năng lượng tái tạo là gì?,Bảo mật dữ liệu và biến động thời tiết khó dự báo,Thiếu cảm biến IoT,Giá năng lượng giảm,Không cần lưu trữ,train_fix,1
Đoạn code ngắn sau định nghĩa giao diện hàm (function interface) như thế nào?,Procedure call,Shared memory,Message passing,Inheritance,train_fix,1
Bộ mã chuẩn nào đã được chọn cho tiếng Việt trong CNTT?,ASCII,Unicode,TCVN 6909,UTF-16,train_fix,1
Khi mô tả hệ thống bằng ngôn ngữ tự nhiên thì ta cần thực hiện bao nhiêu bước,3,4,5,6,train_fix,1
"Trong hệ thống quản lý hạn mức, hạn mức áp dụng của một tuyến bưu tá được xác định theo nguyên tắc nào, và khi giá trị phân bổ thêm vượt ngưỡng thì hệ thống xử lý ra sao?",Bằng hạn mức cố định + hạn mức phân bổ thêm; nếu vượt ngưỡng 25% thì hệ thống vẫn cho nhập nhưng cảnh báo,Bằng hạn mức cố định + hạn mức phân bổ thêm hoặc hạn mức đề xuất thêm; nếu vượt ngưỡng 25% thì ô nhập bị khóa (disable),Bằng hạn mức phân bổ thêm – hạn mức cố định; nếu vượt ngưỡng 20% thì tự động reset về 0,Bằng hạn mức cố định hoặc hạn mức phân bổ thêm; nếu vượt ngưỡng 30% thì gửi cảnh báo Noti,train_fix,1
"Trong tài liệu Public_036, đâu không phải một ứng dụng của Image segmentation được đề cập?",Xe tự hành,Chẩn đoán hình ảnh,Nhận diện chó mèo,Quản lý ra vào ở bãi đỗ xe,train_fix,1
"Thuật toán nào được sử dụng cho: (1) Tính xác suất chuỗi quan sát, (2) Tìm chuỗi trạng thái tối ưu?",Forward cho cả (1) và (2),"Backward cho (1), EM cho (2)","Baum-Welch cho (1), Forward cho (2)","Forward/Backward cho (1), Viterbi cho (2)",train_fix,1
Đâu là cốt lõi của thuật toán đệ quy?,Bài toán lớn được chia thành các bài toán nhỏ lồng nhau,Bài toán lớn có lời giải đóng,Bài toán lớn được chia thành các bài toán nhỏ có cùng dạng,Bài toán không thể giải trong thời gian đa thức,train_fix,1
ISO 15189:2022 áp dụng cho đối tượng nào?,Các công ty công nghệ thông tin,Phòng xét nghiệm y tế,Bệnh viện tư nhân,Nhà sản xuất thiết bị y tế,train_fix,1
"Nếu sợi bông có độ ẩm hoàn toàn khô là 8 g, khi hút ẩm đạt khối lượng 8,8 g thì độ ẩm tương đối của sợi là bao nhiêu?",0.05,0.08,0.1,0.12,train_fix,1
Điện trở loại than ép có nhược điểm chính nào?,Giá thành cao,Dễ thay đổi trị số khi nhiệt độ thay đổi,Ít chịu được xung điện áp,Có kích thước lớn,train_fix,1
Ứng dụng nào tận dụng siêu tụ để thu hồi năng lượng phanh?,Tàu điện và metro,Đèn LED,Máy tính xách tay,Quạt điện,train_fix,1
Thách thức quan trọng nhất trong sản xuất chip quang?,Đòi hỏi công nghệ in nano chính xác và chi phí cao,Thiếu vật liệu dẫn điện,Không thể hoạt động trên silicon,Nhiệt lượng quá lớn,train_fix,1
Nghiệm w tối ưu (Fisher) có thể chọn tỉ lệ theo biểu thức nào?,w ∝ S_W (m_1 − m_2),w ∝ S_B (m_1 − m_2),w ∝ S_W^{-1} (m_1 − m_2),w ∝ S_W^{-1} (m_1 − m_2),train_fix,1
Logistic regression có đầu ra là gì?,Giá trị thực,Giá trị nhị phân,Giá trị nguyên dương,Giá trị phức,train_fix,1
Phương pháp truyền thống nào đã trở nên kém hiệu quả trước tấn công mạng hiện đại?,Dựa trên chữ ký (Signature-based),Blockchain,Quantum Firewall,Federated IDS,train_fix,1
"Theo tài liệu Public_171, phương pháp tạo ra blueprint truyền thống là gì?",Sao chép bằng máy in laser khổ lớn,In tiếp xúc trên giấy nhạy sáng sử dụng phản ứng quang hóa,Vẽ tay trực tiếp trên giấy trắng,Sao chép bằng máy photocopy thông thường,train_fix,1
"Theo tài liệu Public_049, khái niệm được dùng để đại diện tập xác định của một biến là gì?",Kiểu dữ liệu,Tên dữ liệu,Loại dữ liệu,Lớp dữ liệu,train_fix,1
Hai thuật toán quan trọng trong Linear-Chain CRFs lần lượt được dùng cho huấn luyện và suy luận là gì?,Forward-Backward & Viterbi,Viterbi & SGD,L-BFGS & Forward-Backward,Expectation-Maximization & Viterbi,train_fix,1
Biến forward αt(i) trong thuật toán Forward biểu diễn điều gì?,Xác suất quan sát O1…Ot và hệ thống ở trạng thái Si tại thời điểm t,Xác suất tối ưu của toàn bộ chuỗi trạng thái,Xác suất của quan sát Ot khi hệ thống ở trạng thái Si,Xác suất ban đầu hệ thống bắt đầu ở trạng thái Si,train_fix,1
Chìa khóa giúp LSTM truyền tải thông tin xuyên suốt nhiều bước thời gian là gì?,Hidden state,Output state,Cell state,Forget gate,train_fix,1
"Theo tài liệu Public_064, có tất cả bao nhiêu độ đo kiểm thử?",Một,Bốn,Ba,Sáu,train_fix,1
Bảng quyết định gồm hai yếu tố chính có tên là?,Điều kiện và hành động,Trạng thái trước và trạng thái sau,Input và output,Nguyên nhân và hệ quả,train_fix,1
Hệ thống PLATO được phát triển vào thập niên nào?,1960,1970,1980,1990,train_fix,1
Phương pháp chuyển đổi nhị phân được sử dụng trong các thuật toán MLL nào (được nhắc đến trong tài liệu)?,BR và MLkNN,BR và CC,MLkNN và RAKEL,RAKEL và CC,train_fix,1
"Theo tài liệu Public_160, DSA có ưu điểm nổi bật nào so với RSA?",Quá trình kiểm tra nhanh hơn,Quá trình ký và sinh khóa nhanh hơn ,Có thể dùng cho cả mã hóa và chữ ký,Độ an toàn cao hơn tuyệt đối so với RSA,train_fix,1
Nội dung chính của tài liệu Public_116 là gì?,Giới thiệu kiến trúc CNN cơ bản,Chỉ trình bày về bộ dữ liệu MNIST và CIFAR-10,Khảo sát và đánh giá các thuật toán tối ưu cho CNN trong nhận dạng ảnh,Đề xuất thuật toán mới thay thế Adam và SGD,train_fix,1
"Theo mô hình PGP đảm bảo cả tính bí mật và xác thực, nếu bên gửi không ký thông điệp trước khi mã hóa, hệ quả nào có thể xảy ra?"," Thông điệp vẫn được bảo mật, nhưng bên nhận không thể xác minh được tính toàn vẹn và danh tính của người gửi ",Thông điệp sẽ bị giải mã sai hoàn toàn,Thông điệp không thể truyền đi qua mạng,Thông điệp sẽ tự động bị từ chối bởi hệ thống,train_fix,1
Khẳng định nào dưới đây không đúng với bối cảnh bài toán trong tài liệu Public_037?,Hướng giải quyết là sử dụng mô hình thời gian để dự hoàn thiện mô tả ảnh,Phương pháp one-hot encoding cho word embedding vẫn còn hiệu quả,Bước text preprocessing sẽ thay chữ in hoa bằng chữ in thường,Loss function là categorical cross-entropy,train_fix,1
Chuẩn-2 (spectral norm) của ma trận A được định nghĩa tương đương với đại lượng nào?,∥A∥2​=max∥x∥1​=1​∥Ax∥∞​,∥A∥2​=λmax​(AAT)​ (bình phương là trị riêng lớn nhất của AATAA^TAAT),∥A∥2​=λmax​(A) với mọi AAA,∥A∥2​=trace(ATA),train_fix,1
"Dựa trên nội dung của tài liệu Public_170, nhận định tổng quan nào có thể được rút ra về quy trình sử dụng Tableau cơ bản hiệu quả?","Chỉ cần tạo nhóm làm việc, không cần thao tác khác","Bao gồm các bước từ thêm nhãn dữ liệu, tạo nhóm, tích hợp với nền tảng khác, đồng thời lưu ý làm sạch dữ liệu, chọn biểu đồ phù hợp, thiết kế dashboard hiệu quả và quản lý workbook ","Chủ yếu tập trung vào tạo dashboard, không liên quan đến dữ liệu","Chỉ cần qua video hướng dẫn, không cần thực hành
",train_fix,1
Q-Learning và SARSA khác nhau chủ yếu ở điểm nào?,"Q-Learning là On-policy, SARSA là Off-policy",Cả hai đều là On-policy,"Q-Learning là Off-policy, SARSA là On-policy",Không có sự khác biệt,train_fix,1
"Theo quy định, chiều dày màng khô của vật liệu bảo vệ được đo bằng nguyên tắc nào và loại đầu đo nhiệt nào được ưu tiên sử dụng khi thử nghiệm trên cấu kiện thép?",Nguyên tắc cơ học; đầu đo nhiệt loại J,Nguyên tắc quang học; đầu đo nhiệt loại N,Nguyên tắc cảm ứng điện từ hoặc dòng điện xoáy; đầu đo nhiệt loại T trong vỏ thép không gỉ cách nhiệt,Nguyên tắc thủy lực; đầu đo nhiệt loại K không cần cách nhiệt,train_fix,1
"Theo tài liệu, trong mô hình phòng vệ theo chiều sâu (Defence in Depth), yếu tố nào được coi là lớp bảo vệ đầu tiên?


","
Chính sách và quy trình an toàn thông tin",Thiết bị tường lửa, Hệ thống phát hiện xâm nhập (IDS/IPS), Giải pháp sao lưu dữ liệu,train_fix,1
Thành phần nào đảm bảo làm nổi bật các khác biệt mức xám xuất hiện thường xuyên trong thuật toán LDR?,Inter-layer aggregation,Intra-layer optimization,2D histogram extraction,Reconstruction function,train_fix,1
"Kiểm thử tự động là gì, các nguyên tắc cơ bản và lợi ích chính của nó?","Văn bản trình bày khái niệm kiểm thử tự động, các bước triển khai (xác định phạm vi, lập kế hoạch, chọn công cụ, viết kịch bản), lợi ích (tiết kiệm thời gian, giảm sai sót, tái sử dụng kịch bản) và ứng dụng. ","Văn bản nói đến định nghĩa kiểm thử tự động, không bao gồm các bước triển khai.","Văn bản nói đến định nghĩa kiểm thử tự động, không bao gồm lợi ích","Văn bản nói về khải niệm, các bước triển khai quy trình kiểm thử tự động",train_fix,1
Lợi ích lớn nhất của Generative AI trong thiết kế thuốc là gì?,Giảm giá thành nguyên liệu,Tạo nhanh phân tử mới với đặc tính mong muốn,Thay thế hoàn toàn thử nghiệm lâm sàng,Loại bỏ nhu cầu dữ liệu,train_fix,1
"Hãy xác định ba tác giả của giải thuật RSA và năm phát minh RSA.



","Ronald Rivest, Adi Shamir, Leonard Adleman; năm 1977 "," Whitfield Diffie, Martin Hellman, Ralph Merkle; năm 1976"," Joan Daemen, Vincent Rijmen, Ronald Rivest; năm 2000","Leonard Adleman, Martin Hellman, Adi Shamir; năm 1985",train_fix,1
"Theo tài liệu Public_038, câu output của mô hình seq2seq sẽ có thêm mấy token và đó là những token nào?","Ba. <START>, <END> và <SEQ>","Bốn. <START>, <END>, <START_PARA> và <END_PARA>",Một. <START>,"Hai. <START>, <END>",train_fix,1
Đơn vị chuẩn của độ dài trong hệ SI hiện nay được định nghĩa dựa trên:,Bước sóng ánh sáng của nguyên tử Kripton-86,Chiều dài của kinh tuyến Trái đất qua Paris,Quãng đường ánh sáng đi trong chân không trong 1/299.792.458 giây,Khoảng cách từ Trái đất đến Mặt Trăng,train_fix,1
"Theo tài liệu Public_175, người dùng cần có những điều kiện cơ bản nào để sử dụng Zoiper?",Máy tính có cài đặt sẵn hệ điều hành Windows bản quyền,Một tổng đài ảo hỗ trợ giao thức SIP hoặc IAX,Kết nối mạng LAN nội bộ riêng biệt,Phần mềm diệt virus tương thích,train_fix,1
"Theo văn bản, Flutter có những ưu điểm gì khi so sánh với các framework khác, và đồng thời nó còn tồn tại những hạn chế nào?","Ưu điểm: single code-base, Hot Reload; Hạn chế: kích thước tệp lớn, thiếu hướng dẫn chuẩn hóa","Ưu điểm: chỉ hỗ trợ mobile, Hot Reload; Hạn chế: chưa hỗ trợ web, desktop","Ưu điểm: không cần SDK, không cần framework; Hạn chế: thiếu cộng đồng lập trình viên","Ưu điểm: UI đồng nhất, hiệu năng cao; Hạn chế: thường xuyên thay đổi, đôi khi chưa ổn định",train_fix,2
"Khi thu thập dữ liệu với tần suất cao (high-frequency), thách thức lớn nhất thường là gì?",Thiếu metadata,Lưu lượng/ dung lượng lưu trữ và xử lý dữ liệu lớn,Tính xu hướng không rõ ràng,Dữ liệu ít có biến động bất thường,train_fix,1
"Những công cụ AI nào đã thực sự được phát triển trong giáo dục từ những năm 2000 đến nay, và chúng có vai trò gì?","PLATO – hệ thống học tập phát triển từ thập niên 1960, không thuộc sau năm 2000",AutoTutor – công cụ đối thoại hỗ trợ học tập được phát triển sau năm 2000,"Cognitive Tutor – ra đời từ thập niên 1990, trước mốc 2000",Khan Academy – nền tảng học trực tuyến không phải công cụ AI thuần túy,train_fix,1
CRFs mô hình hóa loại xác suất nào?,Xác suất của chuỗi quan sát P(X),"Xác suất đồng thời P(X,Y)",Xác suất có điều kiện P(Y|X),Xác suất của chuỗi nhãn P(Y),train_fix,1
"Mô tả kiến trúc và nguyên lý của máy tính neuromorphic lấy cảm hứng từ não người, so sánh với kiến trúc Von Neumann và nêu ứng dụng AI.","Chip neuron–synapse (memristor), xử lý song song sự kiện, học Hebbian/STDP, năng lượng mW cho hàng triệu neuron; ứng dụng AI biên, IoT, nhận dạng mẫu thời gian thực","Giống hệt máy tính Von Neumann, chỉ khác tốc độ",Chỉ dùng cho xử lý ảnh tĩnh,Tiêu thụ năng lượng cao như siêu máy tính,train_fix,1
Chiếu xạ thực phẩm về mặt cơ sở khoa học là gì? Và mục đích công nghệ chủ yếu hiện nay của chiếu xạ thực phẩm là gì?,"Là quá trình dùng sóng siêu âm khử trùng thực phẩm, chủ yếu để tăng mùi vị","Là quá trình dùng hóa chất khử trùng thực phẩm, chủ yếu để tạo màu sắc","Là quá trình lên men thực phẩm, chủ yếu để tăng giá trị dinh dưỡng","Là quá trình làm lạnh đông thực phẩm, chủ yếu để giảm chi phí",train_fix,1
Thách thức nào đặc thù khi huấn luyện AI cho an ninh mạng?,Tốc độ đường truyền,Thiếu GPU,Nhiễu tín hiệu mạng,Thiếu dữ liệu gắn nhãn và tấn công đối kháng,train_fix,1
Thuật toán BFS có độ phức tạp và yêu cầu bộ nhớ như thế nào?,"Độ phức tạp nhỏ, bộ nhớ lớn","Độ phức tạp lớn, bộ nhớ lớn","Độ phức tạp nhỏ, bộ nhớ nhỏ","Độ phức tạp lớn, bộ nhớ nhỏ",train_fix,1
"Nếu phòng xét nghiệm có 500 mẫu xét nghiệm trong tháng, trong đó có 25 mẫu bị từ chối, tỷ lệ từ chối mẫu là bao nhiêu?",0.05,0.025,0.1,0.075,train_fix,1
Điện dung ký hiệu trên tụ gốm thường được ghi theo dạng nào?,Trực tiếp bằng đơn vị Farad,Theo mã số 3 chữ số (ví dụ 104 = 100nF),Dùng ký hiệu màu sắc,Dùng thang logarit,train_fix,1
"Theo Thông tư, “cặp khóa bất đối xứng” trong phần mềm ký số bao gồm những thành phần nào?",Hai khóa công khai,Khóa công khai và khóa bí mật,Hai khóa bí mật,Khóa bí mật và chứng thư số,train_fix,1
"Khi xảy ra sự không phù hợp, hành động đầu tiên mà phòng xét nghiệm phải thực hiện theo ISO 15189:2022 là gì?",Kiểm soát và khắc phục sự không phù hợp,Đình chỉ hoạt động của phòng xét nghiệm vô thời hạn,Giảm chi phí vận hành,Miễn trừ trách nhiệm cho nhân viên gây lỗi,train_fix,1
"Nếu một tinh thể silicon có tỷ lệ doping là 1 nguyên tử tạp chất trên 10 triệu nguyên tử Si, thì khi thêm 100 nguyên tử tạp chất, số nguyên tử Si xấp xỉ bao nhiêu?",1 triệu,5 triệu,1 tỉ (10⁹),10 nghìn,train_fix,1
Hệ điều hành có nhiệm vụ gì?,Chỉ lưu trữ dữ liệu cho máy tính,"Quản lý tài nguyên, điều khiển thiết bị, quản lý chương trình và cung cấp dịch vụ cho người dùng",Tạo ra phần cứng mới,Truyền dữ liệu qua mạng,train_fix,1
"Theo tài liệu Public_178, dự án được xem là thành công và thất bại dựa trên những tiêu chí nào?","Dự án được xem là thành công khi đạt được các mục đích đã đặt ra
Dự án bị xem là không thành công (thất bại) khi một hay nhiều mục đích chủ yếu đã đặt ra không đạt được

","Dự án được xem là thành công khi đạt được các mục đích đã đặt ra; được thực hiện và hoàn thành trong thời gian đã định hoặc cho phép, và tổng chi phí không vượt quá giá trị đã định
Dự án bị xem là không thành công (thất bại) khi một hay nhiều mục đích chủ yếu đã đặt ra không đạt được

","Dự án được xem là thành công khi đạt được các mục đích đã đặt ra
Dự án bị xem là không thành công (thất bại) khi một hay nhiều mục đích chủ yếu đã đặt ra không đạt được; hoặc mốc thời gian hoàn thành bị vi phạm nghiêm trọng; hay tổng chi phí vượt quá giới hạn cho phép.

","Dự án được xem là thành công khi đạt được các mục đích đã đặt ra; được thực hiện và hoàn thành trong thời gian đã định hoặc cho phép, và tổng chi phí không vượt quá giá trị đã định
Dự án bị xem là không thành công (thất bại) khi một hay nhiều mục đích chủ yếu đã đặt ra không đạt được; hoặc mốc thời gian hoàn thành bị vi phạm nghiêm trọng; hay tổng chi phí vượt quá giới hạn cho phép.

",train_fix,1
"Theo tài liệu Public_034, photodiode hoạt động hiệu quả nhất khi được phân cực như thế nào?",Phân cực nghịch,Phân cực thuận,Không cần phân cực,Phân cực xoay chiều,train_fix,1
Tiêu chuẩn TCVN xxxx:202x được xây dựng dựa trên tiêu chuẩn quốc tế nào?,EN 13501-1,ISO 834-10,ISO 1716,IEC 584-1,train_fix,1
"Nếu hệ thống sử dụng khóa 64 bit, không gian khóa là 2⁶⁴. Giả sử một kẻ tấn công có thể thử 1 tỉ khóa/giây, thời gian cần để thử hết toàn bộ không gian khóa gần bằng bao nhiêu?

",Khoảng 500 năm,Khoảng 584 năm , Khoảng 1000 năm,Khoảng 64 năm,train_fix,1
Tiêu chuẩn TCVN 5574:2018 áp dụng cho những loại bê tông nào?,Bê tông nặng,Bê tông hạt nhỏ,"Bê tông nhẹ, bê tông tổ ong",Bê tông tự ứng suất,train_fix,1
Nội dung chính của tài liệu Public_011 là gì?,Giới thiệu lịch sử Internet toàn cầu,"Trình bày khái niệm, lịch sử phát triển, phân loại, thành phần, kiến trúc mạng máy tính và Internet",Hướng dẫn cài đặt phần mềm mạng,Phân tích mô hình OSI chi tiết,train_fix,1
Phương pháp đánh giá các mô hình phân lớp đa nhãn (MLL) được nhắc tới trong tài liệu là gì?,KNN,Decision Tree,K-fold cross validation,Random Forest,train_fix,1
Dải tần nào sẽ được khai thác chủ yếu trong 6G?,"2,4 GHz",28 GHz,"Terahertz (0,1–10 THz)",5 GHz,train_fix,1
"Khi tạo nhóm làm việc mới trong Tableau, sau khi nhập tên nhóm, người dùng cần thao tác gì tiếp theo?", Chọn dự án cần thêm nhóm, Tích chọn vai trò cấp quyền đăng nhập rồi chọn Create ,. Thêm mô tả nhóm rồi bấm Save, Upload file cấu hình nhóm,train_fix,1
"GAN gồm bao nhiêu thành phần mạng và tên gọi của chúng, theo đúng thuật ngữ, là?",Hai. Generator và Judge,"Ba. Generator, Audience và Critic",Hai. Generator và Discriminator,Một. Artist,train_fix,1
Hãng xe nào đã thương mại hóa xe hơi chạy pin nhiên liệu hydro?,Tesla,Toyota,Ford,BMW,train_fix,1
Nội dung chính của tiêu chuẩn TCVN xxxx:202x là gì?,Hướng dẫn thiết kế cấu kiện thép chịu lực,Quy định phương pháp thử nghiệm để đánh giá hiệu quả của hệ bọc bảo vệ chịu lửa cho cấu kiện thép trong công trình,Tiêu chuẩn tính toán kết cấu bê tông cốt thép,Hướng dẫn bảo trì lớp sơn chống cháy,train_fix,1
"Theo tài liệu Public_036, mạng U-Net có những hạn chế hoặc điểm yếu nào khi áp dụng trong bài toán Image segmentation?",Loss function là MSE để tính toán khoảng cách giữa hai ảnh,Có cơ chế kết nối các lớp có cùng kích thước để tránh gradient vanishing,Mục đích của decoder là để khôi phục kích thước gốc của ảnh,Hàm pooling được sử dụng chủ yếu là max pooling,train_fix,1
Phương pháp chuyển đổi nhị phân (BR) được hiểu như thế nào?,Dữ liệu được chuẩn hóa về dạng 0 và 1,Output chỉ có 2 nhãn có tính chất ngược nhau,Mỗi nhãn khác nhau xây dựng 1 bộ phân lớp khác nhau,Xây dựng 2 bộ phân lớp chung cho toàn bộ nhãn,train_fix,1
Vì sao quy chuẩn lại cấm sử dụng nhóm amiăng amfibôn trong sản xuất vật liệu xây dựng?,"Vì chúng có giá thành cao, khó khai thác.",Vì chúng có khả năng gây hại cho sức khỏe con người và môi trường.,Vì chúng khó gia công trong dây chuyền sản xuất.,Vì chúng không đạt tiêu chuẩn về độ bền cơ học.,train_fix,1
"Theo TCVN 5574:2018, tính toán kết cấu bê tông và bê tông cốt thép cần được thực hiện dựa trên những trạng thái giới hạn nào?",Chỉ trạng thái giới hạn thứ nhất,Trạng thái giới hạn thứ nhất và trạng thái giới hạn thứ hai,Chỉ trạng thái giới hạn thứ hai,Không yêu cầu xét trạng thái giới hạn,train_fix,1
Quản lý dự án giúp doanh nghiệp đạt được mục tiêu chiến lược như thế nào?,Chỉ đảm bảo tiến độ,"Cân bằng giữa mục tiêu, thời gian, chi phí, chất lượng",Loại bỏ các quy trình thường xuyên,Giảm số nhân sự tham gia,train_fix,1
"Theo tài liệu, phát hiện dựa trên bất thường cần giai đoạn huấn luyện để xây dựng hồ sơ hành vi bình thường. Nếu giai đoạn huấn luyện thu thập dữ liệu chưa đủ dài hoặc không đại diện, hậu quả nào có thể xảy ra?", IDS/IPS vẫn phát hiện chính xác mọi tấn công,Tăng tỷ lệ cảnh báo sai hoặc bỏ sót tấn công do hồ sơ không phản ánh đúng hành vi bình thường,Hệ thống tự động điều chỉnh hồ sơ khi phát hiện sai sót,"
IDS/IPS không thể hoạt động nếu chưa có dữ liệu huấn luyện",train_fix,1
"Theo số liệu năm 2012 từ Cơ sở dữ liệu lỗ hổng quốc gia Hoa Kỳ, lỗ hổng bảo mật được phát hiện nhiều nhất nằm ở thành phần nào của hệ thống?
",Phần cứng,"
Hệ điều hành",Phần mềm ứng dụng ,Cơ sở dữ liệu,train_fix,1
Người sáng lập PHP là ai và phiên bản nào ra mắt vào năm 1998?,James Gosling – PHP 2,Brendan Eich – PHP 5,Rasmus Lerdorf – PHP 3,Guido van Rossum – PHP 7,train_fix,1
"Kết quả average pooling của hình vuông gồm 4 giá trị 15, 20, 30, 45 là?",30,27.5,25,32.5,train_fix,1
Nội dung chính của phần “Chiếu xạ trong công nghiệp thực phẩm” là gì?,"Trình bày cơ sở khoa học, mục đích công nghệ, biến đổi vật lý – hóa học – sinh học của nguyên liệu, và ứng dụng chiếu xạ trong bảo quản, chế biến thực phẩm",Chỉ phân tích vai trò của tia gamma trong công nghiệp,Trình bày lịch sử phát minh chiếu xạ ở châu Âu,So sánh chiếu xạ với các phương pháp thanh trùng khác,train_fix,1
Theo một blog của TrendMicro. Phần mềm độc hại nào được họ mô tả là một ‘multi-modular backdoor… using a custom protocol protected by Transport Layer Security’?,PLUGX,SHADOWPAD,OBALT STRIKE,GHOSTSPIDER ,train_fix,1
Kafka ban đầu được phát triển bởi ai?,Netflix,LinkedIn,Microsoft,Apache Foundation,train_fix,1
Bit là viết tắt của từ gì?,Binary digiT,Basic information type,Binary integration tool,Base information token,train_fix,1
Kiểm thử giá trị biên tổ hợp có công thức số ca kiểm thử là hàm số như nào?,Tuyến tính,Bình phương,Bậc ba,Hàm số mũ,train_fix,1
Co-occurrence matrix có tính chất đối xứng gì và kích thước của ma trận này là bao nhiêu (với V là kích thước từ điển)?,Đối xứng chéo. 2V x V,Đối xứng dọc. V x V,Đối xứng chéo. V x V,Đối xứng dọc. 2V x V,train_fix,1
Các yếu tố nào được sử dụng để tính bản đồ trọng số (weight map) trong bước multi-exposure fusion?,Chỉ độ tương phản,Chỉ độ sắc nét,Chỉ độ bão hòa màu,"Độ tương phản, độ sắc nét và độ bão hòa màu",train_fix,1
"Trong tài liệu Public_048, có bao nhiêu phương pháp tăng cường dữ liệu đã được dùng và gồm những thao tác nào?","Hai. Thu nhỏ, phóng to","Ba. Thu phóng, tăng sáng, xoay","Hai. Thêm nhiễu, tăng sáng",Một. Lật,train_fix,1
"Theo tài liệu Public_026, thành phần chính của xơ len là gì?",Xenlulozơ,Tơ tằm (Fibroin),Keratin (chiếm khoảng 90%),Polyester,train_fix,1
Ưu điểm lớn nhất của pin natri-ion so với pin lithium-ion là gì?,Mật độ năng lượng cao hơn,Nguồn nguyên liệu dồi dào và chi phí thấp,Dễ cháy hơn,Không cần điện cực,train_fix,1
"Theo tài liệu Public_046, khái niệm tiếng Việt cho bias và variance là gì?","Phương sai, độ lệch chuẩn","Độ lệch, độ lệch chuẩn","Độ lệch, phương sai","Độ lệch chuẩn, phương sai",train_fix,1
Mục đích chính của các bước kiểm tra dữ liệu đơn hàng bán trong FICO nhằm đảm bảo tính chính xác tài chính là gì?,Đảm bảo tính chính xác và đồng bộ giữa thông tin tổng và chi tiết đơn hàng,Tăng tốc độ xử lý API của Vinvoice,Giảm chi phí lưu trữ dữ liệu,Cho phép khách hàng tự sửa đơn hàng,train_fix,1
Lợi ích chính của vectorization là gì,Tiết kiệm thời gian,Tiết kiệm bộ nhớ,Giảm overfitting,Giảm underfitting,train_fix,1
Tóm tắt nội dung chính của văn bản,"Bài viết giới thiệu Attention và sự hình thành Transformer, so sánh với RNN và LSTM",Văn bản phân tích chi tiết toàn bộ kiến trúc GPT-4,Nội dung chính tập trung vào mạng CNN trong xử lý ảnh,Bài viết nói về cách triển khai Attention trong hệ thống recommendation,train_fix,1
Tổng quan về các tính năng và nguyên lý hoạt động của Ubuntu,"Ubuntu là một hệ điều hành máy tính mã nguồn đóng dựa trên nền tảng Linux. Được phát triển và duy trì bởi Canonical Ltd. và cộng đồng người dùng toàn cầu, Ubuntu được thiết kế để cung cấp một trải nghiệm máy tính dễ sử dụng, ổn định và an toàn cho mọi người, từ người dùng cá nhân đến doanh nghiệp và tổ chức.","Ubuntu là một hệ điều hành máy tính mã nguồn mở dựa trên nền tảng Linux. Được phát triển và duy trì bởi Canonical Ltd. và cộng đồng người dùng toàn cầu, Ubuntu được thiết kế để cung cấp một trải nghiệm máy tính dễ sử dụng, ổn định và an toàn cho mọi người, từ người dùng cá nhân đến doanh nghiệp và tổ chức.",Ubuntu là một hệ điều hành máy tính mã nguồn mở dựa trên nền tảng Windows,Ubuntu là một phần mềm bảo mật thông tin và diệt virus,train_fix,1
Tài liệu Public_057 mô tả những cách biểu diễn đồ thị nào?,Ma trận kề,Danh sách đỉnh,Danh sách cạnh,Danh sách kề,train_fix,1
"Sử dụng thông tin từ tài liệu Public_126, hãy cho biết quãng đường ánh sáng đi được trong chân không trong 1 microsecond (1 µs = 10⁻⁶ s).","299,8 m",2.998 m,"29,98 m","0,2998 m",train_fix,1
Bộ tạo ẩm Thiết bị AirStart 10 được thiết kể cho mục đích gì?,Lọc không khí,Khử trùng không khí,Điều hòa nhiệt độ,"Bộ tạo ẩm được thiết kế để sử dụng cá nhân cho bệnh nhân tại nhà và tái sử dụng trong bệnh viện/cơ sở. Bộ tạo ẩm có thể làm sạch (dùng cho nhiều bệnh nhân, có thể khử trùng)",train_fix,1
"Trong các công ty kiểm toán Big4, công nghệ AI tiêu biểu nào đã được áp dụng, và lợi ích thực tế mà nó mang lại là gì?",Deloitte – Argus: tự động trích xuất thông tin kế toán từ tài liệu điện tử; Lợi ích: hỗ trợ kiểm toán viên trong đánh giá rủi ro và lập kế hoạch,PwC – GL.ai: giúp doanh nghiệp quản lý tài sản cố định; Lợi ích: tiết kiệm chi phí thuê nhân viên.,KPMG – Cash.ai: hỗ trợ định giá bất động sản; Lợi ích: giảm chi phí đầu tư cơ sở vật chất.,EY – Digital Hub: thay thế kế toán viên trong ra quyết định tài chính; Lợi ích: loại bỏ hoàn toàn sai sót con người.,train_fix,1
Công nghệ nào cho phép xử lý dữ liệu nhanh ngay tại nguồn phát sinh?,Blockchain,Cloud-only,Điện toán biên (Edge Computing),AR/VR,train_fix,1
"Đâu là tổ hợp biểu diễn một quy tắc có trạng thái điều kiện lần lượt là (đúng, đúng, tùy ý, sai)?","T, T, F, -","T, T, -, F","F, F, T, -","F, F, -, T",train_fix,1
"Nếu AI không được áp dụng trong giáo dục, điều gì có thể xảy ra với khả năng tiếp cận giáo dục của học sinh ở vùng sâu vùng xa?",Học sinh sẽ có nhiều cơ hội hơn,Khả năng tiếp cận giáo dục sẽ bị hạn chế nghiêm trọng ,Học sinh sẽ học tốt hơn,Không có ảnh hưởng gì,train_fix,1
"Qua các phần hướng dẫn trong tài liệu, có thể rút ra nhận định tổng quan nào về quy trình sử dụng Tableau cơ bản?"," Chủ yếu chỉ cần tạo dự án, không cần quản lý người dùng hay tài liệu"," Bao gồm các bước từ đăng ký, đăng nhập, tạo dự án, quản lý dự án, đến quản lý người dùng, thể hiện quy trình đầy đủ cho người mới bắt đầu",Chỉ tập trung vào tải file và xem kết quả,"Chỉ dùng để chia sẻ dữ liệu, không có tính năng quản lý dự án",train_fix,1
Loại CSDL nào quản lý bằng SQL với bảng hàng – cột?,NoSQL,Quan hệ,Hướng đối tượng,Đồ thị,train_fix,1
"Công nghệ nào vừa cho phép máy tính tự động nhận biết ký tự trên hình ảnh, vừa có khả năng đọc hiểu dữ liệu chữ viết tay và chữ in?",OCR,ICR,Faster R-CNN,TransformerOCR,train_fix,1
LDR là viết tắt của gì trong xử lý ảnh?,Layered Difference Representation,Local Density Reconstruction,Linear Difference Ratio,Layer Distribution Regression,train_fix,1
"Trong thuật toán BFS, mỗi trạng thái sinh ra b trạng thái kề. Từ nút gốc sẽ sinh ra b nút với độ sâu 1, các nút này lại sinh ra b2 nút với độ sâu 2,... Giả sử nút đích của bài toán nằm ở độ sâu d. Tổng số nút cần mở rộng để tìm ra nút đích là bao nhiêu?",1 + b + b2 + ... + bd + 1,1 + b + b2 + ... + bd,1 + b + b2 + ... + bd + b(d+1),1 + b + b2 + ... + b(d +1) + 1,train_fix,1
Điện toán không gian kết hợp những công nghệ nào để tạo trải nghiệm 3D thực?,Chỉ có cảm biến nhiệt,"VR, AR, IoT và AI nhận thức không gian",Máy in 3D,Blockchain,train_fix,1
Công tắc đèn trên xe ô tô có công dụng gì?,"dùng để bật hoặc tắt các loại đèn trên xe ôtô, như đèn pha, cốt và các loại đèn chiếu sáng khác",để bật tắt còi xe,để gạt nước mưa,để điều hương xe ô tô,train_fix,1
Logic bomb có thể được kích hoạt theo hai cơ chế nào và hậu quả chính khi kích hoạt là gì?,Theo hành động hoặc thời gian; gây mất dữ liệu hoặc gián đoạn hệ thống,Theo mạng hoặc phần cứng; chỉ gây tốn dung lượng ổ cứng,Theo email hoặc DNS; chỉ làm chậm tốc độ Internet,Theo USB hoặc Bluetooth; chỉ gây lỗi hiển thị ứng dụng,train_fix,1
Giám đốc phòng xét nghiệm theo ISO 15189:2022 có thể ủy quyền nhiệm vụ cho ai?,Bất kỳ cá nhân bên ngoài nào,"Nhân viên có trình độ và năng lực, được lập thành văn bản ủy quyền",Chỉ ban giám hiệu bệnh viện,Các cơ quan quản lý,train_fix,1
Tiêu chuẩn TCVN 5574:2018 không áp dụng để thiết kế loại kết cấu nào sau đây?,Kết cấu nhà và công trình chịu nhiệt độ từ -70°C đến +50°C,Kết cấu bê tông cốt thép nhà dân dụng thông thường,"Kết cấu liên hợp thép – bê tông, bê tông cốt sợi, công trình thủy công, cầu…",Các công trình không xâm thực thông thường,train_fix,1
Nếu forget gate trong LSTM có giá trị bằng 0 thì điều gì xảy ra với thông tin lưu trữ trong cell state?,Thông tin được giữ nguyên hoàn toàn,Thông tin bị quên đi ở bước đó,Thông tin được nhân đôi,Thông tin biến đổi thành output ngay lập tức,train_fix,1
Cung cấp tổng quan về Oracle Database dựa trên nội dung trong tài liệu Public_190.,"Oracle Database là một trong những hệ thống quản lý cơ sở dữ liệu quan hệ (RDBMS – Relational Database Management System) hàng đầu trên thị trường. Theo xếp hạng của DB-Engines, Oracle Database đứng đầu trong số 380 hệ thống cơ sở dữ liệu phổ biến nhất, ngay sau đó là MySQL và Microsoft SQL Server. 
Oracle Database là sản phẩm độc quyền của Oracle – nhà cung cấp các sản phẩm và dịch vụ công nghệ đa dạng hàng đầu thế giới",Oracle Database là  hệ thống quản lý cơ sở dữ liệu quan hệ (RDBMS – Relational Database Management System) duy nhất trên thế giới hiện nay,"Oracle Database là một trong những hệ thống quản lý cơ sở dữ liệu quan hệ (RDBMS – Relational Database Management System) hàng đầu trên thị trường. Theo xếp hạng của DB-Engines, Oracle Database đứng đầu trong số 380 hệ thống cơ sở dữ liệu phổ biến nhất, ngay sau đó là MySQL và Microsoft SQL Server. 
Oracle Database là sản phẩm độc quyền của Microsoft","Oracle Database là một trong những hệ thống quản lý cơ sở dữ liệu quan hệ (RDBMS – Relational Database Management System) ít được sử dụng và không phổ biến trên thế giới. Theo xếp hạng của DB-Engines, Oracle Database đứng cuối cùng trong số 380 hệ thống cơ sở dữ liệu phổ biến nhất. 
Oracle Database là sản phẩm độc quyền của Oracle – nhà cung cấp các sản phẩm và dịch vụ công nghệ đa dạng hàng đầu thế giới",train_fix,1
Bộ cảm biến trong nhà thông minh thực hiện chức năng gì và bộ truyền động có vai trò gì?,"Bộ cảm biến hiển thị dữ liệu, bộ truyền động thu thập dữ liệu","Bộ cảm biến lưu trữ dữ liệu, bộ truyền động hiển thị dữ liệu","Bộ cảm biến thu thập dữ liệu, bộ truyền động thực hiện lệnh từ máy chủ hoặc thiết bị điều khiển","Bộ cảm biến điều khiển thiết bị, bộ truyền động lưu trữ dữ liệu",train_fix,1
Lý do nào không phải thách thức dẫn đến việc đầu tư cao độ vào phát triển công cụ tìm lỗi và kiểm thử tự động?,Công cụ có sẵn chỉ tự động thực thi,Công cụ chưa hỗ trợ kiểm thử hồi quy,Chất lượng sản phẩm phần mềm nghèo nàn,Việc sinh cặp kịch bản kiểm thử và đầu ra kỳ vọng gặp khó khăn,train_fix,1
"Theo tài liệu Public_045, đâu không phải là khẳng định đúng giữa Finetuning và Feature extractor?",Finetuning hiệu quả thấp hơn feature extractor,Finetuning chỉ phù hợp khi có bộ dữ liệu đủ lớn,Feature extractor phù hợp khi dữ liệu thích nghi tương đối giống với dữ liệu của mô hình pretrained,Finetuning cần nhiều tài nguyên để tiến hành hơn so với feature extractor,train_fix,1
"Hãy xác định (i) tên 2 nhà mật mã học đã phát triển Rijndael – cơ sở của AES, và (ii) năm AES được NIST công nhận là chuẩn mã hóa dữ liệu.",Ronald Rivest & Adi Shamir; năm 1977,"
 Joan Daemen & Vincent Rijmen; năm 2001 ", Whitfield Diffie & Martin Hellman; năm 1976, Leonard Adleman & Whitfield Diffie; năm 2000,train_fix,1
Thành phần phần cứng cốt lõi nào giúp hệ thống HPC tối ưu hóa xử lý song song?,Ổ cứng SSD,Mạng Wi-Fi,Cụm CPU/GPU kết nối tốc độ cao (InfiniBand),Máy in 3D,train_fix,1
Nội dung nào không được đề cập trong tài liệu Public_059?,Khái niệm kiểm thử tích hợp,Hình thức kiểm thử tích hợp theo cấu trúc module,Các loại giao diện giữa các module,So sánh kiểm thử tích hợp với kiểm thử hồi quy,train_fix,1
Mục tiêu của mô hình trong kiểm thử dựa trên mô hình?,Tạo ca kiểm thử,Chạy ca kiểm thử,Đánh giá ca kiểm thử,Cả ba công việc trên,train_fix,1
"Theo kết quả nghiên cứu, công cụ AV evasion nào báo cáo tỷ lệ vượt qua (evasion ratio) cao nhất (83%) trong thử nghiệm?",PeCloak.py,Avet,Fat Rat,Veil 3.0,train_fix,1
Sự khác biệt giữa Feature Map và Activation Map là gì?,"Feature Map là output của fully connected, Activation Map là output pooling","Feature Map là kết quả tích chập, Activation Map là kết quả sau khi áp dụng hàm kích hoạt","Feature Map là kết quả pooling, Activation Map là kết quả flatten",Feature Map và Activation Map giống nhau,train_fix,1
"Khái niệm “tấn công” trong an toàn thông tin được hiểu là gì?
",Việc một tổ chức ban hành chính sách an toàn,Quá trình sao lưu dữ liệu ra thiết bị khác,"Hành động có chủ ý hoặc vô ý gây hại, làm thỏa hiệp thông tin, hệ thống, tài sản","
Hoạt động của tường lửa trong việc lọc gói tin",train_fix,1
ISO 15189:2022 yêu cầu thiết lập và theo dõi những chỉ số chất lượng nào?,Tỷ lệ bác sĩ tham gia hội chẩn,Số lượng bệnh nhân nhập viện,"Số lượng mẫu bị từ chối, số lỗi khi nhận mẫu, số báo cáo kết quả sửa, tỷ lệ trả kết quả đúng hạn",Tỷ lệ nhân viên tham gia đào tạo,train_fix,1
Quá trình nào trong DNA đóng vai trò như cổng logic trong tính toán sinh học?,Sao chép tế bào,Quang hợp,Phản ứng lai ghép và enzyme cắt,Quá trình phiên mã RNA,train_fix,1
"Một công trình cao 30 m cần bảo vệ chống sét trực tiếp. Theo bán kính bảo vệ của kim thu sét (r = 1,5h), bán kính bảo vệ tối đa là bao nhiêu?",30 m,40 m,45 m,45 m,train_fix,1
"Theo tài liệu, tài sản an toàn thông tin bao gồm những loại nào?"," Phần cứng, phần mềm, thông tin","
Phần cứng, con người, dữ liệu xã hội"," Phần mềm, quy trình, ngân sách"," Thông tin, hợp đồng, quy định pháp luật",train_fix,1
"Công nghệ in bê tông 3D nào vừa cho phép kiểm soát tốt cấu trúc sản phẩm, vừa sử dụng bê tông cốt liệu sợi tổng hợp cường độ cao?",Contour Crafting,Concrete Printing,Concrete On-Site 3D Printing,FDM,train_fix,1
Mạng Bayes giải quyết vấn đề căn bản nào của các bài toán tìm kiếm liên quan đến sự không chắc chắn hoặc suy luận xác suất?,Các biến số dạng phức tạp,Công thức cần dùng quá cồng kềnh,Số lượng biến số ngẫu nhiên quá lớn,Sai số lớn từ các công thức phổ thông,train_fix,1
Thuật toán nào thường dùng để giải quyết bài toán giải mã cho các mã sửa lỗi?,Forward,Baum-Welch,Viterbi,EM,train_fix,1
"Để đạt được Mục tiêu Phát triển Bền vững số 6 (SDG 6) về nước sạch và vệ sinh vào năm 2030, những yếu tố nào cần được tăng cường, và chúng đóng vai trò gì?","Cải thiện quản lý tài nguyên nước, bao gồm hạ tầng cung cấp và xử lý nước sạch",Tăng cường khai thác nước ngầm không kiểm soát để đáp ứng nhu cầu cấp bách,Giảm đầu tư vào công nghệ xử lý nước thải để tiết kiệm chi phí,"Tập trung duy nhất vào đô thị, bỏ qua khu vực nông thôn và vùng khó tiếp cận",train_fix,1
Công cụ nào được nhóm tác giả của tài liệu Public_003 sử dụng để huấn luyện các hệ dịch nơ ron?,Moses,OpenNMT,TensorFlow,Fairseq,train_fix,1
"Trong ROI pooling, để tạo ra output có kích thước 4x4, mỗi vùng quan tâm (ROI) được chia thành bao nhiêu phân vùng con để thực hiện pooling?",1,2,3,4,train_fix,1
"Jira cung cấp loại báo cáo nào, và hạn chế gì khi áp dụng cho dự án ngắn hạn (dưới 3 tháng)?",Báo cáo dạng bảng duy nhất; hạn chế là không có biểu đồ,"Báo cáo với thống kê số lượng issue theo nhiều tiêu chí; hạn chế là tốn nhiều thời gian setup, không hiệu quả với dự án ngắn hạn",Báo cáo chỉ có 3 mẫu mặc định; hạn chế là không hỗ trợ Agile,Báo cáo không thể hiển thị theo thời gian; hạn chế là không phân quyền chi tiết,train_fix,1
Kiến trúc SASRec dựa trên mô hình nào?,Transformer Decoder,RNN,Markov Chain,CNN,train_fix,1
Thuật toán Shor có vai trò gì trong lịch sử phát triển Máy tính lượng tử?,"Cung cấp bộ dữ liệu đồng vị toàn diện, hỗ trợ AI giải thích các mô hình thủy văn và biến đổi khí hậu.",Lưu trữ hồ sơ bệnh án y tế toàn cầu để AI phân tích.,Tạo ra mô phỏng plasma trong lò phản ứng nhiệt hạch.,Tự động kiểm soát bức xạ trong các cơ sở hạt nhân.,train_fix,1
Liệt kê các điểm mạnh của Dart và Flutter khiến chúng trở thành lựa chọn hàng đầu trong phát triển ứng dụng đa nền tảng.,"Dart loại bỏ hoàn toàn nhu cầu biên dịch, còn Flutter chỉ dùng được trên Android.","Dart không hỗ trợ lập trình hướng đối tượng, nhưng Flutter bù lại bằng thư viện phong phú.","Dart chỉ tập trung vào phát triển web, còn Flutter chủ yếu phục vụ máy chủ backend.","Dart có cú pháp gần gũi với C/Java/JavaScript, hỗ trợ AOT và JIT, trong khi Flutter cung cấp hệ thống widget thống nhất, hiệu năng cao và Hot Reload.",train_fix,1
Mục đích chính của báo cáo KPI công nợ COD là gì?,Theo dõi chỉ số KPI công nợ COD theo nhiều cấp quản lý,Quản lý doanh thu và chi phí nội bộ,Tự động xuất hóa đơn COD cho khách hàng,Thay thế hệ thống báo cáo tài chính hiện có,train_fix,1
Nguồn gốc dòng điện và hai giả thuyết về chiều dòng điện là gì?,"Dòng điện được phát hiện lần đầu bởi Thomas Edison, electron chảy từ dương sang âm","Dòng điện xuất phát từ chuyển động của electron giữa nguyên tử, có hai giả thuyết: dòng quy ước (từ dương sang âm) và dòng điện tử (từ âm sang dương)","Dòng điện bắt nguồn từ pin của Volta, electron chảy từ âm sang dương theo quy ước","Dòng điện chỉ có ở máy phát AC, electron chảy theo sóng sin",train_fix,1
Tóm tắt các nội dung chính của văn bản về Apache Kafka.,"Văn bản giới thiệu Apache Kafka, hệ thống xử lý dữ liệu luồng thời gian thực, các thành phần (Producer, Consumer, Broker, Topic), ưu điểm (mở rộng, lưu trữ, tốc độ) và ứng dụng.","Văn bản nói đến Producer và Consumer, không có thông tin về Broker, Topic hay ưu điểm.", Văn bản nhắc đến tốc độ xử lý mà không đề cập khả năng mở rộng hoặc lưu trữ.,Văn bản chỉ mô tả một số ứng dụng mà không nói rõ cấu trúc và thành phần hệ thống.,train_fix,1
Các nguyên tắc cốt lõi và thành phần chính của các cách tiếp cận object detection là gì?,Hồi quy,Region proposal,Phân cụm,Phân lớp,train_fix,1
"Theo tài liệu Public_095, công nghệ nào giúp xây dựng cơ sở hạ tầng tự động trên Sao Hỏa?",Robot tự động và in 3D quy mô lớn,Đào hầm thủ công,Khinh khí cầu,Tàu ngầm,train_fix,1
Công thức marginal p(x)p(x)p(x) và conditional p(x∣y)p(x\mid y)p(x∣y) lần lượt là gì?,"p(x)=∑y​p(x,y);\ \ p(x∣y)=p(x,y)p(y)p(x\mid y)=\dfrac{p(x,y)}{p(y)}p(x∣y)=p(y)p(x,y)​",p(x)=∫p(y∣x)dy;\ \ p(x∣y)=p(x)p(y)p(x\mid y)=\dfrac{p(x)}{p(y)}p(x∣y)=p(y)p(x)​,"p(x)=∑yp(y∣x)p(x)=\sum_y p(y\mid x)p(x)=∑y​p(y∣x);\ \ p(x∣y)=p(y)p(x,y)p(x\mid y)=\dfrac{p(y)}{p(x,y)}p(x∣y)=p(x,y)p(y)​",p(x)=∑y​p(x∣y);\ \ p(x∣y)=p(y∣x)p(y)p(x\mid y)=\dfrac{p(y\mid x)}{p(y)}p(x∣y)=p(y)p(y∣x)​,train_fix,1
"Theo TCVN 9379:2012, tính toán kết cấu bê tông và bê tông cốt thép cần được tiến hành theo những trạng thái giới hạn nào và phải đảm bảo điều gì trong suốt thời hạn sử dụng công trình?",Trạng thái giới hạn thứ nhất và thứ hai; đảm bảo độ tin cậy của công trình,Chỉ trạng thái giới hạn thứ nhất; đảm bảo không xuất hiện vết nứt,Trạng thái giới hạn thứ hai; đảm bảo công trình không có biến dạng,"Trạng thái giới hạn ổn định vị trí; đảm bảo không trượt, không lật",train_fix,1
Khối nào trong CPU có nhiệm vụ thực hiện các phép tính số học và logic?,Khối điều khiển (CU),Khối số học và logic (ALU),Tập thanh ghi,Bộ nhớ ngoài,train_fix,1
SELECT query dùng để làm gì?,Thêm bản ghi mới,Xóa dữ liệu,Trích xuất dữ liệu theo điều kiện,Cập nhật dữ liệu,train_fix,1
"Theo tài liệu Public_005, tỷ lệ sai số theo đơn vị từ của FPT.AI Reader trong thử nghiệm là bao nhiêu?",0.16,0.2,0.27,0.5,train_fix,1
Lịch sử phát triển các mô hình triển khai ứng dụng,Traditional Deployment -> Virtualized Deployment ->Container Deployment,Virtualized Deployment -> Traditional Deployment -> Container Deployment,Container Deployment -> Traditional Deployment -> Virtualized Deployment ,Virtualized Deployment ->Container Deployment,train_fix,1
Tia bức xạ nào hiện nay được sử dụng phổ biến trong công nghiệp thực phẩm?,Tia X,Tia beta,Tia gamma,Tia tử ngoại,train_fix,1
Public_179 mô tả những nhiệm vụ nào trong thiết kế và phát triển kịch bản kiểm thử tự động?,Các thành viên của nhóm sẽ bắt tay vào thiết kế các kịch bản tự thủ công và sau đó dùng công cụ được chọn để tạo ra các script tự động hóa,Thông tin lộ trình thực hiện (Master Schedule); Effort và thời gian cho việc thiết kế Framework; Effort và thời gian cho việc viết kịch bản; Effort cho việc thực thi và báo cáo; Effort cho bảo trì sau phát triển; Các rủi ro phát sinh,Các thành viên của nhóm sẽ bắt tay vào lập trình. Các công việc điển hình như: Thiết kế Framework và các tính năng của nó; Thiết kế các kịch bản tự động; Viết script và kiểm tra tính ổn định của script; Review tính đúng đắn của script so với thiết kế,Các thành viên của nhóm sẽ bắt tay vào thiết kế các kịch bản tự động và dùng công cụ được chọn để tạo ra các script tự động hóa. Các công việc điển hình như: Thiết kế Framework và các tính năng của nó; Thiết kế các kịch bản tự động; Viết script và kiểm tra tính ổn định của script; Review tính đúng đắn của script so với thiết kế,train_fix,1
"Mô tả quy trình xây dựng hệ thống DRL cho robot công nghiệp từ kiến trúc thành phần đến thuật toán, đồng thời nêu các ứng dụng tiêu biểu và thách thức triển khai thực tế.","Kiến trúc: Agent–Environment–State–Action–Reward; thuật toán DQN, Policy Gradient, Actor-Critic, PPO kết hợp CNN/LSTM; ứng dụng lắp ráp, kho thông minh, hàn sơn, bảo trì; triển khai qua mô phỏng (Gazebo, Isaac Gym), transfer learning, reward shaping, ràng buộc an toàn; thách thức gồm chi phí tính toán, tổng quát hóa, tích hợp cảm biến, quản lý log.","Tập trung vào DQN duy nhất, không cần kiến trúc Agent–Environment; ứng dụng chỉ trong hàn sơn; thách thức chính là nguồn điện robot.","Chỉ cần Policy Gradient, bỏ qua các bước mô phỏng; không cần transfer learning; ứng dụng chủ yếu là điều khiển drone.",Quy trình: Agent và Environment gộp chung; ứng dụng chủ yếu là game; thách thức chỉ về tốc độ mạng.,train_fix,1
"Nếu một máy tính có Windows 10, CPU Intel thế hệ 5, RAM 8GB, card đồ họa 2GB VRAM thì có cài được Premiere Pro CC 2022 không?","Có, vì Windows 10 là đủ điều kiện","Không, vì cả CPU và RAM đều dưới mức khuyến nghị","Có, miễn là có ổ cứng SSD","Có, do Premiere không yêu cầu VRAM",train_fix,1
Thành phần nào cho phép thực hiện phép nhân–cộng ma trận bằng ánh sáng?,Tụ điện,GPU,Cáp đồng,Giao thoa kế Mach–Zehnder và mạch quang tích hợp,train_fix,1
"Theo tài liệu Public_092, xu hướng nào hứa hẹn tối ưu hoạt động RIS trong 6G?",AI điều khiển metasurface theo thời gian thực,Lắp đặt nhiều trạm phát,Dùng sợi quang ngầm,Giảm tốc độ truyền,train_fix,1
"Theo chu trình Plan-Do-Check-Act của ISO/IEC 27001:2005, nếu một tổ chức đã thực hiện các bước đánh giá rủi ro, lựa chọn biện pháp kiểm soát và thực thi kế hoạch xử lý rủi ro, thì bước tiếp theo hợp lý nhất là gì?
",Kiểm toán nội bộ và giám sát hiệu quả của ISMS,Ngay lập tức thay đổi chủ sở hữu dự án,Bỏ qua pha Check để tiết kiệm thời gian,Quay lại từ đầu và thiết lập lại phạm vi ISMS,train_fix,1
"Nếu một công ty thương mại điện tử muốn phân tích xu hướng mua hàng trong nhiều năm mà dữ liệu giao dịch chứa nhiều bản ghi trùng lặp, bước nào trong ETL sẽ quan trọng nhất để giải quyết vấn đề này?",Trích xuất dữ liệu từ nhiều nguồn,Chuyển đổi dữ liệu với chức năng làm sạch và chống trùng lặp,Tải dữ liệu hoàn toàn vào kho dữ liệu,Tạo báo cáo trực quan trên dashboard,train_fix,1
Thực phẩm là gì? Thực phẩm chức năng dùng chủ yếu để làm gì?,"Chỉ là đồ uống, chỉ giải khát","Hỗn hợp các chất hóa học cung cấp dinh dưỡng, dùng chủ yếu để phòng và hỗ trợ điều trị bệnh","Là thuốc, chữa bệnh thay thế",Chỉ tăng năng lượng,train_fix,1
"Theo tài liệu, yếu tố nào khiến cho học liệu điện tử (HLĐT) trở thành công cụ đặc biệt phù hợp trong bối cảnh chuyển đổi số giáo dục?",Khả năng tái sử dụng vô hạn các bài kiểm tra giấy.,"Tính linh hoạt, khả năng học mọi lúc, mọi nơi, và tăng hứng thú học tập",Chỉ dùng được trong trường đại học mà không áp dụng cho phổ thông.,Giúp loại bỏ hoàn toàn sự cần thiết của cơ sở vật chất.,train_fix,1
Pin nào sử dụng chất điện phân rắn thay cho lỏng?,Lithium-Sulfur,Pin Thể Rắn (Solid-State),Pin Sodium-Ion,Pin Lưu Lượng,train_fix,1
Thuật toán nào thường được sử dụng để giải quyết bài toán Đánh giá và Học trong HMM?,Viterbi và Forward,Forward và Baum-Welch,EM và Viterbi,Backward và Gradient Descent,train_fix,1
Tên của thao tác cập nhật và tìm kiếm một node trong cấu trúc dữ liệu lần lượt là gì?,Find và update,Search và display,Find và display,Search và update,train_fix,1
Điểm BLEU và công cụ huấn luyện hệ dịch nơ ron trong nghiên cứu này là gì?,Một thuật toán dịch máy / Moses,Một loại dữ liệu song ngữ / OpenNMT,Một phương pháp đánh giá tự động chất lượng dịch máy / TensorFlow,Một hệ dịch mã nguồn mở / Fairseq,train_fix,2
"Nếu dự án liên tục thay đổi yêu cầu nhưng không có cơ chế kiểm soát, hệ quả là gì?",Hoàn thành sớm hơn,"Vượt quá ngân sách và tiến độ, nguy cơ thất bại",Nhóm ít áp lực hơn,Chất lượng cao hơn,train_fix,1
"Theo tài liệu Public_180, Stress Testing và Soak Testing là gì?","Stress Testing là quá trình kiểm tra hiệu suất của hệ thống trong thời gian dài. Yếu tố này đánh giá sự ổn định và khả năng chịu được của hệ thống trong môi trường hoạt động liên tục.
Soak Testing đo và đánh giá khả năng chịu đựng của hệ thống khi gặp tải trọng ngoại lệ, vượt quá giới hạn bình thường. Mục tiêu của hoạt động này chính là xác định điểm yếu và giới hạn của hệ thống.","Stress Testing đo và đánh giá khả năng chịu đựng của hệ thống trong thời gian dài. Mục tiêu của hoạt động này chính là xác định điểm yếu và giới hạn của hệ thống.
Soak Testing đo và đánh giá khả năng chịu đựng của hệ thống khi gặp tải trọng ngoại lệ, vượt quá giới hạn bình thường. Mục tiêu của hoạt động này chính là xác định điểm yếu và giới hạn của hệ thống. Yếu tố này đánh giá sự ổn định và khả năng chịu được của hệ thống trong môi trường hoạt động liên tục.","Stress Testing đo và đánh giá khả năng chịu đựng của hệ thống khi gặp tải trọng ngoại lệ, vượt quá giới hạn bình thường. Mục tiêu của hoạt động này chính là xác định điểm yếu và giới hạn của hệ thống.
Soak Testing là quá trình kiểm tra hiệu suất của hệ thống trong thời gian dài. Yếu tố này đánh giá sự ổn định và khả năng chịu được của hệ thống trong môi trường hoạt động liên tục.","Stress Testing đo và đánh giá khả năng chịu đựng của hệ thống khi gặp tải trọng ngoại lệ, vượt quá giới hạn bình thường. Yếu tố này đánh giá sự ổn định và khả năng chịu được của hệ thống trong môi trường hoạt động liên tục.
Soak Testing là quá trình kiểm tra hiệu suất của hệ thống trong thời gian dài. Mục tiêu của hoạt động này chính là xác định điểm yếu và giới hạn của hệ thống.",train_fix,1
Học phần Nhập môn ngành CNTT trang bị cho sinh viên những kỹ năng nào ngoài kiến thức chuyên ngành?,Kỹ năng nghiên cứu khoa học nâng cao,Kỹ năng quản lý dự án phức tạp,"Kỹ năng mềm như làm việc nhóm, thuyết trình, tìm kiếm thông tin, phương pháp học đại học",Kỹ năng phân tích tài chính,train_fix,1
"Một mạch nối tiếp gồm R1 = 2Ω, R2 = 4Ω, R3 = 6Ω, dòng điện I = 4A. Hãy tính điện áp toàn mạch.",24V,36V,48V,60V,train_fix,1
"Theo tài liệu Public_059, kiểm thử tích hợp tập trung vào vấn đề gì?",Hoạt động của một module,Hoạt động tương hỗ giữa các module,Hoạt động theo đặc tả,Hoạt động theo yêu cầu người dùng,train_fix,1
"Dựa trên tài liệu Public_117, phát biểu nào đúng về hàm mật độ xác suất (pdf) của biến ngẫu nhiên liên tục x?",∑x​p(x)=1 và p(x)≤1p(x)\le 1p(x)≤1 với mọi xxx,∫p(x)dx=1 và p(x)p(x)p(x) có thể lớn hơn 1 ở một số xxx,∫p(x)dx<1 nếu miền giá trị là vô hạn,p(x)=P(x=x\*) nên luôn ≤1\le 1≤1,train_fix,1
Ưu điểm nổi bật của GraphQL so với REST trong việc lấy dữ liệu từ server là gì?,"Client có thể yêu cầu chính xác dữ liệu cần thiết chỉ trong một request duy nhất, thay vì nhiều request như REST",Client có thể truy cập trực tiếp vào cơ sở dữ liệu mà không cần server trung gian,GraphQL loại bỏ hoàn toàn nhu cầu sử dụng HTTP trong giao tiếp dữ liệu,GraphQL giúp tăng tốc độ xử lý đồ họa và hiển thị UI,train_fix,1
Những thành phần chính nào cấu thành mô hình hồi quy tuyến tính?,Mô hình (model) và hàm chi phí (cost function),Mô hình (model),Hàm chi phí (cost function),Biến đầu ra (output),train_fix,1
"GraphQL cung cấp khái niệm query để mô tả yêu cầu dữ liệu và schema để định nghĩa cấu trúc API, vậy mỗi thành phần này có vai trò chính là gì?",Query giúp quản lý bảo mật API và schema giúp tối ưu hóa hiệu suất mạng,"Query mô tả yêu cầu dữ liệu từ client và schema định nghĩa kiểu dữ liệu, quy tắc giao tiếp giữa client và server",Query hỗ trợ lưu trữ dữ liệu trong bộ nhớ đệm và schema cho phép mã hóa dữ liệu nhạy cảm,Query dùng để xác thực người dùng và schema để theo dõi nhật ký hệ thống,train_fix,1
"Neural network bắt chước toàn bộ cơ chế hoạt động của hệ thần kinh, đúng hay sai?",Sai,Đúng,,,train_fix,1
"Trong xây dựng lát cắt, câu lệnh dạng I-def và I-use đối với biến v sẽ được xử lý như nào? (Trả lời đúng thứ tự)",Đều loại bỏ,Thêm vào và loại bỏ,Loại bỏ và thêm vào,Đều thêm vào,train_fix,1
Tác dụng phụ khi sử dụng Thiết bị AirStart 10 là gì?,Không có,"Các tác dụng phụ dưới đây có thể phát sinh trong quá trình điều trị với thiết bị:
làm khô mũi, miệng hoặc cổ họng
chảy máu mũi
đầy hơi
khó chịu ở tai hoặc xoang
kích ứng mắt
phát ban trên da.","Các tác dụng phụ dưới đây có thể phát sinh trong quá trình điều trị với thiết bị:tiêu chảy, ho khan, buồn nôn
","""Các tác dụng phụ dưới đây có thể phát sinh trong quá trình điều trị với thiết bị:đau mỏỉ xương khớp, bài tiết không tự chủ",train_fix,1
"Xét hàm sau:
if (a == 0) return 0;
if (a == b) return 1;
return 2;
Cần bao nhiêu ca kiểm thử để đảm bảo 100% độ phủ cho độ đo C1?",Ba,Hai,Bốn,Năm,train_fix,1
Tụ điện là gì và điện dung của tụ được tính theo công thức nào?,Tụ điện là linh kiện thụ động có khả năng tích trữ năng lượng điện dưới dạng điện tích; điện dung C = Q/V,Tụ điện là linh kiện tích trữ năng lượng cơ học; điện dung C = I/V,Tụ điện là linh kiện thụ động chỉ dẫn dòng điện DC; điện dung C = Q·V,Tụ điện là pin sạc; điện dung C = V²/Q,train_fix,1
"Giả sử một start-up có nguồn lực hạn chế nhưng cần ra mắt nhanh một MVP đa nền tảng với mức độ tùy biến giao diện tương đối cao. Dựa trên văn bản, hai yếu tố nào là NHẤT QUYẾT ĐỊNH cho quyết định chọn (hoặc không chọn) Flutter trong trường hợp này? (Chọn 2.)","Lợi thế: single code-base giảm thời gian và chi phí phát triển, phù hợp với start-up.","Rủi ro: hạn chế trong kết nối với thư viện bên thứ ba, làm giảm khả năng tùy chỉnh phức tạp.",Rủi ro: Flutter không hỗ trợ web và desktop nên không triển khai đa nền tảng được.,"Lợi thế: kích thước tệp nhỏ, giúp tối ưu trải nghiệm khởi động cho người dùng.",train_fix,2
Chiều dày màng khô của lớp phủ chống cháy được xác định bằng cách nào?,Quan sát trực quan sau khi phủ,Đo trực tiếp trên mẫu thử nghiệm bằng dụng cụ cảm ứng điện từ hoặc dòng điện xoáy,Dùng cân xác định khối lượng riêng,So sánh với mẫu chuẩn,train_fix,1
Nếu một sợi có chiều dài 1000 m và khối lượng 20 g thì chỉ số Tex của sợi đó bằng bao nhiêu?,10 Tex,15 Tex,20 Tex,25 Tex,train_fix,1
"Theo tài liệu Public_184, HTTT quản lý cung cấp dạng thông tin nào và hệ thống hỗ trợ quyết định cung cấp thông tin gì?","HTTT quản lý → báo cáo định kỳ theo mẫu; Hệ thống hỗ trợ quyết định → thông tin pháp luật, nghị định","HTTT quản lý → thông tin theo mẫu định sẵn, định kỳ; Hệ thống hỗ trợ quyết định → hỗ trợ tính toán, ra quyết định phi định kỳ, mang tính tương tác",HTTT quản lý → thông tin chiến lược dài hạn; Hệ thống hỗ trợ quyết định → báo cáo thường ngày,HTTT quản lý → dữ liệu giao dịch khách hàng; Hệ thống hỗ trợ quyết định → quản lý nhân sự,train_fix,1
"Theo tài liệu Public_162, điểm khác biệt quan trọng giữa IDS và IPS là gì?","IDS chủ động ngăn chặn, IPS chỉ giám sát","IDS chỉ phát hiện, IPS có khả năng ngăn chặn ","IDS và IPS đều chỉ giám sát, không có chức năng ngăn chặn", IDS và IPS đều không yêu cầu chữ ký tấn công,train_fix,1
"Theo tài liệu, ký hiệu đại diện * trong tên tệp có ý nghĩa gì?",Đại diện cho một ký tự bất kỳ,Đại diện cho số bất kỳ,Đại diện cho một chuỗi ký tự bất kỳ,Đại diện cho phần mở rộng bắt buộc,train_fix,1
Điện trở là gì và tại sao được gọi là linh kiện thụ động?,Là linh kiện điện tử chủ động tạo ra năng lượng trong mạch,"Là linh kiện điện tử thụ động, gây ra trở kháng làm cản trở dòng điện mà không tạo ra năng lượng",Là linh kiện điện tử dùng để tăng dòng điện trong mạch,Là linh kiện điện tử chỉ dùng trong mạch AC,train_fix,1
"Nếu một dầm bê tông cốt thép có nhịp 6 m, theo TCVN 5574:2018 độ võng tối đa cho phép là 1/150 nhịp, giá trị võng lớn nhất cho phép là bao nhiêu?",20 mm,30 mm,40 mm,50 mm,train_fix,1
"Mục đích của từ ""luôn luôn"" và ""nào đó"", theo danh sách thẩm định thuật ngữ trong tài liệu Public_061, là hàm ý tính không mơ hồ và tính kiểm chứng của đặc tả?","Tính nhập nhằng, tính thiếu định lượng","Tính tuyệt đối, tính thuyết phục","Tính tuyệt đối, tính nhập nhằng","Tính thuyết phục, tính nhập nhằng",train_fix,1
Phương pháp thí nghiệm chính được mô tả trong tài liệu Public_265 là gì?,Thu thập mẫu malware thực tế từ Internet và quét trên nhiều AV cùng lúc.,"Tạo payload bằng Metasploit trên máy Kali, phân phối tới máy Windows 10 trong môi trường ảo, và cài từng AV lên máy đích để kiểm tra phát hiện.",Sử dụng VirusTotal API để đánh giá 57 AV trên mẫu Android.,Chỉ so sánh báo cáo của các trang đánh giá AV mà không chạy thử nghiệm thực tế.,train_fix,1
"Theo TCVN 9395:2012, tiêu chuẩn này áp dụng cho loại cọc nào và từ đường kính bao nhiêu trở lên?","Cọc ép, từ 20 cm","Cọc khoan nhồi, từ 30 cm","Cọc thép, từ 25 cm","Cọc gỗ, từ 40 cm",train_fix,1
Vì sao Selection Sort có độ phức tạp O(N^2),Vì thuật toán chạy nhiều hơn một vòng for,Vì thuật toán chạy hai vòng for lồng nhau,Vì thuật toán có hai vòng for tuyến tính lồng nhau,Vì người đề xuất phát biểu vậy,train_fix,1
Một xu hướng mới giúp mạng nơ-ron tích chập đảm bảo quyền riêng tư dữ liệu y tế là gì?,Blockchain,Federated Learning,Edge AI,GAN,train_fix,1
"Với mức độ rẽ nhánh là b và độ sâu lời giải d, độ phức tạp bộ nhớ của thuật toán BFS là gì?",O(b + d),O(bd),O(bd + 1),O(b^d),train_fix,1
"Theo tài liệu, sau khi đã tạo dự án, người dùng có thể chỉnh sửa bằng cách click dấu “ba chấm” cạnh tên dự án. Nếu muốn thay đổi chủ sở hữu của dự án, người dùng cần chọn thao tác nào trong danh sách hiện ra?", Di chuyển,Đổi tên,Thay đổi chủ sở hữu ,"
 Xóa bỏ",train_fix,1
"Nếu một doanh nghiệp chỉ triển khai “HTTT quản lý” mà không có “hệ thống hỗ trợ quyết định”, hậu quả nào dễ xảy ra nhất?",Thiếu báo cáo định kỳ phục vụ quản lý,"Không có khả năng hỗ trợ ra quyết định trong tình huống mới, phi định kỳ",hông thể thực hiện giao dịch với khách hàng bên ngoài,Không thể kiểm soát được dữ liệu nội bộ,train_fix,1
Bộ dữ liệu CIFAR-10 gồm bao nhiêu hình ảnh dùng cho huấn luyện?,10,60,50,70,train_fix,1
Transistor được tạo thành từ mấy lớp bán dẫn và ba người nào được ghi nhận là những nhà phát minh ra nó?,"Transistor được tạo từ ba lớp bán dẫn và do John Bardeen, William Shockley và Walter Brattain phát minh","Transistor được tạo từ bốn lớp bán dẫn và do John Bardeen, William Shockley và Nikola Tesla phát minh",Transistor được tạo từ ba lớp bán dẫn và do Thomas Edison phát minh,Transistor được tạo từ một lớp bán dẫn và do Albert Einstein phát minh,train_fix,1
"Theo tài liệu Public_174, ETL (Extract, Transform, Load) được hiểu là gì?",Quá trình quản lý hệ điều hành và cập nhật phần mềm tự động,"Quá trình tập hợp dữ liệu từ nhiều nguồn, chuyển đổi theo nguyên tắc kinh doanh và tải vào hệ thống lưu trữ trung tâm để phân tích",Quá trình tối ưu hóa mã nguồn để tăng tốc ứng dụng,Quá trình nén dữ liệu để tiết kiệm dung lượng lưu trữ,train_fix,1
Histogram Equalization (HE) và Contextual Visual Contrast (CVC) có hạn chế gì?,HE xử lý tốt tương phản cục bộ nhưng làm mất dải động; CVC chỉ dựa vào biên cạnh,HE tận dụng tốt HVS; CVC làm nổi bật toàn ảnh,HE dễ gây quá nhấn mạnh một số vùng; CVC chủ yếu dựa vào biên cạnh,HE chỉ khai thác màu sắc; CVC chỉ áp dụng cho video,train_fix,1
Nội dung chính của tài liệu là gì?,Trình bày chi tiết về mạng máy tính,"Giới thiệu các khái niệm cơ bản về dữ liệu, thông tin, tri thức; lịch sử phát triển máy tính; khái niệm tin học, CNTT và ICT",Hướng dẫn cài đặt phần mềm,Phân tích chi tiết hệ điều hành Windows,train_fix,1
"Với tổng số rủi ro của User Domain và Workstation Domain là 15, hãy tham khảo tài liệu Public_260 để xác định số rủi ro của Workstation Domain và tính tỷ lệ % rủi ro này so với tổng.",0.5,0.6,0.667,0.333,train_fix,1
Ưu điểm cốt lõi của blockchain trong chuỗi cung ứng là gì?,Tăng dung lượng lưu trữ,Minh bạch và không thể thay đổi dữ liệu,Giảm giá sản phẩm,Tự động tạo mã QR,train_fix,1
Hiện tượng nào đặc trưng của vật liệu siêu dẫn?,Tăng điện trở,Điện trở bằng 0 và hiệu ứng Meissner,Tự phát sáng,Giảm nhiệt độ phòng,train_fix,1
Vì sao tổ chức cần áp dụng nhiều loại kiểm soát an ninh thông tin khác nhau thay vì chỉ dựa vào một loại duy nhất?,Vì quy định pháp lý chỉ cho phép dùng ít nhất ba loại kiểm soát.,"Vì các kiểm soát khác nhau phối hợp tạo defense in depth, giảm rủi ro từ cả yếu tố con người, kỹ thuật và vật lý",Vì dùng nhiều kiểm soát sẽ luôn rẻ hơn và dễ quản lý hơn.,Vì kỹ thuật luôn thất bại nên chỉ còn cách tăng số lượng chính sách.,train_fix,1
Mạng nào chuyên biệt cho bài toán phân đoạn ảnh y tế?,ResNet,DenseNet,U-Net,AlexNet,train_fix,1
"Theo mô tả trong tài liệu Public_183, outbox_table mang lại những lợi ích nào?",Đảm bảo consistency giữa dữ liệu nghiệp vụ và event,Đảm bảo durability – message không mất khi commit thành công,Đảm bảo message ordering khi publish,Đảm bảo exactly-once delivery ở consumer,train_fix,3
Ai đã tiến hành Operation Dream Job?,Fancy Bear,Charming Kitten,Lazarus Group,Carbanak,train_fix,1
"Theo tài liệu Public_045, khi tiến hành phân lớp với nhiều hơn hai lớp, có bao nhiêu chiến lược tiếp cận? Hình thức của chúng là gì?",Hai. Một model phân M lớp và M model phân biệt từng lớp,Một. Một model phân M lớp,Một. M model phân biệt từng lớp,Không thể tiến hành,train_fix,1
Mô hình neural network lấy cảm hứng từ?,Cơ chế thụ cảm của con người,Hoạt động của nơ-ron trong hệ thần kinh,Khả năng tư duy của con người,Khả năng điều khiển cơ thể của các loài động vật,train_fix,1
"Trình bày quy trình tổng thể để xây dựng hệ thống quản lý dữ liệu chuỗi thời gian từ khâu xác định nguồn, thu thập, tiền xử lý đến lưu trữ và mở rộng; đồng thời giải thích tầm quan trọng của đồng bộ NTP và chiến lược partitioning.","Quy trình: xác định nguồn (cảm biến, log), đảm bảo timestamp chuẩn NTP, thu thập qua MQTT/gateway, làm sạch & nội suy, chuẩn hóa đơn vị, tạo đặc trưng, lưu TSDB (Influx/Timescale), thiết lập TTL & partitioning, giám sát Prometheus/Grafana, mở rộng bằng microservices & Kubernetes; đồng bộ NTP giữ tính chính xác thời gian; partitioning tăng tốc truy vấn và quản lý dữ liệu lớn.","Chỉ cần xác định nguồn và thu thập, có thể bỏ qua NTP; partitioning chủ yếu để sao lưu.","Quy trình: thu thập và lưu trực tiếp; NTP chỉ dùng cho đồng hồ cảm biến, partitioning không ảnh hưởng hiệu năng.","Hệ thống chỉ cần TSDB và giám sát, bỏ qua các bước tiền xử lý và đồng bộ thời gian. TD069",train_fix,1
"Trong tài liệu Public_197, đâu là một lợi ích của AI đối với học sinh và một thách thức của AI đối với nhà trường?",Học sinh: Được phản hồi tức thì; Nhà trường: Hạn chế về cơ sở vật chất và kỹ năng công nghệ.,"Học sinh: Giảm nhu cầu giao tiếp; Nhà trường: Thừa thiết bị công nghệ.
",Học sinh: Học dễ dàng mà không cần nỗ lực; Nhà trường: Không cần đào tạo giáo viên.,Học sinh: Được miễn học phí; Nhà trường: Không cần bảo mật dữ liệu.,train_fix,1
"Phân tích nguyên lý, cấu trúc mạng CNN và lợi ích khi áp dụng trong phân tích ảnh y tế, nêu các ứng dụng điển hình.","Nguyên lý: convolution, pooling, fully connected, shared weights, local receptive field; lợi ích: trích xuất đặc trưng tự động, bất biến vị trí, tổng quát cao; ứng dụng: chẩn đoán X-quang, MRI/CT, phân đoạn polyp, nhận diện tế bào, hỗ trợ phẫu thuật thông minh.",CNN chỉ học đặc trưng thủ công; ứng dụng duy nhất là phân loại ảnh tự nhiên.,"Chỉ dùng pooling, bỏ convolution; áp dụng chính trong xử lý tín hiệu âm thanh.",CNN không liên quan y tế; chỉ áp dụng trong NLP.,train_fix,1
Hướng phát triển tương lai đầy tiềm năng của GNN trong vật liệu là gì?,Tích hợp với AR/VR,Kết hợp với Reinforcement Learning và điện toán lượng tử,Chỉ dùng dữ liệu văn bản,Loại bỏ hoàn toàn thí nghiệm,train_fix,1
Điện trở màng than có ưu điểm gì về độ ổn định và nhược điểm gì khi làm việc ở nhiệt độ cao?,Ổn định cao ; Dễ thay đổi trị số khi nhiệt độ thay đổi,Kích thước nhỏ ; Không chịu được xung điện áp,Giá thành rẻ ; Độ bền cơ học thấp,Điện cảm nhỏ ; Dễ hư hỏng khi ẩm ướt,train_fix,1
"Học phần nào vừa giúp sinh viên năm nhất làm quen với môi trường đại học và kiến thức cơ bản ngành CNTT, vừa rèn luyện các kỹ năng mềm và chuẩn mực đạo đức cần thiết để trở thành kỹ sư công nghệ thông tin?",Toán 1,Toán 2,Nhập môn ngành CNTT,Đại số và cấu trúc đại số,train_fix,1
Định luật Ohm được phát biểu như thế nào?,Dòng điện tỉ lệ thuận với điện trở và tỉ lệ nghịch với điện áp,Dòng điện tỉ lệ thuận với điện áp và tỉ lệ nghịch với điện trở,Điện áp tỉ lệ thuận với dòng điện và điện trở,Công suất tỉ lệ nghịch với điện áp,train_fix,1
"Trong Linear Regression, hàm mất mát và đạo hàm theo công thức trong tài liệu Public_107 lần lượt là gì?",L(w)=2N1​∥y−Xˉw∥22​; ∇wL(w)=1NXˉT(Xˉw−y)\nabla_w L(w) = \frac{1}{N}\bar{X}^T(\bar{X}w - y) ∇w​L(w)=N1​XˉT(Xˉw−y),L(w)=21​∥y−Xw∥22​; ∇wL(w)=XT(Xw−y)\nabla_w L(w) = X^T(Xw - y) ∇w​L(w)=XT(Xw−y),L(w)=∥y−Xˉw∥1​; ∇wL(w)=XˉT(y−Xˉw)\nabla_w L(w) = \bar{X}^T(y - \bar{X}w) ∇w​L(w)=XˉT(y−Xˉw),L(w)=∥y−Xw∥∞​; ∇wL(w)=XT(y−Xw)\nabla_w L(w) = X^T(y - Xw) ∇w​L(w)=XT(y−Xw),train_fix,1
"Muốn cập nhật trong linked list phần tử thứ 5 với giá trị 7, ta cần nhập vào khi gọi update() thứ tự giá trị nào cho pos và val?",4 7,5 7,7 5,7 4,train_fix,1
Giá trị hạn mức phân bổ thêm tối đa so với hạn mức cố định của một tuyến bưu tá là bao nhiêu?,0.1,0.15,0.2,0.25,train_fix,1
Phép tích chập (convolution) gồm ba yếu tố chính là kernel và hai thành phần nào?,Strike và patting,Stride và padding,Strike và padding,Stride và patting,train_fix,1
"Dựa trên ngữ cảnh của tài liệu Public_173, một trong những mục tiêu chính của kiến trúc sư đám mây là gì?",Thiết kế logo và giao diện người dùng cho sản phẩm,"Đảm bảo cơ sở hạ tầng đám mây đáp ứng nhu cầu về khả năng mở rộng, hiệu suất, bảo mật và chi phí",Quản lý trực tiếp đội ngũ lập trình viên trong dự án phần mềm,Viết mã nguồn chi tiết cho toàn bộ ứng dụng,train_fix,1
Công nghệ nào được phát triển tại Đại học Loughborough (Anh)?,Contour Crafting,Concrete Printing,D-Shape,Emerging Objects,train_fix,1
"Nội dung chính của tài liệu Public_124, hướng dẫn khai báo QoS cho thiết bị truyền dẫn Viba, là gì?",Giới thiệu các chỉ số KPI mạng,Trình bày cấu trúc lớp lưu lượng trên IPBN,Hướng dẫn chi tiết cách gán QoS cho port và mapping DSCP–CoS,Nêu chính sách định tuyến trong mạng Metro,train_fix,1
Nội dung chính của tài liệu là gì?,Giới thiệu mạng máy tính,"Trình bày biểu diễn dữ liệu trong máy tính: các hệ đếm, số nguyên, số thực, dữ liệu ký tự, số hóa tín hiệu và tính toán số học",Giới thiệu hệ điều hành Windows,Hướng dẫn lập trình Pascal,train_fix,1
Các chứng chỉ AWS Certified Solutions Architect và Google Cloud Professional Cloud Architect xác nhận điều gì?,Khả năng thiết kế UI/UX và quản lý tài chính cho dự án đám mây,"Khả năng triển khai, quản lý ứng dụng trên AWS và thiết kế, quản lý kiến trúc đám mây trên Google Cloud",Kỹ năng xử lý văn bản và quản trị cơ sở dữ liệu truyền thống,Kỹ năng quản lý nhân sự và lãnh đạo nhóm phát triển,train_fix,1
Ký hiệu của cận biên max và cận biên min theo tài liệu Public_062 là gì?,max+ và min-,max- và min+,maxx và minn,Maxx và Minn,train_fix,1
Lò phản ứng Tokamak là gì?,Tokamak,Stellarator,Lò phản ứng nước áp lực,Magnetron,train_fix,1
Jira được phát triển bởi công ty nào?,Microsoft,Atlassian,Oracle,IBM,train_fix,1
Thành phần nào trong học tăng cường đóng vai trò quyết định hành động để tối đa hóa phần thưởng?,Môi trường (Environment),Tác nhân (Agent),Trạng thái (State),Phần thưởng (Reward),train_fix,1
Nội dung chính của phần “Khái quát về thực phẩm và công nghệ thực phẩm” là gì?,"Trình bày khái niệm, phân loại, mục đích sử dụng, các chỉ tiêu chất lượng của thực phẩm và mối quan tâm của người tiêu dùng",Hướng dẫn chi tiết quy trình sản xuất bia và sữa,Phân tích giá trị kinh tế của ngành thực phẩm,Giới thiệu lịch sử ngành công nghệ thực phẩm,train_fix,1
"Theo tài liệu Public_074, giải pháp khả thi nhất cho mạng lượng tử khi chưa đủ qubit là gì?",Bỏ triển khai 6G,Chuyển sang 5G,Mô hình lai kết hợp tính toán cổ điển và lượng tử,Dừng tối ưu hóa,train_fix,1
Nội dung chính của tài liệu là gì?,Trình bày nguyên lý transistor BJT,"Giới thiệu khái niệm, định luật Ohm, dòng điện một chiều, dòng điện xoay chiều, dạng sóng và ứng dụng của dòng điện",Trình bày chi tiết về tụ điện,Hướng dẫn chế tạo diode,train_fix,1
"Từ các phương pháp mã hóa (thay thế, hoán vị, XOR, Vernam, khóa chạy, hàm băm), hãy rút ra nhận định tổng quan về các nguyên lý mã hóa cơ bản hoặc các điểm khác biệt chính giữa chúng.","Mỗi phương pháp đều có ưu điểm riêng, nhưng độ an toàn chỉ cao khi kết hợp kỹ thuật và lựa chọn khóa thích hợp ","Các phương pháp đều tuyệt đối an toàn, không thể phá mã","
Phương pháp nào cũng chỉ dựa trên dịch chuyển ký tự nên dễ đoán bản rõ", Chỉ cần áp dụng hàm băm là đủ để mã hóa dữ liệu,train_fix,1
Nội dung chính về BFS trong tài liệu Public_106 là gì?,Trình bày bài toán tìm đường đi ngắn nhất,Phân tích ưu nhược điểm của các thuật toán tìm đường đi,"Định nghĩa, nguyên tắc, các cải tiến và tính chất của thuật toán BFS",Chọn nút ở biên xa nhất so với gốc,train_fix,1
"Với một mạng kết nối 200 máy tính và có bán kính hoạt động 500m trong một tòa nhà, phân loại mạng chính xác nhất của nó là gì?",LAN (Local Area Network),WAN (Wide Area Network),GAN (Global Area Network),MAN (Metropolitan Area Network),train_fix,1
"Với hàm f(x)=x2+5sin⁡(x)f(x) = x^2 + 5\sin(x)f(x)=x2+5sin(x), đạo hàm là f′(x)=2x+5cos⁡(x)f'(x) = 2x + 5\cos(x)f′(x)=2x+5cos(x). Nếu khởi tạo x0=−5x_0 = -5x0​=−5, learning rate η=0.1\eta = 0.1η=0.1, thuật toán hội tụ sau khoảng bao nhiêu vòng lặp theo tài liệu?",Khoảng 5 vòng lặp,Khoảng 20 vòng lặp,Khoảng 11 vòng lặp,Khoảng 29 vòng lặp,train_fix,1
"Theo tài liệu, điểm khác biệt chính giữa tường lửa có trạng thái (Stateful) và không trạng thái (Stateless) là gì?"," Stateful có khả năng lưu trạng thái các kết nối mạng, còn Stateless thì không ",Stateless an toàn hơn Stateful,"Stateless lưu được trạng thái người dùng, còn Stateful không","Stateful chỉ lọc ở lớp ứng dụng, còn Stateless lọc ở lớp mạng",train_fix,1
IDS/IPS thuộc loại kiểm soát nào?,Preventative,Detective,Corrective,Deterrent,train_fix,1
"Theo nguyên lý xác suất được trình bày trong tài liệu Public_041, đâu không phải là một khẳng định hợp lý?",Sự kiện có 70% xác suất sẽ chắc chắn hơn sự kiện có 50% xác suất,"Tổng xác suất của sự kiện ""tôi là nam"" và ""tôi là nữ"" là 100%",Xác suất tôi đi về sẽ gặp trời mưa là 150%,"Với một đồng xu cân đối đồng chất, xác suất ra mặt ngửa và mặt sấp là như nhau",train_fix,1
Public_095 thảo luận về những vấn đề đạo đức nào liên quan đến việc terraform Sao Hỏa?,Khả năng phá hủy sự sống bản địa (nếu tồn tại),Thiếu tài nguyên,Chi phí phóng tên lửa,Mất liên lạc với Trái Đất,train_fix,1
Các tác nhân đe dọa cũng sử dụng các cổng phi tiêu chuẩn trên hạ tầng của họ nhằm mục đích bảo mật hoạt động (Operational-Security). Đội Sandworm được cho là đã thiết lập máy chủ SSH để lắng nghe trên cổng nào?,2222,4444,53,6789,train_fix,1
Nội dung chính của phần 8 trong tiêu chuẩn ISO 15189:2022 là gì?,Yêu cầu về cơ sở vật chất và thiết bị,Quy định về kỹ thuật xét nghiệm,"Yêu cầu hệ thống quản lý, bao gồm tài liệu, hồ sơ, kiểm soát rủi ro, cải tiến, đánh giá và xem xét",Quy định về đạo đức nghề nghiệp của nhân viên phòng xét nghiệm,train_fix,1
"Mô tả mục tiêu, công nghệ mô phỏng và ứng dụng của vũ trụ học tính toán trong nghiên cứu vũ trụ.","Dùng phương trình Einstein, mô phỏng N-body, thủy động lực học, AI tăng tốc, mô phỏng hàng tỷ hạt; ứng dụng: giải mã vật chất tối, dự báo quan sát, ước lượng tham số vũ trụ học","Chỉ nghiên cứu kính thiên văn quang học, không mô phỏng",Ứng dụng duy nhất là dự báo thời tiết,Không liên quan đến AI,train_fix,1
Nội dung chính của phần tiêu chuẩn trong tài liệu là gì?,Quy định quy trình khám chữa bệnh cho bệnh nhân,"Đưa ra yêu cầu về cơ cấu, quản trị, nhân lực, cơ sở vật chất, thiết bị, thuốc thử và quá trình xét nghiệm trong phòng xét nghiệm y tế",Mô tả chi tiết hệ thống tài chính của bệnh viện,Hướng dẫn xây dựng nhà máy y tế,train_fix,1
"Dựa trên tài liệu Public_091, hãy phân tích cấu trúc, nguyên lý, ưu điểm của pin thể rắn so với lithium-ion, nêu ứng dụng thực tế và thách thức.","Cực dương oxit Li, cực âm lithium kim loại, điện phân rắn; ưu điểm: 400–500 Wh/kg, an toàn, sạc nhanh, tuổi thọ dài; ứng dụng EV, lưu trữ năng lượng, hàng không; thách thức: chi phí, giao diện điện cực, dendrite","Giống pin lithium-ion, chỉ khác tên","Chỉ dùng cho thiết bị nhỏ, không cho EV",Không giải quyết vấn đề an toàn cháy nổ,train_fix,1
Thực phẩm giàu protein thường có trong nhóm nguyên liệu nào?,"Các loại củ giàu tinh bột như khoai, sắn","Rau xanh, trái cây tươi","Nguyên liệu động vật (thịt, thủy sản) và một số loại đậu, nấm",Dầu thực vật và bơ,train_fix,1
"Theo tài liệu Public_024, thực phẩm được định nghĩa là gì?",Những món ăn truyền thống của một địa phương,"Hỗn hợp các chất hóa học có nguồn gốc từ thực vật và động vật, được con người sử dụng qua đường tiêu hóa nhằm mục đích dinh dưỡng",Các sản phẩm công nghiệp chế biến từ sữa và ngũ cốc,Các loại đồ uống có gas và rượu bia,train_fix,1
"Với ma trận trực giao U (UTU=IU^TU=IUTU=I), biểu diễn toạ độ mới yyy của một vector xxx trong hệ cơ sở U là gì?",y=Ux,y=U−1x=UTx,y=(UUT)x,y=UTU−1x,train_fix,1
"Qua các đặc điểm được mô tả trong tài liệu Public_159, có thể rút ra nhận định tổng quan nào về ưu điểm nổi bật của mã hóa khóa bất đối xứng so với mã hóa khóa đối xứng?", Tốc độ thực thi nhanh hơn nhiều lần, Quản lý và phân phối khóa đơn giản hơn nhờ có thể công khai khóa công khai ,Không cần sử dụng khóa riêng để giải mã,Luôn an toàn tuyệt đối bất kể độ dài khóa,train_fix,1
Học phần Những nguyên lý cơ bản của Chủ nghĩa Mác – Lênin thuộc khối kiến thức nào?,Giáo dục đại cương,Tin học cơ sở,Công nghệ phần mềm,Hệ thống thông tin,train_fix,1
"Nếu dùng 8 bit để biểu diễn số nguyên không dấu, giá trị lớn nhất có thể biểu diễn là bao nhiêu?",128,254,255,256,train_fix,1
"Trong công nghệ blockchain, thành phần nào đảm bảo các khối không thể chỉnh sửa?",Smart Contract,IoT Sensor,Hàm băm (Hash),Edge Gateway,train_fix,1
Mô hình AI nào được thảo luận trong tài liệu Public_076 phù hợp phát hiện tấn công chuỗi thời gian như DDoS?,CNN,GAN,RNN/LSTM,PCA,train_fix,1
Mạng U-Net có mấy phần chính?,Ba,Hai,Bốn,Một,train_fix,1
Điểm khác biệt chính của máy tính quang học so với điện tử?,Sử dụng electron truyền tải,Truyền và xử lý dữ liệu bằng photon,Chỉ hoạt động trong chân không,Phụ thuộc CPU truyền thống,train_fix,1
"Qua các nội dung trong tài liệu, có thể rút ra nhận định tổng quan nào về lợi ích khi sử dụng Tableau trong doanh nghiệp?
",Tableau chủ yếu để lưu trữ dữ liệu an toàn,"Tableau giúp trực quan hóa dữ liệu, hỗ trợ phân tích nhanh, nâng cao khả năng ra quyết định và cải thiện giao tiếp trong tổ chức ",Tableau loại bỏ hoàn toàn nhu cầu về kỹ năng phân tích dữ liệu,"
Tableau chỉ mang lại lợi ích cho các chuyên gia CNTT",train_fix,1
Điểm đặc trưng của siêu vật liệu so với vật liệu tự nhiên là gì?,Có khối lượng nhẹ hơn,Cấu trúc nhân tạo điều khiển sóng ngoài khả năng tự nhiên,Khó sản xuất hơn,Tự nhiên tồn tại trong đá quý,train_fix,1
Định nghĩa của chiếu xạ thực phẩm trong tài liệu Public_025 là gì?,Quá trình xử lý thực phẩm bằng nhiệt độ cao,Quá trình sử dụng tia bức xạ điện từ hoặc dòng electron tác động lên thực phẩm để gây biến đổi có lợi,Phương pháp sử dụng hóa chất bảo quản thực phẩm,Quá trình sử dụng khí nén trong công nghiệp thực phẩm,train_fix,1
"Theo tài liệu Public_054, hành động chính của Bubble Sort là gì?",Tráo đổi đầu và cuối,Tráo đổi hai phần tử kề nhau,Tráo đổi từ giữa mảng ra,Tráo đổi min và max,train_fix,1
"Phân biệt 'Học kì' và 'Kì học' trong hệ thống quản lý đào tạo; mô tả mô hình khóa dữ liệu hợp lí cho các thực thể liên quan, và phân tích hệ quả của mô hình này đối với các ràng buộc trong việc xếp lịch học.",“Kì học” = “Học kì”; dùng 1 bảng duy nhất; lịch lớp có thể trùng.,“Kì học” là thuộc tính của “Môn học”; khóa tự tăng; không ảnh hưởng lịch.,"“Kì học” = ghép (Năm học, Học kì); “Học kì” là danh mục; không cho phép trùng lịch buổi của 1 giảng viên",“Kì học” chỉ cần năm; “Học kì” là tuỳ chọn.,train_fix,1
"Nếu một công ty chỉ chú trọng vào technical controls mà bỏ qua administrative và physical controls, điều gì có thể xảy ra?",Hệ thống hoàn toàn an toàn vì kỹ thuật đủ mạnh để bảo vệ mọi rủi ro.,Công ty có thể vẫn bị xâm nhập hoặc tổn thất do lỗ hổng về con người (ví dụ: mật khẩu yếu) hoặc truy cập vật lý; cần kết hợp cả ba nhóm kiểm soát,Chỉ cần bổ sung thêm phần mềm antivirus là đủ để thay thế administrative và physical controls.,"5. Việc thiếu administrative và physical controls chỉ ảnh hưởng tới chi phí, không ảnh hưởng an ninh.",train_fix,1
"Với một câu đầu vào có 4 từ và mỗi từ có thể gán 4 nhãn khác nhau (v, n, p, d), tổng số chuỗi nhãn *có thể có* mà thuật toán Viterbi xem xét là bao nhiêu?",4,8,256,16,train_fix,1
Tensor được chuyên dùng để mô tả dữ liệu theo mấy chiều,Một,Hai,Nhiều hơn hai,,train_fix,1
"Nếu môi trường sản xuất thay đổi ánh sáng thường xuyên nhưng không cập nhật mô hình, hậu quả nào dưới đây có khả năng xảy ra nhất?",Mô hình tự động thích nghi và chính xác hơn,Độ chính xác giảm do drift dữ liệu,Tốc độ xử lý tăng vì ít dữ liệu cần phân tích,Hệ thống sẽ tự động bật chế độ bảo trì mà không cần giám sát,train_fix,1
"Mục tiêu chính của Quy chuẩn kỹ thuật quốc gia về sản phẩm, hàng hóa vật liệu xây dựng là gì?",Để tăng số lượng hàng hóa nhập khẩu.,"Để quy định mức giới hạn đặc tính kỹ thuật và yêu cầu quản lý sản phẩm, hàng hóa vật liệu xây dựng.",Để thay thế hoàn toàn các tiêu chuẩn TCVN hiện hành.,Để khuyến khích sử dụng vật liệu nhập khẩu thay cho sản xuất trong nước.,train_fix,1
"Theo tài liệu Public_195, Trí tuệ nhân tạo (AI) trong giáo dục bắt đầu được biết đến mạnh mẽ từ năm nào?",1950,1965,2000,2002,train_fix,1
"Giá trị ""50 4E 47"" trong ảnh  PNG có mục đích gì ","Một byte thông báo dừng hiển thị của tập tin

",Là một kiểu kết thúc của DOS giúp phát hiện dòng kết thúc chuyển đổi dữ liệu,"Là chữ cái PNG trong bảng mã ASCII, cho phép xác định định dạng PNG",,train_fix,1
"Theo nội dung văn bản, thành phần nào trong Flutter chịu trách nhiệm cung cấp công cụ (ví dụ: trình biên dịch) để biên dịch mã nguồn thành mã gốc (native code) cho từng hệ điều hành, giúp ứng dụng hoạt động mượt mà trên mỗi nền tảng?",Framework (thư viện giao diện dựa trên widgets),SDK (bộ kit phát triển phần mềm),Ngôn ngữ Dart,Các widget tích hợp sẵn,train_fix,1
Nội dung chính của thuật toán đàn kiến (ACO) là gì?,Kỹ thuật mã hóa dữ liệu trong mạng truyền thông,Mô phỏng neuron sinh học để học sâu,Mô phỏng hành vi kiếm ăn của đàn kiến nhằm giải bài toán tối ưu tổ hợp,Giải pháp xác suất trong lập lịch tiến trình CPU,train_fix,1
Công cụ chính để mô phỏng sự hình thành vũ trụ được thảo luận trong tài liệu Public_094 là gì?,Kính viễn vọng Hubble,Siêu máy tính và mô hình số quy mô lớn,Máy gia tốc hạt nhỏ,Tàu vũ trụ,train_fix,1
Trạng thái “Đã phát hành” trong sơ đồ trạng thái hóa đơn tương ứng với hành động nào?,Đã xuất HĐ,Xuất HĐ thất bại,Chưa yc xuất HĐ,Lỗi TT xuất HĐ,train_fix,1
Các thành phần chính của SQL Server là gì?,"Database Engine, External Protocols","Database Engine, External Protocols và SQLOS",Database Engine,"Database Engine, External Protocols SQLOS, Hệ điều hành và các ứng dụng liên quan khác",train_fix,1
Lớp mạng nào bị tấn công chủ yếu trong ACK Flood Attack?,Lớp 7 (Lớp Ứng dụng).,Lớp 4 (Lớp Vận chuyển - Transport Layer)., Lớp 3 (Lớp Mạng).,Lớp 2 (Lớp Liên kết dữ liệu).,train_fix,1
Xác định đúng sự kết hợp giữa “loại HTTT” và “vai trò chính” mà văn bản mô tả:,HTTT quản lý – Cung cấp báo cáo định kỳ theo mẫu cho nhà quản lý,Hệ thống hỗ trợ quyết định – Quản lý tài chính và nhân sự,HTTT điều hành – Cung cấp báo cáo pháp luật và nghị định cho lãnh đạo,Hệ thống chức năng doanh nghiệp – Hỗ trợ quyết định chiến lược,train_fix,1
Thách thức lớn nhất khi các bệnh viện có đặc điểm dữ liệu khác nhau là gì?,Độ trễ mạng,Quá nhiều client,Thiếu GPU,Dữ liệu không đồng nhất (Non-IID),train_fix,1
Phần mềm độc hại hoạt động như một network sniffer trên thiết bị của nhà cung cấp nào?,Huawei,Juniper,Cisco,Fortinet,train_fix,1
Zoiper có thể hỗ trợ nhiều giao thức kết nối và nhiều nền tảng thiết bị. Phần mềm này hỗ trợ những giao thức nào và có thể cài đặt trên những hệ điều hành nào?,"Hỗ trợ SIP, IAX, XMPP và chạy trên Windows, Linux, MacOS, iOS, Android, Web browser","Hỗ trợ HTTP, FTP, SMTP và chạy trên Windows, Solaris, Unix","Hỗ trợ POP3, IMAP, SMTP và chạy trên iOS, Symbian, Windows Phone","Hỗ trợ SSH, Telnet, SNMP và chạy trên Linux, Ubuntu, MacOS",train_fix,1
Không gian màu HVI được thiết kế nhằm mục đích chính nào?,Giảm số lượng kênh màu trong RGB,Tăng tốc huấn luyện mạng nơ-ron,Tách biệt rõ ràng độ sáng và màu sắc,Tái sử dụng trực tiếp không gian HSV,train_fix,1
Hệ thức nào về hàm mật độ/phân phối đồng thời là đúng khi hai biến ngẫu nhiên xxx và yyy độc lập?,"p(x∣y)=p(x) và do đó p(x,y)=p(x)p(y)p(x,y)=p(x)p(y)p(x,y)=p(x)p(y)","p(x,y)=p(x∣y)p(y)","p(y∣x)=p(y) nhưng p(x,y)≠p(x)p(y)p(x,y)\ne p(x)p(y)p(x,y)=p(x)p(y)",p(x∣y)=p(y∣x),train_fix,1
"Dựa trên thông tin trong tài liệu Public_055 về tìm kiếm nhị phân hoàn thành trong logN bước, cho biết mảng đã sắp xếp gồm 2^8 phần tử sẽ cần bao nhiêu bước?",8,7,9,6,train_fix,1
Thách thức kỹ thuật chính của pin natri-ion hiện nay?,Thiếu nguồn natri,Khó sản xuất cực âm,Mật độ năng lượng thấp và vật liệu điện cực cần cải tiến,Không thể tái chế,train_fix,1
"Theo tài liệu Public_076, giải pháp nào cho phép nhiều tổ chức cùng huấn luyện mô hình mà không chia sẻ dữ liệu thô?",Federated Learning,Gradient Boosting,Edge AI,Static Firewall,train_fix,1
Hình thức triển khai nào cho phép trạm gốc 6G sử dụng tài nguyên lượng tử từ xa?,Cloud-Quantum,On-Premise Only,Blockchain,Satellite Direct,train_fix,1
"So sánh kiểm thử hộp trắng và kiểm thử hộp đen, phương pháp nào ưu việt hơn?",Kiểm thử hộp trắng,Kiểm thử hộp đen,Không phương pháp nào ưu việt hơn,,train_fix,1
Thuật toán nào có tỉ lệ nhận dạng đúng cao nhất trên tập MNIST?,SGD with momentum (~99.2%),AdaDelta (~93.4%),Adagrad (~99%),RMSProp (~99%),train_fix,1
"Năm 2010, công nghệ nào thường được sử dụng trong kiểm soát ra vào ngôi nhà thông minh?",Bluetooth Low Energy,RFID và nhận dạng khuôn mặt/vân tay,Zigbee,Blockchain,train_fix,1
Nội dung chính của tài liệu Public_031 là gì?,Giới thiệu về mạch tích hợp IC,"Trình bày khái niệm, đơn vị, ký hiệu, cấu tạo, ý nghĩa, công thức tính và cách mắc nối tiếp của điện trở trong mạch điện",Giới thiệu về transistor BJT,Giới thiệu về diode bán dẫn,train_fix,1
Ưu điểm quan trọng nhất giúp pin thể rắn an toàn hơn?,Có thêm lớp nhôm,Tăng dung lượng điện áp,Không chứa dung dịch dễ cháy,Sử dụng nhiều cobalt,train_fix,1
Nội dung chính của tiêu chuẩn TCVN 5574:2018 là gì?,Quy định về phương pháp thí nghiệm vật liệu bê tông,"Nguyên tắc thiết kế, tính toán độ bền, ổn định, biến dạng, nứt và quy định về vật liệu cho kết cấu bê tông, bê tông cốt thép",Chỉ quy định về cấu kiện bê tông dự ứng lực,Hướng dẫn thi công và nghiệm thu công trình bê tông,train_fix,1
"Khi lựa chọn công cụ AI để thiết kế học liệu điện tử, giáo viên nên ưu tiên tiêu chí nào quan trọng nhất để đảm bảo hiệu quả dạy học?","Tính năng phù hợp, dễ sử dụng, chi phí và khả năng tùy chỉnh",Mức độ nổi tiếng của công cụ trên thị trường,Công cụ có nhiều quảng cáo trên mạng xã hội,Chỉ lựa chọn công cụ miễn phí mà không xét đến chất lượng.,train_fix,1
Thành phần chính của xơ bông là gì?,Lignin,Xenlulozơ (trên 90%),Keratin,Tinh bột,train_fix,1
"Olympic 2004 tại Hy Lạp dự kiến kinh phí 2 tỷ EURO, nhưng phải chi tới 12 tỷ EURO. Vậy chi phí thực tế đã vượt bao nhiêu phần trăm (%) so với kế hoạch ban đầu?",2,5,6,3,train_fix,1
Chiều dày lớp bảo vệ chịu lửa được định nghĩa như thế nào?,Tổng chiều dày của hệ đỡ và lớp phủ bảo vệ,Độ dày phần bề mặt cấu kiện thép tiếp xúc với lửa,"Chiều dày khô của lớp phủ hoặc tổng các lớp trong hệ bảo vệ (không tính sơn lót, sơn phủ, hệ đỡ)",Độ dày phần thép lõi bên trong,train_fix,1
"Theo tài liệu Public_086, lợi ích lớn nhất của AI trong quản lý năng lượng tái tạo là gì?",Giảm bức xạ mặt trời,Dự báo và tối ưu phân phối năng lượng theo thời gian thực,Tăng tiêu thụ nhiên liệu hóa thạch,Tăng nhiệt độ vận hành pin,train_fix,1
"Theo tài liệu, Tableau nhấn mạnh việc hiểu rõ kiểu dữ liệu của từng trường (Number, String, Date, Boolean, Geographic Role). Nếu một trường ngày tháng bị gán sai kiểu dữ liệu thành String, hậu quả nào dễ xảy ra nhất?",Tableau vẫn vẽ được biểu đồ thời gian chính xác,Kết quả phân tích bị sai lệch do không thể hiển thị theo trục thời gian ,Hệ thống tự động sửa lại thành kiểu Date,Người dùng không cần quan tâm vì kiểu dữ liệu không ảnh hưởng,train_fix,1
Hai giả định cơ bản của Hidden Markov Model là gì?,Độc lập Markov và độc lập thời gian,Giả định tuyến tính và giả định phi tuyến,Giả định Markov và giả định độc lập quan sát,Giả định phân phối chuẩn và giả định Markov bậc cao,train_fix,1
Tấn công ACK Flood khác gì so với SYN Flood Attack về cơ chế và mục tiêu tấn công?,"ACK Flood tấn công lớp 7 bằng gói SYN giả mạo, SYN Flood tấn công lớp 4 bằng gói ACK giả mạo.","ACK Flood tấn công lớp 4 bằng gói ACK giả mạo, còn SYN Flood tấn công lớp 4 bằng gói SYN giả mạo.","ACK Flood tấn công lớp 7 bằng gói ACK giả mạo, SYN Flood tấn công lớp 4 bằng gói SYN giả mạo.","ACK Flood tấn công lớp 4 bằng gói SYN giả mạo, còn SYN Flood tấn công lớp 7 bằng gói ACK giả mạo.",train_fix,1
Dự án quốc tế nào đang xây dựng lò phản ứng 500 MW ở Pháp?,NIF,Wendelstein 7-X,SPARC,ITER,train_fix,1
"Theo báo cáo, Salt Typhoon đã hoạt động ít nhất từ năm nào? Và Salt Typhoon nhắm mục tiêu vào loại hạ tầng nào?","2019 
và hạ tầng mạng","2014
và hạ tầng mạng","2025
và ứng dụng web","2019 
và hệ thống OT",train_fix,1
"Giải thích nguyên lý hoạt động, kiến trúc và lợi ích của Edge Computing trong các ứng dụng thời gian thực công nghiệp, kèm các ví dụ tiêu biểu.","Nguyên lý: xử lý dữ liệu tại biên (sensor→edge→cloud), giảm độ trễ, tiết kiệm băng thông, tăng bảo mật; kiến trúc 3 tầng thiết bị–biên–đám mây; ứng dụng: robot hợp tác, bảo trì dự đoán, kiểm soát chất lượng, AR bảo dưỡng, quản lý năng lượng.","Edge chỉ để lưu trữ tạm dữ liệu, mọi xử lý vẫn ở cloud; không cải thiện bảo mật.",Hoạt động theo mô hình thuần cloud; edge chỉ làm nhiệm vụ chuyển tiếp dữ liệu.,"Chỉ phù hợp với video streaming, không áp dụng công nghiệp.",train_fix,1
"Để bảo vệ dữ liệu trong quá trình truyền, lớp bảo mật nào nên được áp dụng cho kết nối TCP/UDP?",AES lưu trữ nội bộ,TLS/DTLS,WPA2,Blockchain,train_fix,1
"Mô tả nguyên lý hoạt động của blockchain và cách nó giải quyết minh bạch, chống giả mạo trong chuỗi cung ứng, đồng thời nêu thách thức triển khai.","Nguyên lý: block–hash–consensus (PoS, PBFT, PoA), smart contract tự động thanh toán; ứng dụng: truy xuất nguồn gốc, chống giả, tối ưu vận chuyển, kiểm toán; thách thức: mở rộng, bảo mật dữ liệu nhạy cảm, chuẩn hóa, tích hợp hệ thống hiện hữu.",Blockchain chỉ dùng cho tiền điện tử; không áp dụng truy xuất nguồn gốc; thách thức chủ yếu là chi phí điện năng khai thác.,"Chỉ cần mã QR để truy xuất, không cần blockchain; thách thức chính là đào tạo nhân sự.",Dùng cơ sở dữ liệu quan hệ thay blockchain; thách thức chính là tốc độ mạng.,train_fix,1
"Trong xử lý ngôn ngữ, bài toán nào có mục tiêu chuyển văn bản thành tiếng nói?",Nhận dạng tiếng nói (speech recognition),Trích chọn thông tin (information extraction),Tổng hợp tiếng nói (speech synthesis),Phát hiện tri thức (knowledge discovery),train_fix,1
"Đâu là yếu tố tạo nên ""Conditional"" trong Conditional GAN?","Generator sinh ảnh nửa chừng rồi đi qua một kiểm tra điều kiện, nếu không đạt thì thay đổi ảnh",Generator sẽ nhận vào điều kiện của ảnh và phải sinh ảnh khớp với điều kiện,Discriminator chỉ phân biệt ảnh theo các điều kiện nhất định,"Discriminator được biết điều kiện của ảnh, sẽ đánh giá ảnh của Generator theo điều kiện đó",train_fix,1
"Theo tài liệu, thành phần nào trong chứng chỉ số đóng vai trò ký để đảm bảo tính xác thực và toàn vẹn?",Khóa công khai của người dùng, Khóa riêng của người dùng,Chữ ký số của CA (Certificate Authority) ,Thông tin nhận dạng trong trường Subject,train_fix,1
"Trình bày kiến trúc đa lớp và quy trình quản lý mạng IoT quy mô hàng triệu thiết bị, đồng thời giải thích cách bảo mật đa tầng (từ thiết bị đến truyền thông) và cơ chế giám sát–phản ứng sự cố.","Kiến trúc gồm Device–Network–Edge/Cloud; quản lý thiết bị với provisioning, OTA update, phân nhóm; bảo mật gồm secure boot, mã hóa TLS/DTLS, xác thực hai chiều, IDS/IPS học máy; giám sát big data bằng Spark/Flink, dashboard Grafana; phản ứng cách ly thiết bị nghi ngờ.","Chỉ cần lớp mạng và cloud, bỏ qua bảo mật phần cứng; bảo mật truyền thông chủ yếu là VPN; giám sát bằng log thủ công.","Tập trung vào lớp thiết bị, bỏ qua Edge/Cloud; bảo mật bằng mật khẩu tĩnh; không cần hệ thống phát hiện xâm nhập.","Kiến trúc 2 lớp (thiết bị–cloud) đủ; bảo mật chỉ cần TLS cơ bản, không cần phân tích dữ liệu lớn.",train_fix,1
Xơ dệt được phân loại theo nguồn gốc thành mấy nhóm chính?,1 nhóm,2 nhóm: xơ tự nhiên và xơ hóa học,3 nhóm,4 nhóm,train_fix,1
"Theo tài liệu Public_060, đâu không phải một yếu tố khiến bài toán Tam giác được đề cập trong đó trở nên phổ biến?","Hệ thống đặc tả đầy đủ đơn giản, dễ liệt kê",Hàm ý yêu cầu nghiêm ngặt về bảo toàn đặc tả,"Hàm ý người kiểm thử cần đặt ra những trường hợp ""không tầm thường"" (ví dụ input không hợp lệ phải trả về kết quả gì)","Cài đặt dài dòng, rất nhiều if else",train_fix,1
Người kiểm thử cần quan tâm điều gì liên quan đến đặc tả được đề cập trong tài liệu Public_061?,"Người thiết lập đặc tả (người thiết kế, lập trình viên)",Cách viết đặc tả,Ngôn ngữ đặc tả,Văn phong đặc tả,train_fix,1
"Theo Quy chuẩn kỹ thuật quốc gia về vật liệu xây dựng, cường độ nén tối thiểu của xi măng poóc lăng PC40 sau 3 ngày và 28 ngày lần lượt là bao nhiêu MPa?",21 và 40,25 và 50,18 và 40,22 và 50,train_fix,1
Phương pháp nào giúp giảm chi phí đầu tư và cho phép nhiều nhà cung cấp thiết bị tham gia triển khai hạ tầng 5G?,Triển khai thuần Cloud,Sử dụng duy nhất nhà mạng quốc gia,Chỉ dùng mmWave,Kiến trúc Open RAN,train_fix,1
Điểm khác biệt cơ bản giữa tấn công DoS và tấn công DDoS là gì?, Loại lưu lượng được sử dụng,"
Phạm vi và số lượng máy tham gia tấn công ",. Cơ chế phản xạ trong quá trình tấn công,Loại giao thức bị khai thác,train_fix,1
Câu lệnh `int temp = 31415;` thuộc loại khai báo và khởi tạo biến nào?,I-def,A-def,C-use,O-use,train_fix,1
“Learning rate” (ký hiệu η\etaη) trong Gradient Descent có vai trò gì?,Xác định hướng di chuyển của tham số,Điều chỉnh tốc độ cập nhật tham số ở mỗi vòng lặp,Kiểm tra đạo hàm có đúng hay không,Đảm bảo thuật toán hội tụ đến global minimum,train_fix,1
Nội dung chính của tài liệu về CNN tập trung vào vấn đề gì?,Hướng dẫn cài đặt phần mềm CNN trên máy tính,Trình bày các ứng dụng CNN trong phát hiện khuôn mặt,"Giới thiệu lý thuyết tích chập, kiến trúc CNN, các tính chất và ứng dụng trong xử lý ảnh",So sánh CNN với các mô hình RNN,train_fix,1
Nội dung chính của tiêu chuẩn TCVN 9395:2012 là gì?,Quy định thiết kế kết cấu móng,Hướng dẫn phương pháp thí nghiệm tải trọng cọc,"Quy định về thi công, kiểm tra chất lượng, nghiệm thu và an toàn lao động trong xây dựng cọc khoan nhồi",Chỉ quy định về yêu cầu an toàn trong công tác khoan,train_fix,1
Phiên bản PHP nào đánh dấu sự phổ biến và chiếm lĩnh thị trường phát triển web?,PHP 2,PHP 3,PHP 5,PHP7,train_fix,1
Các loại bê tông nào được phép sử dụng khi thiết kế kết cấu theo TCVN 5574:2018?,Bê tông nặng,Bê tông hạt nhỏ,"Bê tông nhẹ, bê tông tổ ong",Bê tông tự ứng suất,train_fix,1
"Trong trường hợp, số lượng consumer trong cùng một consumer group nhiều hơn số lượng partition của một topic thì xảy ra vấn đề gì? ",Số lượng consumer dư thừa sẽ nhàn rỗi vì chúng không được gắn vào bất kỳ partition,"Không có vấn đề gì cả, hệ thống hoạt động bình thường", Giảm hiệu suất tổng thể của hệ thống do tốn thêm tài nguyên và thời gian xử lý,"Hệ thống có thể trở nên chậm lại và ít nhạy bén hơn trong việc xử lý các message, gây ra gián đoạn và giảm hiệu suất chung",train_fix,1
"Theo tài liệu Public_096, thách thức kỹ thuật trọng yếu của nhiệt hạch là gì?",Thiếu nguồn nhiên liệu,Giam giữ plasma ổn định ở nhiệt độ hàng trăm triệu °C,Nhiệt độ quá thấp,Áp suất khí quyển cao,train_fix,1
Kỹ thuật nào giúp hợp nhất dữ liệu từ nhiều cảm biến khác nhau nhằm nâng cao độ chính xác và độ tin cậy của thông tin?,CNN,GAN,Sensor Fusion,Tokenization,train_fix,1
"Yếu tố ""đầu ra = 1 nếu dự đoán đúng và = 0 nếu ngược lại"" nằm trong các đo độ nào được nhắc đến trong tài liệu?",Hamming Loss và Average Precision,Hamming Loss và One Error,One Error và Coverage,Average Precision và Ranking Loss,train_fix,1
CDR là viết tắt của chỉ số nào trong viễn thông?,Call Drop Rate,Call Data Rate,Customer Data Record,Circuit Data Rate,train_fix,1
"Hãy xác định kỹ thuật tấn công DoS phổ biến thường được đề cập trong tài liệu, và  biện pháp phòng chống cơ bản cho tấn công SYN Flood.",Ping Sweep; sử dụng ICMP Redirect để ngăn chặn,SYN Flood; sử dụng Spoofed IP Filtering,Smurf; tăng kích thước bảng kết nối,"
UDP Scan; dùng NAT để che giấu địa chỉ",train_fix,2
Tóm tắt những ảnh hưởng của đại dịch COVID-19 đến việc áp dụng công nghệ trong giáo dục là gì?,Không ảnh hưởng gì đến giáo dục,Tăng cường nhận thức về tầm quan trọng của công nghệ trong giáo dục ,Làm giảm chất lượng giáo dục,Chỉ ảnh hưởng đến các trường học lớn,train_fix,1
Input của Generator trong mạng tạo sinh đối kháng (GAN) là gì?,Vector không,Vector một,Vector ngẫu nhiên,Tensor 3 kênh,train_fix,1
Định nghĩa của SQL và ORM là gì,"SQL là ngôn ngữ lập trình phổ biến nhất, được sử dụng rộng rãi
ORM là một lớp đầu tiên của ứng dụng và cơ sở dữ liệu, cho phép truy vấn dữ liệu bằng cách sử dụng đối tượng và lập trình hướng đối tượng thay vì SQL truyền thống. Các ORM phổ biến hiện nay bao gồm Hibernate cho Java, Entity Framework cho .NET và Django ORM cho Python.","SQL là ngôn ngữ truy vấn cơ sở dữ liệu phổ biến nhất, được sử dụng rộng rãi để tạo và thực thi các truy vấn cơ sở dữ liệu. Với SQL, bạn có thể tạo các câu lệnh SELECT, INSERT, UPDATE, DELETE và các câu lệnh khác để truy vấn và quản lý dữ liệu trong hệ thống.
ORM là một lớp cuối cùng giữa ứng dụng và cơ sở dữ liệu, cho phép truy vấn dữ liệu bằng cách sử dụng đối tượng và lập trình hướng đối tượng thay vì SQL truyền thống. Các ORM phổ biến hiện nay bao gồm Hibernate cho Java, Entity Framework cho .NET và Django ORM cho Python.","SQL là ngôn ngữ truy vấn cơ sở dữ liệu không phổ biến. Với SQL, bạn có thể tạo các câu lệnh SELECT, INSERT, UPDATE, DELETE và các câu lệnh khác để truy vấn và quản lý dữ liệu trong hệ thống.
ORM là một lớp trung gian giữa ứng dụng và cơ sở dữ liệu, cho phép truy vấn dữ liệu bằng cách sử dụng đối tượng và lập trình hướng đối tượng thay vì SQL truyền thống. Các ORM phổ biến hiện nay bao gồm Hibernate cho Java, Entity Framework cho .NET và Django ORM cho Python.","SQL là ngôn ngữ truy vấn cơ sở dữ liệu phổ biến nhất, được sử dụng rộng rãi để tạo và thực thi các truy vấn cơ sở dữ liệu. Với SQL, bạn có thể tạo các câu lệnh SELECT, INSERT, UPDATE, DELETE và các câu lệnh khác để truy vấn và quản lý dữ liệu trong hệ thống.
ORM là một lớp trung gian giữa ứng dụng và cơ sở dữ liệu, cho phép truy vấn dữ liệu bằng cách sử dụng đối tượng và lập trình hướng đối tượng thay vì SQL truyền thống. Các ORM phổ biến hiện nay bao gồm Hibernate cho Java, Entity Framework cho .NET và Django ORM cho Python.
",train_fix,1
Công tắc còi điện trên xe ô tô thường được bố trí ở vị trí như thế nào?,ngoài cửa kính xe,ở vị trí ghế sau xe,gần cần gạt nước mưa,"vị trí thuận lợi cho người lái xe sử dụng, như ở tâm vô lăng lái, hoặc ở gần vành của vô lăng lái",train_fix,1
Phát biểu nào đúng về số chiều tối đa sau khi áp dụng multi-class LDA với C lớp?,Bất kỳ số nào ≤ D,Không vượt quá C − 1,Luôn bằng D′ = C,Không xác định,train_fix,1
Nêu một thành phần thuộc Storage Engine hoặc Query Processor trong Database Engine.,"Storage Engine
• File Storage: Quản lý các tệp dữ liệu và tệp nhật ký giao dịch. Dữ liệu được lưu trữ trong các tệp dữ liệu (.mdf và .ndf), trong khi các giao dịch được ghi lại trong tệp nhật ký giao dịch (.ldf).

Query Processor
• Buffer Manager: Quản lý bộ nhớ đệm (buffer pool), lưu trữ các trang dữ liệu được truy cập gần đây để tăng tốc độ truy vấn.


","Storage Engine
• File Storage: Quản lý các tệp dữ liệu và tệp nhật ký giao dịch. Dữ liệu được lưu trữ trong các tệp dữ liệu (.mdf và .ndf), trong khi các giao dịch được ghi lại trong tệp nhật ký giao dịch (.ldf).

Query Processor
• Parser: Phân tích cú pháp các câu lệnh SQL và chuyển chúng thành các cây cú pháp (syntax tree) để xử lý tiếp theo.

","
Storage Engine
• Optimizer: Tối ưu hóa các kế hoạch thực hiện truy vấn để đảm bảo hiệu suất cao nhất. Nó chọn lựa các kế hoạch truy vấn tối ưu dựa trên thống kê và chi phí ước tính.

Query Processor
• Parser: Phân tích cú pháp các câu lệnh SQL và chuyển chúng thành các cây cú pháp (syntax tree) để xử lý tiếp theo.
",Không rõ từng thành phần,train_fix,1
"Qua quá trình cấp và sử dụng chứng chỉ số trong PKI được mô tả, những điểm rút ra chính nào có thể được xác định?","PKI chỉ liên quan đến phần mềm, không có thành phần con người","PKI là một hạ tầng phức hợp gồm phần cứng, phần mềm, nhân lực, chính sách và thủ tục, bảo đảm việc cấp phát, quản lý và xác thực chứng chỉ số","PKI chỉ cần CA là đủ, không cần các thành phần khác"," PKI chỉ dùng trong giao dịch thương mại điện tử, không áp dụng cho lĩnh vực khác",train_fix,1
Nhóm môn học trong tài liệu Public_002 tập trung cung cấp cho sinh viên kiến thức tổng quan về lĩnh vực nào?,Cơ khí – Điện tử,"Công nghệ thông tin (CSDL, mạng, bảo mật, dữ liệu lớn, IoT, học máy)",Kinh tế – Quản lý,Ngôn ngữ học,train_fix,1
"Theo tài liệu Public_006, cơ quan nào có thẩm quyền cao nhất trong trường đại học?",Hội đồng trường,Ban giám hiệu,Bộ Giáo dục và Đào tạo,Hiệu trưởng,train_fix,1
Ưu điểm nổi bật giúp siêu tụ phù hợp cho xe buýt điện đô thị?,Chi phí thấp hơn pin,Tự sản sinh điện,Tăng nhiệt lượng,Sạc/xả cực nhanh và tuổi thọ cao,train_fix,1
Các phiên bản Ubuntu LTS và các phiên bản hiện đang được hỗ trợ.,"Ubuntu LTS, Ubuntu Server, Ubuntu MATE, Ubuntu Kylin, ","Ubuntu LTS, Ubuntu Server, Ubuntu MATE"," Ubuntu Server, Ubuntu MATE, Ubuntu Kylin, ","Ubuntu LTS, Ubuntu Server",train_fix,1
Bộ phận nào trong hệ thống chống sét có nhiệm vụ thu sét trực tiếp?,"Hệ thống thu sét (kim thu sét, dây dẫn trên mái…)",Hệ thống nối đất,Hệ thống dây dẫn sét,Hệ thống cân bằng điện thế,train_fix,1
Các nhóm linh kiện điện tử cơ bản được đề cập trong tài liệu gồm những nhóm nào?,"Điện trở, tụ điện, cuộn cảm, diode, transistor","Nguồn điện, relay, động cơ, biến áp","Cảm biến, vi xử lý, vi mạch, anten","Đèn điện tử, màn hình CRT, IC analog",train_fix,1
"Nội dung chính của tài liệu “Trí tuệ nhân tạo trong kế toán, kiểm toán” là gì?","Tổng quan cơ sở lý thuyết về AI, lịch sử ứng dụng, các công nghệ AI tiêu biểu và vận dụng AI trong kế toán, kiểm toán, đồng thời đánh giá cơ hội, thách thức và tác động đến ngành.",Mô tả lịch sử phát triển nghề kiểm toán từ thế kỷ XIX đến nay.,Giới thiệu các công cụ quản lý doanh nghiệp dựa trên dữ liệu lớn (Big Data).,Phân tích chi tiết quy trình hạch toán kế toán thủ công.,train_fix,1
"Theo tài liệu Public_064, yếu tố quan trọng nhất của kiểm thử hộp trắng là gì?",Mã nguồn,Trình biên dịch,Ngôn ngữ,Giao diện,train_fix,1
Tổng quát một CNN sẽ gồm hai phần chính nào sau đây?,Các lớp tích chập và các lớp truyền thống,Các kernel tích chập và hàm pool,Các lớp tích chập giảm kích thước và các lớp tích chập tăng kích thước,Các thông số padding và stride,train_fix,1
Thách thức lớn nhất trong thương mại hóa chip neuromorphic hiện nay là gì?,Chuẩn hóa phần mềm và công cụ lập trình cho mạng spiking,Thiếu điện năng,Không thể sản xuất memristor,Thiếu dữ liệu huấn luyện,train_fix,1
Nội dung chính phần 2 của tài liệu HMM (Public_105) là gì?,Trình bày lịch sử phát triển của Markov Chain,"Giới thiệu các thuật toán (Forward, Backward, Viterbi), giả định cơ bản và ứng dụng POS Tagging",Mô tả các mô hình mạng nơ-ron và ứng dụng trong NLP,Giải thích chi tiết công thức EM và tối ưu tham số trong Deep Learning,train_fix,1
"Theo tài liệu Public_276, mục đích của việc nâng cấp chức năng quản lý hạn mức công nợ/sản lượng bưu tá là gì?",Tăng tốc độ nhập dữ liệu trên App KH,"Hỗ trợ TTVH và TBC quản lý, phân bổ và kiểm soát hạn mức công nợ/sản lượng minh bạch",Giảm số lượng vận đơn phát sinh lỗi hệ thống,Tự động xóa dữ liệu cũ khi có dữ liệu import mới,train_fix,1
Tên kiểu dữ liệu của ký tự ASCII và ký tự Unicode lần lượt là?,char và wchar,char_t và wchar_t,char và wchar_t,char_t và wchar,train_fix,1
Văn bản phân biệt “di chuyển cơ sở dữ liệu” và “sao chép cơ sở dữ liệu” như thế nào?,"Di chuyển là quá trình nhiều lần, sao chép là một lần duy nhất","Di chuyển là một lần chuyển toàn bộ, sao chép là liên tục duy trì đồng bộ","Di chuyển dùng cho dữ liệu nhỏ, sao chép cho dữ liệu lớn","Di chuyển chỉ áp dụng với PostgreSQL, sao chép chỉ áp dụng với MySQL",train_fix,1
"Một tụ điện phẳng có A = 10 m², d = 5 m, điện môi là không khí (εr = 1). Hãy tính điện dung C.","1,77 × 10⁻¹² F","8,85 × 10⁻¹² F","8,85 × 10⁻¹¹ F","1,77 × 10⁻¹¹ F = 17,7 pF",train_fix,1
Đâu là điểm chung giữa Merge Sort và Quick Sort? Chọn một đáp án,Độ phức tạp trung bình O(N^2),"Ở mỗi bước chia nhỏ, luôn đảm bảo hai mảng con cùng độ dài",Sử dụng tư tưởng chia để trị,Đều là các thuật toán sắp xếp ổn định (bảo toàn thứ tự xuất hiện các phần tử bằng nhau),train_fix,1
Nội dung chính của tài liệu tập trung vào vấn đề gì?,"Hệ gợi ý tuần tự và các mô hình hiện đại (GRU4Rec, SASRec, BERT4Rec)",Các thuật toán phân loại trong Machine Learning,Hệ thống cơ sở dữ liệu phân tán,Mạng nơ-ron tích chập (CNN) trong thị giác máy tính,train_fix,1
Thành phần nào có chức năng giao tiếp giữa máy tính và đường truyền trong mạng máy tính?,Bộ định tuyến (Router),Vỉ mạng (Network Interface Card – NIC),Thiết bị đầu cuối (Terminal),Phần mềm ứng dụng,train_fix,1
"Trong bốn phương pháp đánh giá rủi ro, phương pháp nào đòi hỏi chi phí lớn về thời gian, nguồn lực và yêu cầu chuyên gia có trình độ cao?", Phương pháp đường cơ sở,Phương pháp không chính thức,Phương pháp phân tích chi tiết rủi ro , Phương pháp kết hợp,train_fix,1
Ai là người phát minh ra pin điện đầu tiên vào năm 1800?,Michael Faraday,Alessandro Volta,Benjamin Franklin,Thomas Edison,train_fix,1
"Hãy xác định (i) phần mềm độc hại nào thường giả danh chương trình có ích để lừa người dùng, và (ii) ví dụ một hình thức lây nhiễm đặc trưng của nó.


",Trojan horse; thay đổi quyền truy nhập file và thư mục , Logic bomb; phát nổ khi đạt số lần đăng nhập,Rootkit; tự động nhân bản sang chương trình khác,"
Adware; hiển thị quảng cáo khi mở email",train_fix,1
Quá trình thêm tạp chất vào chất bán dẫn để cải thiện tính dẫn điện gọi là gì?,Ion hóa,Doping,Khuếch tán,Tái hợp,train_fix,1
"Khi công ty có một nhóm QA/Tester với background là ít kỹ năng lập trình, theo bạn thì lựa chọn công cụ nào phù hợp nhất để phù hợp với đội nhóm cho việc kiểm thử tự động?","Công cụ kiểm thử tự động, từ miễn phí (Open Source, Freeware). Chẳng hạn Opensource có thể kể đến như: Selenium IDE, Selenium WebDriver, Appium, Cucumber, hay có License như: Postman, Katalon, akaAT, …","Các công cụ như Visual Studio, IntelliJ IDEA, Eclipse, và Code Editor","Các công cụ có trả phí (License) thường cung cấp giao diện trực quan cùng các tiện ích và nhiều tính năng hỗ trợ tối đa cho người dùng có thể tạo ra kịch bản nhanh chóng, chỉ phải kéo thả, Record và config. ","Các công cụ như Jira, Trello, các công cụ quản lý kiểm thử như TestLink, Zephyr, TestRail",train_fix,1
Nội dung chính của phần yêu cầu chung đối với kết cấu bê tông và bê tông cốt thép trong TCVN 5574:2018 là gì?,Hướng dẫn chi tiết về phương pháp thí nghiệm cường độ bê tông,"Quy định các yêu cầu về an toàn, điều kiện sử dụng, độ bền lâu, yêu cầu cấu tạo và tính toán",Chỉ quy định về cốt thép dự ứng lực,Các yêu cầu bảo trì công trình sau khi hoàn thành,train_fix,1
BERT4Rec sử dụng mục tiêu huấn luyện nào để dự đoán sản phẩm bị ẩn?,Next-item prediction,Sequence classification,Cloze objective (masking),Contrastive loss,train_fix,1
"Theo tài liệu Public_091, những xu hướng nghiên cứu nào giúp tăng tính ổn định của pin thể rắn?",Chất điện phân lai gốm–polymer,Dùng dầu cách điện,Giảm điện áp,Hạn chế năng lượng tái tạo,train_fix,1
Vì sao kẻ tấn công lại có thể lợi dụng TCP handshake để thực hiện SYN flood attack?,"Vì server dành tài nguyên ngay sau gói SYN mà không giới hạn số lượng, dẫn đến cạn kiệt khi bị flood.",Vì TCP handshake yêu cầu truyền HTTP GET ngay lập tức.,Vì client luôn có thể bỏ qua bước ACK mà server vẫn kết nối.,Vì giao thức HTTP dễ bị giả mạo hơn TCP.,train_fix,1
Thuật toán Q-Learning là thuộc loại nào trong học tăng cường?,On-policy,Off-policy,Hybrid-policy,None of the above,train_fix,1
Công nghệ nào giúp tập trung tín hiệu và tăng hiệu quả sử dụng phổ tần trong 5G?,Edge Computing,Network Function Virtualization,Beamforming,TTL,train_fix,1
"Theo tài liệu Public_163, phiên bản chính thức mới nhất của SSL và TSL được phát hành vào những năm nào?",1993 và 1999,1996 và 2008,1995 và 2005,1996 và 2017,train_fix,1
Số lượng mô hình phòng thủ phổ biến trong an toàn mạng được đề cập trong tài liệu Public_253 là bao nhiêu?,1,2,3,4,train_fix,1
"Trong tài liệu có nêu: vi rút, sâu và zombie đều có khả năng tự lây nhiễm (self-infection/self-replicate). Nếu hệ thống bị nhiễm cả vi rút và sâu, nguy cơ nào là đáng lo ngại nhất?", Chúng chỉ lây nhiễm nếu người dùng mở file đính kèm nên có thể tránh được dễ dàng," Có thể tạo thành chuỗi lây lan nhanh chóng, vừa lây qua file vừa lây qua mạng, khiến tốc độ lan truyền tăng mạnh ","Chỉ làm hệ thống khởi động chậm hơn, không ảnh hưởng đến dữ liệu", Virus và sâu thường loại trừ nhau nên không thể đồng thời tồn tại,train_fix,1
"Qua việc so sánh DES, 3-DES và AES, có thể rút ra nhận định tổng quan nào về xu hướng phát triển của các giải thuật mã hóa khóa đối xứng?","Tăng dần kích thước khóa và số vòng lặp để nâng cao an toàn, đồng thời thiết kế tối ưu hơn cho tốc độ thực thi ",Giảm dần kích thước khóa để thuận tiện trong quản lý,Giữ nguyên kiến trúc DES và chỉ thay đổi cách sinh khóa phụ,"Tập trung vào giảm số vòng lặp để tăng tốc độ, bất chấp độ an toàn ",train_fix,1
Giải pháp nào giúp bảo vệ dữ liệu nhạy cảm trên blockchain?,Proof of Work,Open Wi-Fi,Public Key Publication,Mã hóa và quyền truy cập theo vai trò,train_fix,1
"Trong tài liệu Public_122, thuật toán được mô tả khôi phục chi tiết vùng tối bị mất bằng thành phần nào?",Forward Illumination (Lf),Reverse Illumination (Lr),Weight map từ ảnh gốc,Gaussian filter smoothing,train_fix,1
"Nếu trong mạch lọc nguồn ta thay tụ hóa phân cực bằng tụ gốm không phân cực, điều gì có khả năng xảy ra?",Mạch vẫn hoạt động bình thường không thay đổi,Khả năng lọc kém vì tụ gốm có điện dung nhỏ hơn,Mạch bị ngắn mạch ngay lập tức,Tụ gốm phát nổ vì sai cực tính,train_fix,1
"Trung tâm dữ liệu đã có tường lửa, IDS/IPS và sao lưu định kỳ. Sự cố gần đây cho thấy một máy chủ bị cài mã độc qua tài khoản quản trị mặc định của thiết bị IoT trong mạng nội bộ. Nếu chỉ được chọn một biện pháp bổ sung ngay lập tức, biện pháp nào giảm nguy cơ lặp lại sự cố tương tự một cách trực tiếp và hiệu quả nhất?",Triển khai sao lưu bất biến và diễn tập khôi phục hàng quý; cài EDR trên máy chủ để phát hiện hành vi bất thường,"Chuẩn hoá chính sách quản lý truy nhập nội bộ: bắt buộc thay đổi/luân chuyển mật khẩu mặc định và áp dụng ít đặc quyền cho tài khoản quản trị; cô lập IoT vào VLAN/NAC, chỉ cho phép quản trị từ mạng quản trị riêng, bật ghi log và giám sát tương ứng.","Củng cố lớp biên Internet: bắt buộc TLS 1.3, bật HSTS/CSP, đóng các cổng không dùng ở tường lửa, triển khai WAF cho ứng dụng web đối ngoại.","Tăng cường an ninh vật lý: kiểm soát ra vào đa nhân tố, camera giám sát, niêm phong cổng USB, kiểm kê tài sản định kỳ",train_fix,1
"Theo tài liệu Public_177, dạng ngôn ngữ truy vấn nào được khuyến nghị cho các nhà phân tích dữ liệu khi làm việc với dữ liệu quan hệ có cấu trúc?", NoSQL,SQL,MySQL,MongoDB,train_fix,1
Kiến trúc sư đám mây (Cloud Architect) là ai?,Là người trực tiếp phát triển phần mềm ứng dụng trên thiết bị di động,"Là chuyên gia CNTT giám sát chiến lược điện toán đám mây, bao gồm thiết kế, triển khai, quản lý và đảm bảo phù hợp với nhu cầu kinh doanh",Là nhân sự chịu trách nhiệm vận hành trung tâm dữ liệu vật lý của doanh nghiệ,Là người chuyên viết mã nguồn hệ điều hành cho máy chủ,train_fix,1
"Trong tài liệu Public_058, các hành vi ""được đặc tả"" và ""được kiểm thử"" được định nghĩa thuộc tập nào?",T và T,P và S,T và P,S và T,train_fix,1
Nội dung chính của phần 2 của tài liệu Public_121 là gì?,So sánh các hàm đánh giá mô hình MLL,Giới thiệu các hàm/đo độ đánh giá mô hình MLL,Phương pháp chung đánh giá các mô hình MLL,Tất cả các phương án trên,train_fix,1
Hệ điều hành nào thường lưu mật khẩu trong tiến trình LSASS?,Linux,Windows,macOS,Android,train_fix,1
Đâu không phải thuật toán tìm kiếm được nêu trong tài liệu?,Tìm kiếm tuyến tính,Tìm kiếm nhị phân,Tìm kiếm heurestic,Tìm kiếm nội suy,train_fix,1
Vai trò của sắp xếp đối với hiệu quả của quá trình tìm kiếm dữ liệu là gì?,Không,Có,,,train_fix,1
Điểm nào dưới đây là điểm chung cho hầu hết các hình thức biểu diễn mô hình dữ liệu?,Các hình thức dùng đồ thị luôn cho ra một đồ thị có hướng không chu trình (DAG),"Các hình thức luôn rất phức tạp, loằng ngoằng",Được biểu diễn xoay quanh phép logic kéo theo và hệ thống biến - chuyển,Không có điểm chung nào thống nhất các hình thức,train_fix,1
"Vào ngày 25 tháng 11 năm 2024, TrendMicro đã công bố một bài blog mô tả chi tiết về threat actor. Bài blog này chủ yếu sử dụng tên nào để gọi nhóm đó?",Bronze Butler,Mustang Panda,Earth Estries,TrendMicro,train_fix,1
Nguồn điện nào thường tạo ra điện áp một chiều (DC)?,Pin và máy phát DC,Máy biến áp,Máy phát xoay chiều,Ổn áp xoay chiều,train_fix,1
"Nếu một nhân viên IT bất mãn cài Logic bomb trong hệ thống công ty để tự động xóa dữ liệu khi bị sa thải, biện pháp quản trị nội bộ nào là quan trọng nhất để ngăn chặn nguy cơ này?",Chỉ dùng phần mềm diệt virus miễn phí,"Kiểm soát quyền truy cập, rà soát mã nguồn, và phân quyền hợp lý cho nhân viên",Tắt hết dịch vụ mạng trong nội bộ,Không cho phép nhân viên cài bất kỳ phần mềm nào,train_fix,1
Đơn vị chuẩn của thời gian (giây) hiện nay được định nghĩa dựa trên:,Dao động của con lắc chuẩn,Dao động của nguyên tử Cesium-133,Chu kỳ quay của Trái đất quanh Mặt Trời,Khoảng thời gian ánh sáng đi hết 1 mét,train_fix,1
Mục tiêu chính của việc chia tập dữ liệu theo tỉ lệ 70/15/15 trong huấn luyện mô hình là gì?,Giảm chi phí lưu trữ dữ liệu,"Đảm bảo có tập huấn luyện, kiểm định và kiểm tra cân bằng",Tăng tốc độ suy luận,Tự động hóa quá trình gắn nhãn,train_fix,1
Thách thức lớn nhất của biocomputing hiện nay là gì?,Tốc độ tính toán chậm và chi phí tổng hợp DNA cao,Không thể nhân bản DNA,Thiếu enzyme trong tự nhiên,Không thể lưu trữ dữ liệu số,train_fix,1
Loại tấn công nào gửi nhiều HTTP request làm quá tải server?,SYN Floods,Smurf Attacks,HTTP Floods,Ping Floods,train_fix,1
Văn bản chủ yếu tập trung nghiên cứu vấn đề gì?,So sánh các mô hình deep learning khác nhau,Song song hóa SGD trong môi trường HPC với thiết kế tập trung và phân tán,Ứng dụng reinforcement learning trong HPC,Tối ưu hóa inference thời gian thực,train_fix,1
Nội dung chính của bài báo Public_006 là gì?,Trình bày ứng dụng CNTT trong giảng dạy trực tuyến,"Phân tích thực trạng và đề xuất giải pháp ứng dụng công nghệ số trong công tác quản trị đại học ở Việt Nam, hướng tới đại học số",Tổng quan về cách mạng công nghiệp 4.0,Nghiên cứu vai trò của AI trong giáo dục,train_fix,1
Nội dung chính của tài liệu Public_027 là gì?,Giới thiệu công nghệ dệt kim hiện đại,"Trình bày chi tiết thành phần hóa học, tính chất cơ lý, hóa học và ứng dụng của các loại xơ tự nhiên (bông, len, tơ tằm, amiăng)",Hướng dẫn quy trình nhuộm và in hoa vải,Các phương pháp sản xuất sợi tổng hợp,train_fix,1
Nội dung chính của tài liệu Public_003 là gì?,So sánh dịch máy thống kê và dịch máy ví dụ,"Đề xuất phương pháp thích ứng miền mới cho dịch máy nơ ron Anh – Việt, tận dụng dữ liệu đơn ngữ ngoài miền để cải thiện chất lượng dịch",Phân tích dữ liệu song ngữ trong lĩnh vực pháp lý,Trình bày lý thuyết về RNN hai chiều,train_fix,1
Công nghệ nào kết hợp dữ liệu cảm biến và vệ tinh để dự đoán ô nhiễm?,Blockchain,Edge AI,Mạng 5G,Học sâu (Deep Learning) với dữ liệu đa nguồn,train_fix,1
Cổng 443 thường được sử dụng cho loại lưu lượng nào?,Email (SMTP),Web không mã hóa (HTTP),Web mã hóa (HTTPS),FTP truyền tệp,train_fix,1
Nội dung chính của TCVN 9385:2012 là gì?,Quy định về tính toán tải trọng gió,"Quy định thiết kế, thi công, kiểm tra, bảo trì hệ thống chống sét cho công trình",Chỉ hướng dẫn cách lắp đặt kim thu sét,Hướng dẫn vận hành thiết bị điện cao thế,train_fix,1
Tiêu chuẩn TCVN 9395:2012 áp dụng cho loại cọc nào?,Cọc đóng bê tông cốt thép có đường kính nhỏ hơn 60 cm,Cọc khoan nhồi bê tông cốt thép có đường kính ≥ 60 cm (trừ công trình địa chất đặc biệt),Cọc thép ống nhồi bê tông,Tất cả các loại cọc dùng trong xây dựng,train_fix,1
Nội dung chính của tài liệu Public_023 là gì?,Quy định về kết cấu thép trong thiết kế nhà cao tầng,"Hướng dẫn quy trình xác định chiều dày, khối lượng riêng, lựa chọn và lắp đặt mẫu thử nghiệm đối với hệ bảo vệ chịu lửa",Tiêu chuẩn thi công và nghiệm thu sơn công nghiệp,Hướng dẫn bảo dưỡng lớp phủ sau thi công,train_fix,1
"Nếu một công ty muốn đảm bảo dịch vụ không bị gián đoạn khi xảy ra sự cố lớn, kiến trúc sư đám mây cần chú trọng nhất đến yếu tố nào?",Phát triển giao diện front-end đẹp mắt,Xây dựng chiến lược phục hồi sau thảm họa với quy trình sao lưu và chuyển đổi dự phòng,Tập trung giảm chi phí thuê nhân sự CNTT,Cập nhật phiên bản phần mềm đồ họa định kỳ,train_fix,1
"Xác định padding (p) và stride (s) khi tiến hành transposed convolution với input 4x4, kernel 3x3 để cho ra output 9x9","p = 0, s = 1","p = 1, s = 2","p = 0, s = 2","p = 1, s = 1",train_fix,1
Đâu là vấn đề trong xử lý ảnh mà CNN giải quyết tốt hơn so với các mạng nơ-ron truyền thống?,Lưu trữ tham số,Xử lý dữ liệu hai chiều,Thời gian tính toán,Cả ba vấn đề đã nêu,train_fix,1
Phương trình toán học 3x + 4y + 5z = 6 có mấy biến?,Ba,Hai,Một,Bốn,train_fix,1
"Nếu một ảnh có nhiều khác biệt mức xám xuất hiện lặp lại, sau khi áp dụng LDR ảnh đầu ra sẽ có đặc điểm gì?",Độ tương phản được tăng cường đáng kể,Ảnh bị mất chi tiết ở vùng sáng,Chỉ cải thiện vùng biên và cạnh,Tạo ảnh nhiều nhiễu hơn,train_fix,1
Vai trò của an toàn thông tin trong bối cảnh chuyển đổi số và các mối đe dọa mạng gia tăng được thể hiện rõ nhất ở khả năng bảo vệ dữ liệu và đảm bảo hoạt động liên tục?,Giúp hệ thống công nghệ thông tin luôn hoạt động ổn định mà không cần cân nhắc đến chi phí và tính hữu dụng.,"Là yêu cầu thiết yếu để bảo vệ dữ liệu, hệ thống và thiết bị kết nối, nhưng chỉ cần thiết ở các doanh nghiệp quy mô lớn","Ngày càng trở nên quan trọng khi số lượng thiết bị IoT và các kết nối Internet tăng nhanh, số sự cố và thiệt hại do mất an toàn thông tin gia tăng, đòi hỏi giải pháp toàn diện, cân bằng giữa an toàn – tính hữu dụng – chi phí","An toàn thông tin chủ yếu tập trung vào phòng ngừa virus máy tính và phần mềm độc hại, vì đây là rủi ro phổ biến nhất",train_fix,1
"Trong tài liệu Public_282, cơ sở dữ liệu nào được hệ thống sử dụng để lưu trữ dữ liệu?",MySQL,MongoDB,PostgreSQL,Oracle,train_fix,1
"Theo tài liệu Public_045, đâu không phải là một hình thức data augmentation cho ảnh?",Cắt và phóng to (crop and resize),Lật ảnh (flip),Xoay ảnh (rotate),Chuyển ảnh xám,train_fix,1
Bài toán về toán tử bit nào là minh chứng cho việc cần xây dựng nhiều hơn một lớp ẩn?,AND,OR,XOR,NOT,train_fix,1
Đâu không phải nguyên tắc cốt lõi của khảo sát đặc tả mức cao theo tài liệu Public_061?,"""Hãy là khách hàng của sản phẩm""","""Hãy nghiên cứu các chuẩn và hướng dẫn hiện hành""","""Hãy xem xét và kiểm thử các phần mềm tương tự""","""Hãy phối hợp với đội nhóm và khách hàng""",train_fix,1
Ổ khóa điện hệ thống khóa cửa trung tâm trên xe ô tô được dùng để làm gì và bố trí ở vị trí như thế nào?,"để khởi động hoặc tắt động cơ và  được bố trí ở bên phải trên vỏ trục lái, hoặc đặt ở trên thành bảng đồng hồ phía trước mặt người lái",để gạt nước mưa và gắn phía ngoài xe,để phát ra tiếng động cảnh báo xe khác khi tham gia giao thông và gắn ở ghế sau xe,để điều hươớng xe ô tô và gắn ở nắp capo,train_fix,1
Khóa bí mật trong tài liệu Public_283 được hiểu là gì?,Thành phần dùng để xác thực chữ ký số,"Thành phần của cặp khóa không đối xứng, dùng để ký thông điệp dữ liệu",Chuỗi mã hóa được sinh ngẫu nhiên khi tạo chứng thư số.,Công cụ để kiểm tra tính toàn vẹn của dữ liệu.,train_fix,1
Ai là người đầu tiên đề xuất ý tưởng về phototransistor?,Michael Faraday,Alessandro Volta,William Shockley,Thomas Edison,train_fix,1
"Theo tài liệu Public_063, giá trị điều kiện chỉ bó buộc trong T/F, nhận định này đúng hay sai?",Đúng,Sai,,,train_fix,1
Luồng nhập điểm của giảng viên và nội dung hiển thị khi nhập là?,Vào thẳng danh sách SV rồi nhập; không cần chọn kì/môn/lớp.,Chọn kì đang active → chọn môn → chọn lớp học phần → nhập các đầu điểm/điểm thi → lưu.,Chọn lớp → chọn năm → nhập → lưu.,Chọn môn → nhập → hệ thống tự gán lớp.,train_fix,1
"Nếu một hệ thống vẫn sử dụng DES với khóa hiệu dụng 56 bit trong bối cảnh tốc độ tính toán ngày nay đã tăng nhanh, nguy cơ nào là hiện hữu nhất?",DES vẫn an toàn vì dùng hàm Feistel phi tuyến tính,DES chỉ bị đe dọa khi sử dụng cùng 3-DES, DES dễ bị vét cạn khóa (brute force) do không gian khóa nhỏ ,"
DES không thể bị phá vì có 16 vòng lặp",train_fix,1
DRATzarus đã sử dụng kỹ thuật gì để tránh bị phát hiện trong sandbox?,Fileless execution,Environment fingerprinting,Code polymorphism,Time Based Evasion,train_fix,1
Blueprint (bản thiết kế/bản vẽ kỹ thuật) ban đầu có ý nghĩa như thế nào trong lịch sử phát triển của ngành xây dựng và công nghiệp?,"Là bản sao màu xanh của bản vẽ gốc, cho phép nhân bản nhanh chóng, chính xác và trở thành tiêu chuẩn chung cho kiến trúc sư, kỹ sư và nhà thầu trong hơn 100 năm","Là công cụ để tạo ra hình ảnh màu sắc phong phú, hỗ trợ thiết kế đồ họa hiện đại",Là phương pháp in dành riêng cho ngành thời trang để thiết kế hoa văn trên vải,Là phần mềm thiết kế kỹ thuật số đầu tiên trong lĩnh vực kiến trúc,train_fix,1
"Theo tài liệu Public_182, DoS và DDoS là gì?","DoS (Denial of Service) là một hình thức tấn công độc hại nhằm phá vỡ lưu lượng truy cập bình thường của một máy chủ, dịch vụ hoặc mạng được nhắm mục tiêu bằng cách áp đảo mục tiêu hoặc cơ sở hạ tầng xung quanh bằng một lượng lớn lưu lượng truy cập Internet. Các cuộc tấn công DoS đạt được hiệu quả bằng cách sử dụng nhiều hệ thống máy tính bị xâm nhập làm nguồn lưu lượng tấn công 
Tấn công từ chối dịch vụ phân tán (DDoS) là hay còn được gọi là tấn công từ chối dịch vụ là hình thức tấn công mạng mà trong đó tác nhân độc hại nhằm mục đích ngăn cản người dùng hợp pháp truy cập hệ thống máy tính, thiết bị hoặc các tài nguyên mạng khác. Đặc điểm của cuộc tấn công DDoS là việc sử dụng một máy tính duy nhất để khởi động cuộc tấn công.","DoS (Denial of Service) hay còn được gọi là tấn công từ chối dịch vụ là hình thức tấn công mạng mà trong đó tác nhân độc hại nhằm mục đích ngăn cản người dùng hợp pháp truy cập hệ thống máy tính, thiết bị hoặc các tài nguyên mạng khác. Đặc điểm của cuộc tấn công DoS là việc sử dụng một máy tính duy nhất để khởi động cuộc tấn công.
Tấn công từ chối dịch vụ phân tán (DDoS) là một hình thức tấn công độc hại nhằm phá vỡ lưu lượng truy cập bình thường của một máy chủ, dịch vụ hoặc mạng được nhắm mục tiêu bằng cách áp đảo mục tiêu hoặc cơ sở hạ tầng xung quanh bằng một lượng lớn lưu lượng truy cập Internet. Đặc điểm của cuộc tấn công DDoS là việc sử dụng một máy tính duy nhất để khởi động cuộc tấn công.","DoS (Denial of Service) hay còn được gọi là tấn công từ chối dịch vụ là hình thức tấn công mạng mà trong đó tác nhân độc hại nhằm mục đích ngăn cản người dùng hợp pháp truy cập hệ thống máy tính, thiết bị hoặc các tài nguyên mạng khác. Các cuộc tấn công DDoS đạt được hiệu quả bằng cách sử dụng nhiều hệ thống máy tính bị xâm nhập làm nguồn lưu lượng tấn công 
Tấn công từ chối dịch vụ phân tán (DDoS) là một hình thức tấn công độc hại nhằm phá vỡ lưu lượng truy cập bình thường của một máy chủ, dịch vụ hoặc mạng được nhắm mục tiêu bằng cách áp đảo mục tiêu hoặc cơ sở hạ tầng xung quanh bằng một lượng lớn lưu lượng truy cập Internet. Các cuộc tấn công DDoS đạt được hiệu quả bằng cách sử dụng nhiều hệ thống máy tính bị xâm nhập làm nguồn lưu lượng tấn công ","DoS (Denial of Service) hay còn được gọi là tấn công từ chối dịch vụ là hình thức tấn công mạng mà trong đó tác nhân độc hại nhằm mục đích ngăn cản người dùng hợp pháp truy cập hệ thống máy tính, thiết bị hoặc các tài nguyên mạng khác. Đặc điểm của cuộc tấn công DoS là việc sử dụng một máy tính duy nhất để khởi động cuộc tấn công.
Tấn công từ chối dịch vụ phân tán (DDoS) là một hình thức tấn công độc hại nhằm phá vỡ lưu lượng truy cập bình thường của một máy chủ, dịch vụ hoặc mạng được nhắm mục tiêu bằng cách áp đảo mục tiêu hoặc cơ sở hạ tầng xung quanh bằng một lượng lớn lưu lượng truy cập Internet.  Các cuộc tấn công DDoS đạt được hiệu quả bằng cách sử dụng nhiều hệ thống máy tính bị xâm nhập làm nguồn lưu lượng tấn công ",train_fix,1
"Trong tấn công DoS/DDoS, mục tiêu chính của kẻ tấn công là gì?",Đánh cắp mật khẩu người dùng,"Làm cạn kiệt tài nguyên dịch vụ, khiến hệ thống ngừng đáp ứng",Chèn mã độc vào gói tin,Tạo backdoor truy cập hệ thống,train_fix,1
"Giả sử một robot đã học thành công trong môi trường mô phỏng nhưng thất bại khi hoạt động thực tế, nguyên nhân hợp lý nhất là gì?",Do lỗi phần cứng động cơ,Do mô hình thiếu khả năng tổng quát và chênh lệch môi trường,Do thuật toán DQN quá mạnh,Do thiếu,train_fix,1
"Sau khi khách hàng xác thực OTP thành công, hệ thống sẽ thực hiện bước nào tiếp theo?",Tự động hủy yêu cầu,Cập nhật kỳ thanh toán mới cho toàn bộ mã EVTP thuộc CusID,Gửi thông báo lỗi “Xác thực thất bại”,Chuyển về trạng thái “Không hoạt động”,train_fix,1
Dòng điện tử trong thực tế chảy theo chiều nào?,Từ dương sang âm,Theo cả hai chiều,Từ âm sang dương,Không xác định được,train_fix,1
"Phân tích vai trò của AI trong dự báo, tối ưu và điều phối năng lượng tái tạo cho thành phố thông minh, đồng thời nêu rõ hạ tầng công nghệ hỗ trợ.","AI dự báo sản lượng điện (Deep Learning dựa thời tiết), tối ưu phân phối và lưu trữ pin, điều khiển microgrid tự động; hạ tầng: mạng IoT, edge computing, cloud, giao thức mở","AI chỉ dùng cho dự báo ngắn hạn, không liên quan tối ưu lưu trữ","AI chỉ thu thập dữ liệu, không can thiệp vận hành","AI chỉ dùng trong hộ gia đình, không áp dụng cho lưới điện thành phố",train_fix,1
Thách thức quan trọng nhất khi đưa phân tử do AI tạo ra vào thực nghiệm là gì?,Quá nhiều GPU cần thiết,Tính bảo mật kém,Không thể tổng hợp hóa học,Cần xác thực thực nghiệm và đánh giá độc tính,train_fix,1
"Theo tài liệu Public_264, logic bomb khác virus ở điểm nào?","Virus yêu cầu điều kiện mới kích hoạt, Logic bomb tự lây lan","Virus có thể tự sao chép và lây lan, Logic bomb cần điều kiện để kích hoạt","Logic bomb tự động lây qua email, virus chỉ hoạt động khi có hành động người dùng","Virus và Logic bomb giống nhau, không có sự khác biệt",train_fix,1
"Trong PCA, công thức của ma trận hiệp phương sai SSS và toạ độ sau khi chiếu Z (trên K thành phần chính) lần lượt là gì?",S=N1​XXT; Z=UKTXZ = U_K^T XZ=UKT​X,S=N1​X^TX^; Z=X^UKZ = \hat{X}U_KZ=X^UK​,S=N1​X^X^T; Z=UKTX^Z = U_K^T \hat{X}Z=UKT​X^,S=X^X^T; Z=UKX^Z = U_K \hat{X}Z=UK​X^,train_fix,1
"Hãy xác định (i) một số luật tội phạm máy tính ở Mỹ, và (ii) một số luật về sự riêng tư cũng tại Mỹ được nêu trong tài liệu.

",Computer Fraud and Abuse Act (1986); Federal Privacy Act (1974),"
Digital Millennium Copyright Act; Freedom of Information Act",National Information Infrastructure Protection Act (1996); Electronic Communications Privacy Act (1986) ,"

Economic Espionage Act; TRIPS Agreement",train_fix,2
"Theo tài liệu Public_178, đặc điểm nào sau đây không phải của một dự án?",Dự án luôn hướng đến một mục tiêu cụ thể,Dự án có kết quả là sản phẩm duy nhất,Dự án diễn ra trong thời gian không giới hạn,Dự án cần sự phối hợp giữa các hoạt động liên quan,train_fix,1
"Hãy xác định  số lượng vùng trong hạ tầng CNTT được mô tả trong tài liệu và nêu tên một nguy cơ điển hình của vùng WAN.

",5 vùng; nguy cơ chính là virus từ thiết bị USB, 6 vùng; nguy cơ chính là nghe trộm dữ liệu WLAN,7 vùng; nguy cơ chính là tấn công từ chối dịch vụ (DoS/DDoS), 8 vùng; nguy cơ chính là cấu hình sai tường lửa,train_fix,1
Mục tiêu Phát triển bền vững 6 (SDG 6) của Liên hợp quốc nhằm đảm bảo điều gì?,Sự sẵn có của nước và vệ sinh an toàn cho tất cả mọi người,Tăng cường sản xuất nông nghiệp,Giảm thiểu ô nhiễm không khí,Tăng trưởng kinh tế toàn cầu,train_fix,1
Thách thức lớn khi triển khai mạng nơ-ron tích chập (CNN) trong bệnh viện là gì?,Thiếu dữ liệu gắn nhãn và chi phí tính toán cao,Tốc độ xử lý chậm hơn con người,Không thể kết hợp với AI khác,Bác sĩ không thể xem ảnh,train_fix,1
"Theo tài liệu Public_073, ưu điểm nổi bật nhất của Federated Learning trong y tế là gì?",Giảm chi phí lưu trữ dữ liệu,Bảo mật và giữ dữ liệu tại chỗ,Huấn luyện nhanh hơn so với mô hình tập trung,Giảm độ phức tạp của mô hình,train_fix,1
Công nghệ in bê tông 3D được thực hiện theo quy trình nào?,Gia công cắt gọt vật liệu,Đúc bê tông trong ván khuôn,Sản xuất bồi đắp bằng cách chồng lớp vật liệu từ mô hình CAD,Ép nén bê tông truyền thống,train_fix,1
"Theo tài liệu Public_171, điểm đặc trưng dễ nhận biết nhất của một bản blueprint truyền thống là gì?",Nền trắng kèm các đường màu xám,Nền xanh đậm với các đường trắng rõ ràng,Nền vàng kèm chữ đen,Nền đỏ kèm hình ảnh mờ nhạt,train_fix,1
Adam và RMSProp khác nhau ở đặc điểm nào?,"Adam không dùng động lượng, RMSProp dùng động lượng",Adam kết hợp RMSProp và Momentum; RMSProp chỉ chuẩn hóa gradient,Adam chỉ thay đổi learning rate toàn cục; RMSProp thay đổi theo từng tham số,"Adam không dựa vào gradient, RMSProp dựa hoàn toàn vào gradient",train_fix,1
"Theo quy định tại tài liệu Public_009, nếu một học phần có cấu trúc 3(2:1:6) thì số tiết lý thuyết, thực hành và tự học lần lượt là bao nhiêu?","3 LT, 3 TH, 6 tự học","2 LT, 2 TH, 4 tự học","2 LT, 1 TH, 6 tự học","3 LT, 0 TH, 6 tự học",train_fix,1
Mục tiêu cốt lõi của PCA là gì?,Tối đa hoá chuẩn Frobenius của dữ liệu sau khi xoay,Tối đa hoá trace của ma trận hiệp phương sai theo mọi chiều,Tối thiểu hoá số trị riêng của ma trận hiệp phương sai,Tối thiểu hoá tổng phương sai còn lại trên các chiều bị loại bỏ (tương đương tối đa tổng phương sai trên KKK chiều giữ lại),train_fix,1
FSM và DFA được biểu diễn bằng bộ mấy thành phần?,Bốn,Bốn và năm,Năm,Năm và bốn,train_fix,1
Điều kiện cần thiết để quá trình nhiệt hạch xảy ra là gì?,Hai hạt nhân nặng tách ra,Hai hạt nhân nhẹ hợp nhất thành hạt nhân nặng,Electron va chạm proton,Phản ứng phân rã phóng xạ,train_fix,1
Cho biết số lượng thuật toán sắp xếp đơn giản được trình bày trong tài liệu Public_053 và tên của chúng?,"Ba. Selection sort, insertion sort, bubble sort","Hai. Quick sort, merge sort","Hai. Selection sort, insertion sort","Ba. Insertion sort, bubble sort, radix sort",train_fix,1
"Ngoài hai cách ghép module thông dụng là top down, bottom up thì còn mấy phương pháp và tên của chúng là?","Ba. Leftward, upward, waterfall",Một. Bigbang,"Hai. Bigbang, sandwich",Không còn phương pháp nào,train_fix,1
"Theo tài liệu Public_021, khi đo chiều dày màng khô của vật liệu bảo vệ, nguyên tắc nào được áp dụng và liệu có yêu cầu về đường kính vỏ bọc tối thiểu ưu tiên của đầu đo nhiệt liên quan đến quy trình này không?","Nguyên tắc cơ học; đường kính vỏ bọc tối thiểu 0,5 mm","Nguyên tắc quang học; đường kính vỏ bọc tối thiểu 1,0 mm","Nguyên tắc cảm ứng điện từ hoặc dòng điện xoáy; đường kính vỏ bọc tối thiểu 1,5 mm","Nguyên tắc thủy lực; đường kính vỏ bọc tối thiểu 2,0 mm",train_fix,1
"Nếu khách hàng không xác thực OTP trong vòng 72 giờ, trạng thái yêu cầu sẽ được hệ thống cập nhật như thế nào?",Đã xác thực,Chờ xác thực,Xác thực thất bại,Không hoạt động,train_fix,1
"Hãy xác định (i) hai phương pháp phát hiện tấn công thường được sử dụng trong IDS, và (ii) nhược điểm của mỗi phương pháp.
", Phát hiện bất thường; dễ bỏ sót các tấn công mới,Phát hiện dựa trên chữ ký; tốn nhiều tài nguyên xử lý,Phát hiện bất thường; có thể gây báo động giả ,Phát hiện dựa trên chữ ký; không nhận diện được tấn công chưa có mẫu,train_fix,1
Điểm chung giữa DCGAN và Conditional GAN là?,Đều sử dụng mạng tích chập,Đều có hai mạng Generator và Discriminator,Vai trò của Generator và Discriminator là như nhau ở cả hai hệ thống,Tất cả các khẳng định đã nêu,train_fix,1
"Theo tài liệu Public_067, kiến trúc kiểm thử tự động bao gồm những yếu tố nào?","Thiết kế (sinh kịch bản, sinh đầu ra mong muốn)","Thực thi (quản lý, mô phỏng)","Đánh giá (so sánh, báo cáo, phân tích)",Toàn bộ những yếu tố đã nêu,train_fix,1
"Theo tài liệu, mã hóa khóa đối xứng còn được gọi bằng tên nào?
",Mã hóa khóa công khai,Mã hóa khóa bí mật ,Mã hóa khối,Mã hóa dòng,train_fix,1
Tệp Excel chi tiết khi xuất báo cáo KPI công nợ COD theo ngày có tên theo định dạng nào?,bckpicongnocodtheongay_ddmmyyyy,kpicongnocodchitiettheongay_ddmmyyyy,congnoCOD_ngay_ddmmyyyy,kpicodngay_ddmmyyyy,train_fix,1
"Qua phân tích trong tài liệu, có thể rút ra nhận định tổng quan nào về đặc điểm của các lỗ hổng bảo mật?

","Chủ yếu tồn tại trong phần cứng, ít ảnh hưởng đến phần mềm","Phân bố rải rác nhưng tập trung nhiều nhất ở phần mềm ứng dụng, và đa số có mức độ nghiêm trọng từ trung bình trở lên ",Chỉ xuất hiện khi hệ điều hành bị cấu hình sai,"
Thường chỉ gây ra thiệt hại nhỏ, không đáng kể",train_fix,1
Ai là người đầu tiên giới thiệu hệ thống Ant System (AS) trong luận văn năm 1992?,Marco Dorigo,Alberto Colorni,Vittorio Maniezzo,Thomas Stützle,train_fix,1
Thế hệ máy tính điện tử nào sử dụng bóng đèn điện tử chân không?,Thế hệ 1 (1950–1958),Thế hệ 2 (1958–1964),Thế hệ 3 (1965–1974),Thế hệ 4 (1974–nay),train_fix,1
Các bước chính để implement transactional outbox pattern theo tài liệu là gì?,"Tạo outbox_table, lưu message cùng transaction, relay publisher đọc & publish, update state","Tạo outbox_table, backup định kỳ, dùng log shipping để phát event","Tạo topic riêng trên message broker, publish trực tiếp từ service chính","Lưu message trong cache memory, khi ổn định thì flush ra broker",train_fix,1
Thông tin khác dữ liệu ở điểm nào và quá trình xử lý thông tin theo máy tính gồm những bước nào?,"Thông tin có ý nghĩa, dữ liệu là sự kiện thô; xử lý gồm Input – Process – Output",Thông tin và dữ liệu giống nhau; xử lý chỉ có Output,"Dữ liệu có ý nghĩa, thông tin không có; xử lý chỉ có Input",Thông tin chỉ là dữ liệu lưu trữ; xử lý không cần qua các bước,train_fix,1
Các phiên bản của Oracle Database,"Oracle Database Standard Edition, Oracle Database Enterprise Edition, Oracle Database Express Edition (XE), Oracle Database Personal Edition","Oracle Database Standard Edition, "," Oracle Database Standard Edition, Oracle Database Express Edition (XE), Oracle Database Personal Edition","Oracle Database Standard Edition, Oracle Database Enterprise Edition, Oracle Database Express Edition (XE), Oracle Database Personal Edition, Oracle Premium ",train_fix,1
Ký hiệu điện trở theo tiêu chuẩn IEC có dạng nào?,Đường ngoằn ngoèo (zigzag),Hình chữ nhật (rectangular box),Hình tam giác,Hình tròn,train_fix,1
"Theo tài liệu Public_167, chuẩn ISO/IEC 27001:2005 tập trung vào nội dung nào?",Định nghĩa các thuật ngữ và từ vựng,Quản lý rủi ro cho ISMS,Hệ thống quản lý an toàn thông tin (ISMS),Bản quyền phần mềm,train_fix,1
"Trình bày kiến trúc tổng thể và các kỹ thuật AI chủ chốt trong hệ thống phát hiện – ứng phó sự cố an ninh mạng, đồng thời giải thích vai trò của học sâu và khả năng phản ứng tự động.","Kiến trúc: tầng thu thập (syslog, gói tin), phân tích ML (supervised, unsupervised, semi/self, RL), phát hiện thời gian thực (IDS/IPS), phản ứng SOAR; AI: DNN, RNN/LSTM/GRU, GNN, GAN; phản ứng: tự cách ly thiết bị, cập nhật tường lửa, giảm MTTD xuống vài giây.","Hệ thống chỉ cần signature-based, không cần học sâu; phản ứng thủ công của SOC.","Chỉ sử dụng RNN cho toàn bộ pipeline, bỏ qua GAN/GNN; phản ứng bằng email thông báo.",Kiến trúc 2 tầng: thu thập và cảnh báo; không tích hợp SOAR; AI chỉ dùng để phân loại log.,train_fix,1
Thuật toán nào được dùng để suy luận (tìm chuỗi nhãn tối ưu) trong Linear-Chain CRFs?,Forward-Backward,Viterbi,Gradient Descent,Expectation-Maximization,train_fix,1
"Nếu một công ty vừa và nhỏ chọn Jira để quản lý dự án Agile, trong khi đội ngũ nhân viên còn hạn chế về tiếng Anh và ngân sách, họ sẽ đối mặt với những khó khăn nào nhất","Khó khăn trong việc hiểu các thuật ngữ chuyên ngành, và chi phí sử dụng Jira sẽ trở thành gánh nặng khi mở rộng",Không thể tạo báo cáo thống kê số lượng issue theo thời gian,Không thể phân quyền chi tiết cho từng nhiệm vụ,Không chạy được trên hệ điều hành Windows,train_fix,1
"Giải thích nguyên lý tính toán dựa trên DNA và các ứng dụng nổi bật trong y sinh học, đồng thời nêu ưu thế so với máy tính silicon.","Dữ liệu mã hóa bằng A/T/C/G, phản ứng hóa học như cổng logic, tính toán song song, tự sửa lỗi; ứng dụng chẩn đoán bệnh, điều trị chính xác, lưu trữ dữ liệu y tế; ưu thế: mật độ lưu trữ khổng lồ, tiêu thụ năng lượng thấp, tự phục hồi","Chỉ dùng DNA lưu trữ ảnh, không tính toán","Máy tính DNA chỉ cho nghiên cứu gen, không áp dụng y học","Ưu điểm chính là rẻ hơn silicon, không liên quan tự sửa lỗi",train_fix,1
Adobe Premiere Pro CC 2022 là phần mềm dùng chủ yếu để làm gì?,Quản lý dữ liệu,Chỉnh sửa video chuyên nghiệp,Lập trình hệ thống,Tạo website,train_fix,1
"Trong ví dụ ở đầu tài liệu, đâu không phải là một mô tả ảnh được giới thiệu?","""Người đàn ông áo đen chơi guitar""","""Công nhân xây dựng mặc áo bảo hộ cam đang làm việc trên đường""","""Hai bé gái đang chơi đồ chơi""","""Một người đàn ông mặc vest dùng máy tính""",train_fix,1
"Theo tài liệu, quá trình kiểm tra chữ ký số gồm bước so sánh hai chuỗi đại diện MD1 và MD2. Nếu một kẻ tấn công thay đổi nội dung thông điệp trong quá trình truyền nhưng không có khóa riêng của người gửi, điều gì sẽ xảy ra?


",MD1 và MD2 vẫn trùng nhau vì chỉ cần khóa công khai,"MD1 và MD2 khác nhau, chữ ký số bị báo sai, phát hiện có sửa đổi ",MD1 và MD2 khác nhau nhưng hệ thống vẫn chấp nhận thông điệp,MD1 và MD2 luôn bằng nhau do đặc điểm của giải thuật băm,train_fix,1
GRU4Rec và BERT4Rec khác nhau chủ yếu ở điểm nào?,"GRU4Rec dùng self-attention, BERT4Rec dùng RNN","GRU4Rec có ngữ cảnh hai chiều, BERT4Rec chỉ một chiều",Cả hai đều không dùng embedding,"GRU4Rec dựa trên GRU, BERT4Rec khai thác ngữ cảnh hai chiều bằng kiến trúc BERT",train_fix,1
"Trong công thức tính xác suất đồng thời P(X1, X2... Xn) của mạng Bayes có một tham số khác, đó là gì?",Giá trị xác suất trung bình,Giá trị nút cha mẹ,Số biến ngẫu nhiên,Tổng các xác suất,train_fix,1
Nội dung chính của tài liệu là gì?,Trình bày nguyên lý hoạt động của transistor BJT,"Giới thiệu khái niệm chất bán dẫn, phân loại (P-type, N-type), cơ chế dẫn điện, hiện tượng dòng điện và mối nối P–N",Phân tích mạch điện xoay chiều,Giới thiệu công nghệ chế tạo vi mạch,train_fix,1
Tóm tắt nội dung chính của phần Linear-Chain CRFs trong tài liệu Public_102?,Giới thiệu Markov Random Fields,Trình bày bài toán phân loại văn bản,Giới thiệu các mô hình ngôn ngữ sinh,"Định nghĩa, công thức và ứng dụng của Linear-Chain CRFs trong gán nhãn chuỗi",train_fix,1
"Trong quá trình ước lượng chiếu sáng kép, ảnh đảo ngược (I_inv) được dùng để làm gì?",Tăng độ bão hòa màu,Phát hiện biên cạnh,Tính toán ánh sáng ngược (Lr),"Chuẩn hóa pixel về [0,1]",train_fix,1
"Trong layer ứng dụng mà MongoDB hoạt động, Front end và Back end là gì?","- Giao diện người dùng chứa một máy chủ được sử dụng để thực hiện logic phía máy chủ và cũng chứa trình điều khiển hoặc MongoDB shell để tương tác với máy chủ MongoDB với sự trợ giúp của truy vấn
- Phần back-end là nơi người dùng sử dụng MongoDB với sự trợ giúp của Web hoặc Di động. Web và thiết bị di động này bao gồm các trang web, ứng dụng di động, ứng dụng mặc định của Android, ứng dụng iOS, v.v.","- Giao diện người dùng là nơi người dùng lập trình các đoạn code
- Phần back-end chứa một máy chủ được sử dụng để thực hiện logic phía máy chủ và cũng chứa trình điều khiển hoặc MongoDB shell để tương tác với máy chủ MongoDB với sự trợ giúp của truy vấn.","- Giao diện người dùng là nơi người dùng sử dụng MongoDB với sự trợ giúp của Web hoặc Di động. Web và thiết bị di động này bao gồm các trang web, ứng dụng di động, ứng dụng mặc định của Android, ứng dụng iOS, v.v.
- Phần back-end chứa một máy chủ được sử dụng để thực hiện logic phía máy chủ và cũng chứa trình điều khiển hoặc MongoDB shell để tương tác với máy chủ MongoDB với sự trợ giúp của truy vấn.",Không phần biệt được 2 thành phần này,train_fix,1
"Theo tài liệu Public_057, đâu không phải là một loại đồ thị được phân loại ở cấp dưới trong hệ thống phân loại đồ thị của tài liệu?",Đơn đồ thị,Đa đồ thị,Lưỡng đồ thị,Giả đồ thị (pseudograph),train_fix,1
Đâu là đặc điểm nhận dạng chính của ACK Flood Attack?,"Kết nối TCP không hoàn thành, nhiều kết nối ""half-open"".",Lượng lớn yêu cầu HTTP đến máy chủ.,"Lượng lớn gói tin ACK không hợp lệ, không chứa payload.",Lượng lớn gói tin UDP đến máy chủ.,train_fix,1
"Qua các nội dung được trình bày, có thể rút ra nhận định tổng quan nào về vai trò của tường lửa và IDS/IPS trong bảo mật hệ thống?
","Tường lửa và IDS/IPS là hai lớp phòng vệ bổ sung, trong đó tường lửa kiểm soát lưu lượng theo luật, còn IDS/IPS phát hiện và ngăn chặn tấn công, góp phần xây dựng mô hình phòng thủ nhiều lớp",Tường lửa có thể thay thế hoàn toàn IDS/IPS, IDS/IPS chỉ cần thiết khi không có tường lửa,Tường lửa và IDS/IPS chỉ dùng trong mạng nhỏ,train_fix,1
"Trong chiến dịch Operation Dream Job do Lazarus Group tiến hành, nhóm đã sử dụng những kỹ thuật tấn công nào?",Lợi dụng các binary hợp pháp của Windows như Regsvr32 và Rundll32 để thực hiện proxy execution; triển khai Remote Access Trojan DRATzarus để duy trì truy cập.,Sử dụng kỹ thuật Internal Spearphishing (MITRE T1534) để mở rộng quyền truy cập; phát tán RAT qua USB lây nhiễm chéo sang các hệ thống air-gap.,Tạo các tài khoản giả mạo trên LinkedIn và email để mạo danh nhà tuyển dụng; thực hiện exfiltration dữ liệu bằng dịch vụ lưu trữ đám mây như Dropbox.,Tấn công trực tiếp vào hạ tầng SCADA của các nhà máy điện; sử dụng WannaCry ransomware để mã hóa dữ liệu trong cùng chiến dịch.,train_fix,2
Vì sao qubit được xem là điểm khác biệt cốt lõi giữa máy tính lượng tử (MTLT) và máy tính truyền thống (MTTT)?,Tự động loại bỏ hoàn toàn nhu cầu xạ trị.,"Hỗ trợ cải thiện hình ảnh chẩn đoán, lập kế hoạch điều trị chính xác và dự đoán diễn biến bệnh",Thay thế hoàn toàn bác sĩ trong quyết định lâm sàng.,Chỉ phân tích dữ liệu gen mà không liên quan đến hình ảnh y khoa.,train_fix,1
Các tính năng chính của Oracle Database là gì?,4,4,5,6,train_fix,1
"Trong tài liệu Public_065, bối cảnh ""các đoạn câu lệnh"" hàm ý gì?",Có thể tách đoạn câu lệnh thành các câu lệnh theo thứ tự,Một nhóm câu lẹnh không thể tách rời,Một tổ hợp câu lệnh có ý nghĩa,Một nhóm câu lệnh có thể tách rời tùy ý,train_fix,1
Bộ dữ liệu được sử dụng trong tài liệu Public_048 có bao nhiêu ảnh?,1750,1024,2048,3500,train_fix,1
Công cụ nào thường được sử dụng để thực hiện credential dumping?,Wireshark,Mimikatz,Metasploit Scanner,Nmap,train_fix,1
"Theo quan điểm hệ thống trong dự án HTTT, yếu tố nào được xem là quan trọng nhất để quyết định hiệu quả toàn bộ hệ thống?",Phần cứng hiện đại,Phần mềm chuyên dụng,Dữ liệu đầu vào đầy đủ,Con người tham gia,train_fix,1
Giả sử tại t=0 có 30 kiến ở B và 30 kiến ở D (theo ví dụ hình 2). Trung bình có bao nhiêu kiến từ nút B và từ nút D đi qua C khi chúng lựa chọn đường đi ngẫu nhiên?,30,15,20,10,train_fix,1
Nhược điểm của thuật toán K láng giềng trong học đa nhãn là gì?,Thời gian thực thi chậm,Công thức phức tạp,Yêu cầu nhiều biến số,Yêu cầu không gian lưu trữ lớn,train_fix,1
"Qua nội dung của tài liệu Public_166, có thể rút ra nhận định tổng quan nào về quản lý an toàn thông tin?","Là tiến trình chỉ tập trung vào kỹ thuật, không cần yếu tố quản lý"," Là tiến trình liên tục, bao gồm xác định tài sản, đánh giá rủi ro, triển khai kiểm soát và xây dựng kế hoạch đảm bảo an toàn, nhằm bảo vệ tài sản thông tin với chi phí phù hợp",Là công việc chỉ thực hiện một lần duy nhất khi hệ thống bắt đầu, Là hoạt động không cần thiết trong tổ chức nhỏ,train_fix,1
Xu hướng nào cho phép giao dịch điện năng trực tiếp giữa các hộ dân?,Big Data,Blockchain kết hợp AI,Digital Twin,Học có giám sát,train_fix,1
"Nếu một máy tính thế hệ 2 có tốc độ trung bình 50.000 phép tính/giây, thì nó nhanh gấp bao nhiêu lần so với máy thế hệ 1 tốc độ trung bình 1.000 phép tính/giây?",25 lần,30 lần,50 lần,100 lần,train_fix,1
"Kết quả kiểm tra xem bộ ba số (3, 4, 5) có tạo thành tam giác vuông hay không?",Equilateral,Isosceles,Scalene,Not A Triangle,train_fix,1
"Trong các mạng thần kinh nhân tạo, thành phần nào đóng vai trò tương tự synapse sinh học?",Transistor CMOS,Tụ điện,Memristor hoặc synapse điện tử,Đi-ốt,train_fix,1
"Trong thuật toán ACO, ký hiệu nào biểu diễn thông tin kinh nghiệm (heuristic information)?",τrs,q0,ηrs,Ck,train_fix,1
Những xu hướng công nghệ tương lai quan trọng nào trong lĩnh vực điện toán không gian dự kiến sẽ tác động đến các ngành công nghiệp chính trong 5 năm tới?,Tương tác đa giác quan và thiết bị AR nhỏ gọn,Giảm độ phân giải hình ảnh,Chỉ dùng cho game,Loại bỏ công nghệ AI,train_fix,1
"Theo tài liệu Public_046, giá trị p trong dropout thể hiện điều gì?",Tỉ lệ giữ node của layer,Xác suất giữ một layer,Tỉ lệ bỏ node của layer,Xác suất bỏ một layer,train_fix,1
"Dựa trên thông tin từ tài liệu Public_110 về BERT4Rec và chuỗi sản phẩm, nếu trong một chuỗi lịch sử gồm 10 sản phẩm, BERT4Rec ẩn ngẫu nhiên 20% để dự đoán lại, thì có bao nhiêu sản phẩm bị ẩn?",1,2,3,5,train_fix,1
Nguồn dữ liệu nào trên Windows và Linux thường bị kẻ tấn công trích xuất trong kỹ thuật credential dumping?,"(Windows: LSASS, SAM/NTDS; Linux: /etc/shadow, file cấu hình)",(Windows: Registry; Linux: /boot/grub),(Windows: Task Scheduler; Linux: systemd log),(Windows: Explorer.exe; Linux: /var/log/messages),train_fix,1
Đâu là mục tiêu chính của các phương pháp trong tài liệu Public_046?,Tăng thời gian chạy,Tránh các hiện tượng như overfitting và underfitting,Tăng khả năng khái quát hóa của mô hình,Cả ba mục tiêu,train_fix,1
Thiết bị tự AirStart 10 dùng để làm gì?,Thiết bị tự điều chỉnh AirStart 10 được chỉ định để điều trị chứng ngưng thở khi ngủ do tắc nghẽn (OSA) ở bệnh nhân nặng trên 30 kg. Thiết bị được thiết kế để sử dụng tại nhà và trong bệnh viện.,Thiết bị tự điều chỉnh AirStart 10 được chỉ định để điều trị chứng ngưng thở khi ngủ do tắc nghẽn (OSA) ở bệnh nhân nặng dưới 30 kg. Thiết bị được thiết kế để sử dụng tại nhà và trong bệnh viện.,Thiết bị tự điều chỉnh AirStart 10 được chỉ định để điều trị chứng ngưng thở khi ngủ do tắc nghẽn (OSA) ở bệnh nhân nặng trên 20 kg. Thiết bị được thiết kế để sử dụng tại nhà và trong bệnh viện.,Dùng cho tất cả mọi người không cần điều kiện,train_fix,1
Đâu không phải một cách chọn khóa (pivot) điển hình trong Quick Sort,Dùng phần tử đầu,Dùng phần tử thứ ba,Dùng phần tử giữa,Dùng phần tử cuối,train_fix,1
Nội dung chính của tài liệu `Public_120` là gì?,So sánh các phương pháp MLL,Giới thiệu và mô tả các phương pháp MLL,Ứng dụng thực tế của các phương pháp MLL,Cách xây dựng một mô hình MLL,train_fix,1
"Phân loại Naive Bayes đòi hỏi tính các xác suất điều kiện thành phần P(xi | cj) = nc / n. Trong một số trường hợp thực tế, nc có thể rất nhỏ, thậm chí = 0. Khi đó kĩ thuật nào sẽ được sử dụng?",Bù trừ,Loại bỏ,Làm trơn,Xác suất láng giềng gần nhất,train_fix,1
"Nếu một người tiêu dùng mua 100g bánh mì (giàu glucid ~50%) và 100g cá (giàu protein ~20%), thì lượng glucid và protein người đó nạp vào lần lượt là bao nhiêu gam?",40g glucid và 10g protein,60g glucid và 30g protein,50g glucid và 20g protein,70g glucid và 25g protein,train_fix,1
Khác biệt về kiến trúc của DCGAN và GAN?,DCGAN ít lớp ẩn hơn GAN,"DCGAN sử dụng mạng tích chập, GAN sử dụng mạng neural thường",DCGAN thay đổi mục tiêu của Discriminator và Generator trong GAN,Không có khác biệt,train_fix,1
Đặc điểm nào nổi bật nhất của 6G so với 5G?,Tốc độ 1 Gbps,"Tốc độ terabit/giây và độ trễ dưới 0,1 ms",Chỉ hoạt động trong nhà,Dựa hoàn toàn vào 4G,train_fix,1
Thách thức lớn nhất hiện nay của vũ trụ học tính toán là gì?,Khối lượng dữ liệu khổng lồ và chi phí tính toán cao,Thiếu kính thiên văn,Ít nhà khoa học,Không có thuật toán,train_fix,1
Đâu không phải một cách biểu diễn một mô hình máy học?,Máy hữu hạn trạng thái (FSM),Automaton tất định hữu hạn trạng thái (DFA),Máy UML,Ngôn ngữ thường nhật,train_fix,1
"Hãy xác định hai kỹ thuật phát hiện xâm nhập chính của IDS, và  nhược điểm tương ứng của mỗi kỹ thuật.
",Phát hiện dựa trên chữ ký; nhược điểm: không phát hiện được tấn công mới ,Phát hiện dựa trên bất thường; nhược điểm: tỷ lệ cảnh báo sai cao ,"
Phát hiện dựa trên entropy; nhược điểm: yêu cầu chữ ký cập nhật liên tục",Phát hiện dựa trên hành vi; nhược điểm: không phân biệt được gói tin hợp pháp và bất hợp pháp,train_fix,2
"Theo tài liệu Public_071, phương pháp nào cho phép cập nhật firmware hàng loạt mà không cần tiếp cận vật lý thiết bị?",Manual Update,Secure Boot,OTA (Over-the-Air),Static Patching,train_fix,1
"Bài toán liệt kê xâu nhị phân độ dài 6 phải trải qua bao nhiêu cấu hình, nếu biết số cấu hình cho độ dài n là 2^n?",2^5,2^6,2^7,2^12,train_fix,1
Xenlulô là gì và vải sợi gốc xenlulô có ưu điểm gì?,"Xenlulô là protein của động vật, vải sợi xenlulô chủ yếu giữ nhiệt vào mùa đông","Xenlulô là hợp chất vô cơ, vải sợi xenlulô chủ yếu chống cháy","Xenlulô là este hóa học nhân tạo, vải sợi xenlulô không thấm nước","Xenlulô là hợp chất từ dầu mỏ, vải sợi xenlulô không hút ẩm",train_fix,1
"Trong các marker của ảnh JPEG, marker nào có giá trị 0xFF 0xD9 và có chức năng đánh dấu kết thúc ảnh?",SOI,SOS,DQT,EOI,train_fix,1
"Trong bối cảnh linear regression đơn biến, mô hình được biểu diễn ra sao và mục tiêu của bài toán khi được mô hình hóa là gì?","Đường thẳng y = ax + b.
Cực đại hóa cost function","Đường thẳng y = ax + b.
Cực tiểu hóa cost function","Đường cong y = ax^2 + b.
Cực đại hóa cost function","Đường cong y = ax^2 + b.
Cực tiểu hóa cost function",train_fix,1
"Hãy xác định hai cách thêm người dùng vào Tableau, và thao tác đầu tiên trong mỗi cách.",Add Users by Username; thao tác đầu tiên là chọn phương thức xác thực ,"
Import Users from file; thao tác đầu tiên là chọn file phù hợp ",Add Users by Username; thao tác đầu tiên là nhập mật khẩu, Import Users from file; thao tác đầu tiên là nhập email,train_fix,2
Nhiệt độ chuyển mềm của len thường nằm trong khoảng nào?,50–70°C,80–90°C,100–110°C,150–170°C,train_fix,1
"Nếu một nhóm dự án nhỏ (dưới 3 tháng) lựa chọn Jira, rủi ro lớn nhất theo tài liệu là gì?",Không thể sử dụng trên trình duyệt thông dụng,"Tốn nhiều thời gian và công sức setup, không hiệu quả với dự án ngắn hạn",Không có chức năng báo cáo,Không hỗ trợ phân quyền chi tiết,train_fix,1
"Dựa vào tài liệu Public_050, từ nào điền vào chỗ trống sau: nếu hàm số f(x) bị ... bởi hằng số C nhân với g(x), ta nói f(x) có độ phức tạp O(g(x))?",Chặn dưới ,Chặn trên,Chặn trên và dưới,Lớn hơn,train_fix,1
"Nếu một giảng đường bị sự cố hỏng thiết bị, ai có trách nhiệm xử lý báo cáo này trong hệ thống?",Giảng viên đang giảng dạy,Sinh viên sử dụng giảng đường,Quản lý hệ thống/Phòng đào tạo hoặc quản lý tài sản,Quản lý sự kiện,train_fix,1
Khối lượng riêng của vật liệu bảo vệ dạng thụ động được phép sai lệch tối đa bao nhiêu % so với giá trị trung bình?,0.1,0.12,0.15,0.2,train_fix,1
Ai là những nhà khoa học được ghi nhận phát minh ra transistor lưỡng cực vào năm 1947?,"Nikola Tesla, Thomas Edison, Alexander Bell","Albert Einstein, Niels Bohr, Max Planck","John Bardeen, William Shockley, Walter Brattain","James Clerk Maxwell, Michael Faraday, Enrico Fermi",train_fix,1
Đếm tổng số rủi ro/đe doạ liệt kê trong Workstation Domain của tài liệu Public_260.,8,10,12,14,train_fix,1
"Qua toàn bộ phần trình bày trong tài liệu Public_167, có thể rút ra nhận định tổng quan nào về cách tiếp cận an toàn thông tin?",Chỉ dựa vào luật quốc tế và bỏ qua luật Việt Nam,"Bao gồm sự kết hợp của chuẩn quốc tế (ISO/IEC 27000, NIST), chu trình quản lý (PDCA), cùng khung pháp luật và chính sách ở Mỹ, Châu Âu và Việt Nam ", Chỉ cần chính sách nội bộ trong tổ chức,Chỉ chú trọng đến khía cạnh kỹ thuật,train_fix,1
Photodiode hoạt động như thế nào và khác gì với phototransistor?,"Photodiode chỉ chuyển ánh sáng thành dòng điện, còn phototransistor vừa chuyển ánh sáng vừa khuếch đại dòng điện nhờ transistor","Photodiode khuếch đại dòng điện ánh sáng, còn phototransistor chỉ phát hiện ánh sáng",Photodiode và phototransistor đều khuếch đại dòng điện giống nhau,"Photodiode hoạt động tuyến tính, còn phototransistor không phản ứng với ánh sáng",train_fix,1
Đơn vị thông tin cơ bản trong điện toán lượng tử là gì?,Bit,Qubit,Photon,Gate,train_fix,1
Dòng điện một chiều (DC) là gì và định luật Ohm liên quan như thế nào?,"Là dòng điện thay đổi liên tục theo hai hướng, tỉ lệ thuận với điện áp","Là dòng điện chảy liên tục theo một hướng, dòng điện tỷ lệ thuận với điện áp và tỉ lệ nghịch với điện trở","Là dòng điện thay đổi tuần hoàn theo sóng sin, không tuân theo định luật Ohm",Là dòng điện chỉ xuất hiện trong các mạch xoay chiều AC,train_fix,1
Thuật toán nào thường dùng để tối ưu hóa tổ hợp trong mạng 6G?,Backpropagation,Gradient Descent,Quantum Approximate Optimization Algorithm (QAOA),PageRank,train_fix,1
"Theo tài liệu Public_274, nhóm APT cụ thể nào được biết là đã hợp tác với nhóm Sandworm trong nhiều hoạt động?",APT10,APT32,APT28 ,APT29,train_fix,1
"Theo tiêu chuẩn ISO 15189:2022, việc lưu giữ hồ sơ phòng xét nghiệm nhằm mục đích chính nào?",Đảm bảo nhân viên phòng xét nghiệm có đủ kỹ năng,Giảm chi phí vận hành,Truy xuất được kết quả xét nghiệm trong khoảng thời gian cần thiết hoặc theo quy định,Đình chỉ hoạt động của phòng xét nghiệm,train_fix,1
Adobe Premiere Pro CC 2022 yêu cầu cấu hình RAM bao nhiêu và dung lượng VRAM tối thiểu là bao nhiêu?,8 GB RAM và 2 GB VRAM,16 GB RAM và 4 GB VRAM,32 GB RAM và 8 GB VRAM,64 GB RAM và 16 GB VRAM,train_fix,1
Công nghệ nào trong mạng 6G tận dụng siêu vật liệu để tăng vùng phủ sóng?,Anten MIMO truyền thống,Blockchain,Bề mặt phản xạ thông minh (RIS),Tháp truyền thống,train_fix,1
Nêu 1 ưu điểm và 1 nhược điểm của Oracle được đề cập trong tài liệu Public_190.,"Ưu điểm của Oracle Database
1. Tính tương thích cao với tất cả các nền tảng và ứng dụng
Hạn chế của Oracle Database
1. Kiến thức SQL và kinh nghiệm quản lý cơ sở dữ liệu là điều kiện tiên quyết để lập trình viên có thể sử dụng phiên bản trên máy chủ cục bộ của Oracle
","Ưu điểm của Oracle Database
1. Dễ cài đặt, dễ mua, chi phí rẻ
Hạn chế của Oracle Database
1.Cộng đồng Oracle bé
","Ưu điểm của Oracle Database
1. Kiến thức SQL và kinh nghiệm quản lý cơ sở dữ liệu không cần nhiều
Hạn chế của Oracle Database
1. Chi phí miễn phí
","Ưu điểm của Oracle Database
1. Không cần học hay tìm hiểu về cơ sở dữ liệu
Hạn chế của Oracle Database
1. Oracle Database có yêu cầu về tiêu chuẩn phần cứng cao cho phiên bản trên máy chủ cục bộ vận hành tại chỗ (on-premise)
",train_fix,1
Điểm giống nhau cơ bản của logistic regression và linear regression là gì,Đưa ra kết quả dựa trên tổ hợp tuyến tính các đặc trưng đầu vào,Dự đoán bằng tổng trọng số các đặc trưng đầu vào,Sử dụng chung một loss function,Đều bắt buộc phải giải bằng gradient descent,train_fix,1
Sinh mô tả ảnh thuộc vào dạng RNN nào?,One to many,Many to many,Many to one,One to one,train_fix,1
Đâu không phải là một ứng dụng của GAN được nêu trong phần đầu tiên của tài liệu Public_039?,Tăng độ phân giải ảnh,"""Dịch ảnh"" (image-to-image translation)",Chỉnh sửa ảnh mặt người,Sinh mô tả ảnh,train_fix,1
Điểm mạnh lớn nhất của CNN trong phân tích ảnh y tế là gì?,Dựa vào đặc trưng thủ công,Tự động học đặc trưng từ dữ liệu ảnh,Giảm chi phí GPU,Tăng số lớp mạng,train_fix,1
Tổng quan Devops dành cho người mới bắt đầu là gì?,"DevOps là vừa tham gia phân tích nghiệp vụ, vừa lập trình ",DevOps là một sự kết hợp của an toàn thông tin và vận hành sản phẩm phần mềm,"DevOps là một sự kết hợp của các nguyên lý, thực hành, quy trình và các tool giúp tự động hóa quá trình lập trình và chuyển giao phần mềm. Với DevOps, các công ty có thể “release” các tính năng nhỏ rất nhanh và kết hợp các phản hồi mà họ nhận được một cách nhanh chóng. DevOps là kết hợp của các cụm từ tiếng Anh software development và information technology operations.","DevOps là một vị trí mới, chưa xác định được vai trò rõ ràng",train_fix,1
Vấn đề chính của R-CNN là?,Thời gian infer lâu,Thời gian train lâu,Cả hai vấn đề đã nêu,Không phải hai vấn đề đã nêu,train_fix,1
"Nếu một website bị vi phạm chính sách sử dụng và bị đình chỉ hoạt động, thì chức năng nào sau đây nhiều khả năng sẽ được sử dụng để quản lý tình huống này?",Quản lý tài chính & tạo phiếu chi,Công cụ quản lý & truy cập database,Website – Đình chỉ website & quản lý thông tin khách hàng,"Cấu hình API & Tích hợp robots, sitemap",public_test_fix,1
"Một hộp tổ hợp không dây FSMBL-001 có thể quản lý tối đa bao nhiêu đầu báo khói, và khoảng cách tối đa từ đầu báo khói WSD-1 đến hộp tổ hợp trong điều kiện có vật cản là bao nhiêu mét?",20 đầu báo – 20m,50 đầu báo – 30m,30 đầu báo – 25m,30 đầu báo – 30m,public_test_fix,1
Vì sao quy chuẩn yêu cầu các tuyến điện 110 kV và 220 kV trong nội thị đô thị loại II trở lên phải đi ngầm?,Vì chi phí xây dựng ngầm thấp hơn so với đường dây nổi.,"Vì đi ngầm giúp tăng thẩm mỹ đô thị, đảm bảo an toàn và giảm rủi ro tai nạn cháy nổ.",Vì đường dây ngầm có thể truyền tải điện nhiều hơn đường dây nổi.,"Vì luật bắt buộc tất cả các loại lưới điện đều phải đi ngầm, không phụ thuộc cấp điện áp.",public_test_fix,1
"Trong bối cảnh cạnh tranh hiện nay, việc áp dụng 5S mang lại lợi ích chiến lược nào?",Tăng chi phí sản xuất,Giúp nâng cao năng lực cạnh tranh nhờ chi phí thấp và chất lượng cao,Giảm tính kỷ luật của nhân viên,Chỉ cải thiện hình thức bên ngoài,public_test_fix,1
Quy trình bảo dưỡng định kỳ máy biến áp khô gồm có bao nhiêu hạng mục kiểm tra chính?,8 hạng mục,10 hạng mục,11 hạng mục,13 hạng mục,public_test_fix,1
Tổng lưu lượng tính toán của hệ thống Drencher trên một khu vực được bảo vệ được xác định bởi công thức nào?,$Q_d = \sum_{n=1}^{N} q_n$,$Q_d = \dfrac{1}{N}\sum_{n=1}^{N} q_n$,$Q_d = N \cdot \max(q_n)$,$Q_d = \sqrt{\sum_{n=1}^{N} q_n}$,public_test_fix,1
"Theo kết quả từ phương pháp MM-PBSA, hai dẫn xuất nào có ái lực mạnh nhất với Amyloid beta 1-40 peptid và giá trị năng lượng tự do liên kết (ΔGbind) trung bình tương ứng của chúng là bao nhiêu?",VK3-2 và VK3-6; khoảng -9.41 và -3.37 kcal.mol-1,VK3-9 và VK3-10; khoảng -15.41 và -12.42 kcal.mol-1,VK3-221 và VK3-6; khoảng -6.12 và -3.37 kcal.mol-1,VK3-10 và Curcumin; khoảng -12.42 và -14.3 kcal.mol-1,public_test_fix,1
"Trong quá trình xử lý dữ liệu thô bằng phần mềm Trimmomatic, các đoạn đọc có độ dài ngắn hơn bao nhiêu base pair (bp) sẽ bị loại bỏ?",20 bp," 
36 bp"," 
201 bp"," 
450 bp",public_test_fix,1
Mục tiêu chính của Cloud Service Hub đối với doanh nghiệp là gì?,Giúp tăng tốc độ xử lý và giảm chi phí không cần thiết,Thay thế toàn bộ các dịch vụ đám mây hiện tại,Giúp người dùng không cần kết nối internet khi làm việc,Chỉ tập trung vào việc in ấn tài liệu,public_test_fix,1
"Trong bảo dưỡng hệ thống tủ điện, nội dung nào yêu cầu quét nhiệt thiết bị, và nội dung nào yêu cầu vệ sinh công nghiệp tủ điện?",Quét nhiệt áp dụng khi kiểm tra thanh cái; vệ sinh công nghiệp chỉ thực hiện hàng năm,Quét nhiệt áp dụng khi kiểm tra tổng thể; vệ sinh công nghiệp thực hiện định kỳ hàng tháng hoặc 6 tháng.,Quét nhiệt áp dụng với thiết bị chống sét; vệ sinh công nghiệp chỉ khi có sự cố,Quét nhiệt áp dụng trong kiểm tra log sự kiện; vệ sinh công nghiệp trong bảo trì cáp tín hiệu.,public_test_fix,1
Chức năng Website trong mục Dịch vụ KHÔNG bao gồm tính năng nào sau đây?,Cài SSL cho website,Đổi mật khẩu tài khoản đăng nhập website,Quản lý số dư tài khoản thành viên,Nhân bản website,public_test_fix,1
"Áp kế piston chuẩn (0,04–2) bar có những cấp chính xác nào?","0,015 và 0,008","0,015 và 0,025","0,008 và 0,05","0,02 và 0,08",public_test_fix,1
"Nếu chi tiết chưa được ràng buộc đầy đủ trong lắp ráp, hậu quả là gì?",Chi tiết bị xóa,Chi tiết tự động đối xứng,Chi tiết biến mất khi mô phỏng,Chi tiết có thể di chuyển tự do ngoài ý muốn,public_test_fix,1
"“Sàng lọc” (Seiri) và “Sắp xếp” (Seiton) khác nhau thế nào, và tác động gì đến môi trường làm việc?",Seiri: loại bỏ vật dụng không cần thiết; Seiton: bố trí hợp lý; cả hai giúp sử dụng không gian và thời gian hiệu quả,Seiri: làm sạch máy móc; Seiton: đào tạo nhân viên; cả hai giúp nâng cao kỹ năng,Seiri: quy định ca làm việc; Seiton: ghi chép báo cáo; cả hai giúp quản trị nhân sự,Seiri: bảo dưỡng thiết bị; Seiton: sửa lỗi sản phẩm; cả hai giúp giảm sự cố,public_test_fix,1
Transistor thường được sử dụng trong ứng dụng nào?,Đèn LED,Tụ điện,Mạch khuếch đại và điều khiển tín hiệu,Cuộn cảm,public_test_fix,1
nhu cầu dùng nước dài hạn (20 năm) đối với đô thị loại I là bao nhiêu lít/người-ngày,≥150 lít/người-ngày,≥180 lít/người-ngày,≥200 lít/người-ngày,≥220 lít/người-ngày,public_test_fix,1
"Theo Bảng 3, sai số trung phương (RMSE) và sai số tuyệt đối (MAE) của thuật toán nội suy Hồi quy tuyến tính (LR) lần lượt là bao nhiêu?",2.15e-05 và 0.0034,3.79e-06 và 0.0010,3.26e-05 và 0.0044,2.15e-05 và 0.0010,public_test_fix,1
Khái niệm nào mô tả một sự kiện ATTT có khả năng ảnh hưởng đáng kể đến hoạt động nghiệp vụ và đe dọa an toàn thông tin?,Sự kiện an toàn thông tin,Sự cố an toàn thông tin,Cảnh báo sai (False Positive),Ticket ATTT,public_test_fix,1
Ổ đỡ trong sơ đồ truyền động cơ khí có vai trò gì?,Chỉ truyền mô men xoắn,Kết nối giữa hai trục,Đỡ và dẫn hướng trục quay,Biến chuyển động quay thành tịnh tiến,public_test_fix,1
Trình bày ưu và nhược điểm chính khi lựa chọn nhôm thay vì thép làm tấm định hình.,"Nhôm rẻ hơn, dễ gỉ hơn","Nhôm nặng hơn, dễ hỏng hơn","Nhôm nhẹ hơn, ít gỉ hơn nhưng đắt hơn thép","Nhôm dễ gỉ hơn, rẻ hơn thép",public_test_fix,1
Máy X-quang kỹ thuật số (DR) 2 tấm cảm biến có tần số cao tần của tủ điều khiển và nguồn phát tia là bao nhiêu?,40 kHz,60 kHz,120 kHz,200 kHz,public_test_fix,1
"Trong sơ đồ truyền động cơ khí, ký hiệu quy ước của ổ đỡ chặn là gì?",Ổ trượt,Ổ chặn,Ổ đũa đỡ,Ổ đỡ cầu tự,public_test_fix,1
"Theo kết quả docking, dẫn xuất VK3 nào được nhận xét là có khả năng phá hủy sự kết tập của các Aβ peptid mạnh nhất?",VK3-10,VK-224,VK3-6,VK3-5,public_test_fix,1
"Theo Bảng 5.2, tổng công suất các nhà máy xử lý nước hiện có vào năm 2012 và dự kiến vào năm 2015 lần lượt là bao nhiêu?",211.000 m³/ngày và 238.600 m³/ngày,208.600 m³/ngày và 328.600 m³/ngày,208.600 m³/ngày và 238.600 m³/ngày,211.000 m³/ngày và 328.600 m³/ngày,public_test_fix,1
"Nếu chỉ số giao hàng đúng hẹn đạt 70% và mục tiêu là 99%, vấn đề cải tiến nào cần thực hiện?",Cải tiến thời gian giao hàng để tăng tỉ lệ đúng hẹn,Tăng giá bán sản phẩm,Cắt giảm số lượng khách hàng,Thêm sản phẩm mới,public_test_fix,1
"Theo kế hoạch thực hiện dự án, thời gian để hoàn thành việc lựa chọn tư vấn là bao lâu?",12 Tháng,11 Tháng,14 Tháng,36 Tháng,public_test_fix,1
"Dựa vào chi phí xây dựng cơ bản của 'Tuyến ống phân phối' theo mức giá tháng 3/2013 và tỷ lệ tăng giá 105% được nêu trong tài liệu, hãy tính toán chi phí xây dựng cơ bản đã được điều chỉnh của hạng mục này vào tháng 6/2014 (chỉ tính phần nội tệ).","Khoảng 1.024,7 tỷ VND","Khoảng 1.362,4 tỷ VND","Khoảng 1.297,5 tỷ VND","Khoảng 1.075,9 tỷ VND",public_test_fix,1
Những yêu cầu nào cần được đảm bảo khi lắp đặt trang thiết bị tại khoa xét nghiệm?,Vị trí lắp đặt phù hợp với luồng công việc,"Điều kiện môi trường (nhiệt độ, độ ẩm) theo quy định của nhà sản xuất",Thay thế phụ tùng ngay sau khi vận hành lần đầu,Nguồn điện phù hợp,public_test_fix,2
"Khi đo độ dày của thép tấm theo tiêu chuẩn BS EN 10143:2006, khoảng cách tối thiểu từ mép đo là bao nhiêu? Đồng thời, đâu là ưu điểm chính của lõi polyurethane so với polystyrene trong panen sandwich?",20 mm; chống cháy tốt hơn polystyrene,10 mm; giá thành rẻ hơn,40 mm; khả năng cách nhiệt tốt hơn,50 mm; nhẹ hơn nên giảm khung chịu lực,public_test_fix,1
Khối lượng vận chuyển đất bằng ô tô tự đổ (ô tô 7T) cự ly 1km đầu và 3km tiếp theo trong phần móng lần lượt là bao nhiêu?,"140,248 m³ và 140,248 m³","241,696 m³ và 26,855 m³","147,355 m³ và 147,355 m³","130,403 m³ và 130,403 m³",public_test_fix,1
Danh mục trong tài liệu Public_628 được trình bày theo các cột thông tin nào?,"STT, Tên máy móc thiết bị, Đơn vị tính, Số lượng tối đa, Mục đích sử dụng, Ghi chú","Tên thiết bị, Xuất xứ, Giá tiền, Năm sản xuất","STT, Tên thiết bị, Nhà cung cấp, Thời gian bảo hành","Mã hiệu, Loại thiết bị, Giá trị, Trọng lượng",public_test_fix,1
"Với mối hàn góc ngắt quãng, ngoài các kích thước cơ bản cần bổ sung thêm thông số nào?",Đường kính que hàn,Loại vật liệu hàn,Nhiệt độ nung chảy,"Chiều dài đoạn hàn l, khoảng cách e, số đoạn n",public_test_fix,1
"Một nhà thầu nộp hồ sơ với các nội dung sau:
- Đề xuất thời gian thi công 110 ngày và kèm biểu đồ tiến độ phù hợp;Có kế hoạch quản lý chất lượng và kế hoạch nghiệm thu phù hợp;
- Thời gian bảo hành cho toàn bộ công trình: 6 tháng, nhưng hệ thống đèn LED được bảo hành 5 năm;
- Thời gian phản hồi khi có yêu cầu bảo hành: 48 giờ.
- Theo tiêu chí đánh giá kỹ thuật trong hồ sơ, nhà thầu này sẽ được đánh giá là:","Đạt — vì tiến độ, quản lý chất lượng và bảo hành đèn LED đều đáp ứng yêu cầu.",Không đạt — vì thời gian bảo hành tổng thể < 12 tháng (một tiêu chuẩn bắt buộc).,"Đạt — vì chỉ cần các tiêu chuẩn chi tiết chính (ví dụ tiến độ, chất lượng, an toàn) đạt là đủ.",Không đạt — vì thời gian phản hồi bảo hành 48 giờ là quá chậm (quy định yêu cầu 24 giờ).,public_test_fix,1
"Trong công tác bảo dưỡng máy biến áp dầu, cần kiểm tra những hạng mục nào, và giá trị thí nghiệm dầu cách điện phải đạt bao nhiêu?",Kiểm tra bộ làm mát và quạt; giá trị điện áp đánh thủng của dầu ≥ 10kV,"Kiểm tra van áp suất, chỉ thị mức dầu, rơ le hơi; giá trị điện áp đánh thủng của dầu ≥ 30kV",Kiểm tra relay bảo vệ; giá trị điện áp đánh thủng của dầu ≥ 15kV,Kiểm tra bộ chuyển nấc tự động; giá trị điện áp đánh thủng của dầu ≥ 25kV,public_test_fix,1
Điện trở suất của đồng đỏ là bao nhiêu?,"0,0175 Ω·mm²/m","0,028 Ω·mm²/m","0,07 Ω·mm²/m","0,115 Ω·mm²/m",public_test_fix,1
"Khi vẽ biểu đồ phân bố, tại sao việc chọn độ rộng lớp hợp lý lại quan trọng?",Vì để giảm chi phí thống kê,Vì ảnh hưởng trực tiếp đến hình dạng và khả năng diễn giải,Vì để tăng số liệu,Vì dễ dàng so sánh với Six Sigma,public_test_fix,1
"Khi trunk A gặp sự cố, trong bao lâu RCE sẽ chuyển sang trunk B?",1–5 giây,5–10 giây,15–30 giây,>60 giây,public_test_fix,1
Giá trị điện trở tiếp địa trạm biến áp cần đảm bảo ở mức nào theo quy định?,≤ 2Ω,≤ 4Ω,≤ 6Ω,≤ 10Ω,public_test_fix,1
"Theo Bảng 2.7, tỉnh nào có số thôn chưa có điện cao nhất trong vùng TDMNPB?",Hà Giang,Sơn La, Điện Biên,Cao Bằng ,public_test_fix,1
"So sánh dữ liệu trong Bảng 3.2 và Bảng 3.3, quá trình trimming (xử lý dữ liệu thô) đã ảnh hưởng đến dữ liệu giải trình tự như thế nào?","Cả số lượng đoạn đọc và chỉ số chất lượng (Q20, Q30) đều giảm.",Số lượng đoạn đọc tăng nhưng chỉ số chất lượng giảm nhẹ.,"Số lượng đoạn đọc tổng thể giảm nhưng các chỉ số chất lượng (Q20, Q30) tăng lên.",Số lượng đoạn đọc và chỉ số chất lượng không có sự thay đổi đáng kể.,public_test_fix,1
"Nếu phân bố lệch nhiều sang bên trái, điều này ám chỉ gì về sản xuất?",Có xu hướng sản xuất dưới chuẩn,Có nhiều sai số ngẫu nhiên,Có sự cố về đo lường,Không có vấn đề,public_test_fix,1
Giải pháp bảo vệ thông tin cá nhân của người dùng cần đảm bảo điều kiện nào sau đây?,Ngăn chặn mất mát và rò rỉ thông tin cá nhân,Chỉ cho phép thay đổi thông tin khi có sự đồng ý của q,Sử dụng giao tiếp qua kênh TLS giữa các thành phần,Cho phép quản trị viên tạo chứng thư điện tử tự ký,public_test_fix,1
"Trong số các mục tiêu được khảo sát, mục tiêu nào có hệ số tương quan (R) về năng lượng liên kết tốt nhất so với WT-Aβ40?",Aβ40-1BA4,12Aβ9-40,18Aβ9-40,5Aβ17-42,public_test_fix,1
Thành phần đầu tiên trong lắp ráp thường phải được gán trạng thái gì?,Cố định (Fixed),Di động tự do,Chỉ có một bậc tự do,Bị ràng buộc song song,public_test_fix,1
Có tổng cộng bao nhiêu điểm độ cao hạng IV được sử dụng để khảo sát độ chính xác đo cao GPS?,7,67,81,74,public_test_fix,1
Chi phí xây dựng cơ bản đã được điều chỉnh (theo mức giá tháng 6/2014) cho hạng mục Hồ điều tiết và hạng mục Đền bù và giải tỏa là bao nhiêu?,"Khoảng 138,2 tỷ VND và 372,3 tỷ VND","Khoảng 131,7 tỷ VND và 354,6 tỷ VND","Khoảng 138,2 tỷ VND và 354,6 tỷ VND","Khoảng 131,7 tỷ VND và 372,3 tỷ VND",public_test_fix,1
Biểu đồ phân bố lần đầu tiên do ai sử dụng và vào năm nào?,"Karl Pearson, 1880","Karl Pearson, 1895","Ronald Fisher, 1920","W. Shewhart, 1931",public_test_fix,1
"Theo Bảng 5.9, công suất xử lý thiết kế của Bể lọc cát nhanh trong Giai đoạn IA là bao nhiêu?",624.000 m³/ngày,312.000 m³/ngày,156.000 m³/ngày,Không được xây dựng trong Giai đoạn IA,public_test_fix,1
"Nếu tốc độ truyền của mạng cáp quang là 100 Mbps, trong 10 giây có thể tải về bao nhiêu MB dữ liệu (giả sử 1 Byte = 8 bit)?",50 MB,100 MB,200 MB,125 MB,public_test_fix,1
"Nội dung chính của tài liệu ""TIÊU CHUẨN TRỤC NƯỚC CHỮA CHÁY"" là gì?",Hướng dẫn quy trình vận hành trụ nước chữa cháy cho lính cứu hỏa trong các tình huống khẩn cấp,Chỉ tập trung phân tích thành phần hóa học và cơ tính của các vật liệu dùng để chế tạo trụ nước,"Quy định các thông số, yêu cầu kỹ thuật, phương pháp thử, và các yêu cầu về lắp đặt, vận hành đối với trụ nước chữa cháy lắp trong hệ thống cấp nước",So sánh hiệu quả giữa trụ nước chữa cháy nổi và trụ nước chữa cháy ngầm trong các điều kiện thực tế khác nhau,public_test_fix,1
Chỉ tiêu phụ tải sinh hoạt (W/người) giai đoạn dài hạn đối với đô thị loại đặc biệt là bao nhiêu?,500 W/người,700 W/người,800 W/người,1000 W/người,public_test_fix,1
"Nội dung chính của tài liệu ""GIẢI PHÁP PHÁT TRIỂN THÀNH PHỐ THÔNG MINH TỈNH BẮC GIANG"" là gì?",Chỉ tập trung vào việc xây dựng hệ thống cơ sở dữ liệu cho ngành giáo dục tỉnh Bắc Giang,Phân tích các nguyên tắc của Kiến trúc ICT và so sánh với mô hình Chính quyền điện tử,"Đề xuất các giải pháp, nhóm nhiệm vụ và lộ trình ưu tiên để phát triển thành phố thông minh tại tỉnh Bắc Giang, bao gồm kiến trúc ICT, hạ tầng và các lĩnh vực ứng dụng cụ thể","Hướng dẫn chi tiết cách triển khai kỹ thuật cho Trung tâm dữ liệu theo mô hình ""xanh"". ",public_test_fix,1
"Theo kết quả phân tích hồi quy tổng hợp, chiến lược cạnh tranh nào có tác động lớn nhất đến hiệu quả kinh doanh của các doanh nghiệp thực phẩm Việt Nam (dựa trên hệ số Beta)?",CLCT khác biệt hóa,CLCT chi phí thấp,CLCT tập trung,Cả ba tác động như nhau,public_test_fix,1
"Nếu dòng điện cực đại của nguồn 230 VAC là 0.25 A, công suất tiêu thụ cực đại của RCE khoảng bao nhiêu?",25 W,"57,5 W",110 W,250 W,public_test_fix,1
"Trong quy trình quản lý trang thiết bị, tủ lạnh cần được theo dõi nhiệt độ với tần suất như thế nào, và pipet được hiệu chuẩn định kỳ theo chu kỳ bao lâu?",Tủ lạnh theo dõi nhiệt độ hàng ngày; pipet hiệu chuẩn hàng năm,Tủ lạnh theo dõi nhiệt độ hàng tuần; pipet hiệu chuẩn hàng năm,Tủ lạnh theo dõi nhiệt độ hàng ngày; pipet hiệu chuẩn 6 tháng,Tủ lạnh theo dõi nhiệt độ hàng tuần; pipet hiệu chuẩn 6 tháng,public_test_fix,1
Có bao nhiêu bước chính trong quá trình triển khai hệ thống ảo hóa được nêu trong tài liệu Public_609?,5 bước,6 bước,7 bước,8 bước,public_test_fix,1
Tóm tắt các loại cáp quang phổ biến và ứng dụng của chúng.,"FTTH, luồn cống, dã chiến, treo, chôn trực tiếp, ADSS – dùng trong gia đình, viễn thông, quân đội, truyền dẫn xa",Chỉ có FTTH cho hộ gia đình,Chỉ có ADSS cho đường dài,Chỉ có cáp luồn cống và treo,public_test_fix,1
"Nếu tổ chức chỉ thực hiện S1 và S2 mà bỏ qua các S khác, hậu quả là gì?","Môi trường ban đầu có cải thiện nhưng khó duy trì lâu dài, dễ quay lại tình trạng cũ",Tổ chức đạt chuẩn ISO ngay lập tức,Nhân viên không cần tham gia duy trì,Tạo hiệu quả bền vững hơn so với đủ 5S,public_test_fix,1
Nếu bạn muốn thiết kế mạch điều chỉnh độ sáng đèn thì linh kiện nào phù hợp nhất?,Tụ gốm,Biến trở,Diode,Cảm biến nhiệt,public_test_fix,1
Có bao nhiêu nhóm chỉ tiêu cấp điện chính được quy định,2 mức,3 mức,4 mức,5 mức,public_test_fix,1
"Bình chuẩn dung tích kim loại 10L - CCX ≤ 0,02 có số lượng tối đa là bao nhiêu?",2,3,1,5,public_test_fix,1
Công cụ Drive Constraint có tác dụng gì trong lắp ráp?,Di chuyển toàn bộ cụm lắp,Mô phỏng chuyển động theo ràng buộc đã gán,Tạo trục quay mới,Phóng to chi tiết,public_test_fix,1
Cáp quang được chia thành mấy loại chính?,2 loại: Multimode và Singlemode,"3 loại: Treo, Chôn, FTTH","4 loại: Luồn cống, Treo, ADSS, Dã chiến","5 loại: Multimode, Singlemode, FTTH, ADSS, Treo",public_test_fix,1
"Theo tài liệu, quá trình kiểm tra chữ ký số gồm bước so sánh hai chuỗi đại diện MD1 và MD2. Nếu một kẻ tấn công thay đổi nội dung thông điệp trong quá trình truyền nhưng không có khóa riêng của người gửi, điều gì sẽ xảy ra?



",MD1 và MD2 vẫn trùng nhau vì chỉ cần khóa công khai,"MD1 và MD2 khác nhau, chữ ký số bị báo sai, phát hiện có sửa đổi ",MD1 và MD2 khác nhau nhưng hệ thống vẫn chấp nhận thông điệp, MD1 và MD2 luôn bằng nhau do đặc điểm của giải thuật băm,public_test_fix,1
Các loại vật liệu lõi thường dùng cho panen sandwich là gì?,"Thép, nhôm, gỗ","Nhựa dẻo, composite, bê tông","Sợi thủy tinh, PVC, nhôm xốp","Bông khoáng, giấy tổ ong, polystyrene, polyurethane",public_test_fix,1
Tóm tắt các đặc tính nổi bật của hệ thống báo cháy không dây WSD-1.,"Tự động kết nối, không cần tuân thủ TCVN","Kết nối tối đa 10 thiết bị/tổ hợp, truyền sóng 2.4GHz","Tuân thủ ISO & TCVN, kết nối tối đa 30 đầu báo/tổ hợp, dùng pin 9V đến 36 tháng, LED 360°, loa 90dB",Chỉ dùng cho tòa nhà dưới 3 tầng,public_test_fix,1
"Khi dùng Angle Constraint bạn cần chỉ định những gì, và Drive Constraint được dùng để làm gì trong mô phỏng lắp ráp?",Angle: chọn hai mặt/đường (hoặc một mặt và một trục) và nhập giá trị góc; Drive Constraint: mô phỏng/điều khiển chuyển động theo các ràng buộc đã gán để kiểm tra cơ chế.,Angle: chỉ chọn một điểm; Drive Constraint: tự động sửa ràng buộc thiếu.,Angle: chỉ dùng cho trục quay; Drive Constraint: tạo báo cáo dung sai.,Angle: tự tính góc từ mặt; Drive Constraint: xuất file 3D để in.,public_test_fix,1
Hãy tóm tắt quy trình cài đặt RCE từ khi lắp đặt đến khi thiết bị sẵn sàng hoạt động.,Chỉ cần cắm nguồn và bật máy,"Chỉ cần cắm trunk A, trunk B",Chỉ cần reset thiết bị rồi chờ đèn sáng,"Gồm lắp rack, kết nối giắc tín hiệu và nguồn, nối đất, bật nguồn, đồng bộ trunk, kiểm tra đèn LED và reset nếu cần",public_test_fix,1
"Theo tiêu chuẩn đánh giá kỹ thuật trong hồ sơ dự thầu, thời gian thi công tối đa được chấp nhận là bao nhiêu ngày (không tính trường hợp bất khả kháng)?",90 ngày,100 ngày,120 ngày,150 ngày,public_test_fix,1
Đâu là nhận định tổng quan đúng nhất về thực trạng phát triển nguồn cung sản phẩm năng lượng tái tạo tại vùng Trung du miền núi phía Bắc được nêu trong tài liệu?,"Năng lượng mặt trời đang được phát triển mạnh mẽ nhất với hàng nghìn dự án quy mô lớn, vượt qua cả tiềm năng thủy điện."," Mọi nguồn năng lượng tái tạo tiềm năng như thủy điện, mặt trời, sinh khối, gió, địa nhiệt đều đã được khai thác ở quy mô công nghiệp.","Thủy điện là nguồn năng lượng được khai thác mạnh mẽ và chiếm ưu thế tuyệt đối, trong khi các nguồn khác như điện mặt trời và sinh khối phát triển chậm với quy mô còn nhỏ",Các dự án nhiên liệu sinh học (Ethanol) và khí sinh học quy mô trang trại là nguồn cung năng lượng tái tạo lớn thứ hai sau thủy điện,public_test_fix,1
"Quy trình giám sát, xử lý và ứng cứu sự cố an toàn thông tin gồm có bao nhiêu bước?",7 bước,8 bước,10 bước,12 bước,public_test_fix,1
Có bao nhiêu chủng nấm men được lựa chọn để tiến hành các thí nghiệm tiếp theo sau khi đánh giá hoạt lực lên men và khả năng tạo hương?,8,6,4,2,public_test_fix,1
Biểu đồ phân bố hỗ trợ đánh giá năng lực quá trình như thế nào?,Chỉ cho biết dữ liệu trung bình,Chỉ cho biết dữ liệu tối đa,So sánh phân bố dữ liệu với dung sai và chuẩn,Không có tác dụng,public_test_fix,1
"Theo tiêu chuẩn BS EN 10143:2006, việc đo độ dày thép cần cách mép bao nhiêu mm?",10 mm,40 mm,50 mm,25 mm,public_test_fix,1
Toyota Raize 2024 được trang bị những hệ thống an toàn nào?,Chỉ có 2 túi khí và ABS,"ABS, EBD, VSC nhưng không có HAC","6 túi khí, ABS, EBD, VSC, TRC, HAC, cảnh báo điểm mù, camera lùi",Có 4 túi khí,public_test_fix,1
Giá bán lẻ niêm yết thấp nhất của Toyota Raize 2024 là bao nhiêu?,510.000.000 đồng,498.000.000 đồng,506.000.000 đồng,500.000.000 đồng,public_test_fix,1
Vì sao then hoa có khả năng truyền mômen lớn hơn then thường?,Do dễ tháo lắp,Do có nhiều răng phân bố đều quanh chu vi trục,Do dùng vật liệu đặc biệt,Do không cần bôi trơn,public_test_fix,1
"So với mối ghép bằng then, mối ghép then hoa có ưu điểm gì trong sản xuất hàng loạt?",Lắp ráp chặt hơn nhưng khó tháo,Giảm chi phí vật liệu,Không cần gia công trục,"Đảm bảo truyền tải lớn, chính xác, dễ tháo lắp",public_test_fix,1
Bộ lọc thấp và bộ lọc cao cho phép tần số như thế nào?,≤ f_c; ≥ f_c,≥ f_c; ≤ f_c,≤ f_c; ≤ f_c,≥ f_c; ≥ f_c,public_test_fix,1
Tóm tắt mục đích của phần thực hành trong tài liệu Public_478.,Xây dựng và so sánh bộ lọc FIR và IIR;…,Thiết kế hệ thống mờ và so sánh thuật toán mờ,Mô phỏng các tín hiệu cơ bản và tích chập,Tối ưu tham số bằng GA và PSO,public_test_fix,1
"Trong nhóm bánh răng trụ, có những loại nào và ưu điểm chung của chúng là gì?","Răng thẳng, răng nghiêng – ưu điểm: dễ chế tạo, giá thành thấp","Răng thẳng, răng nghiêng, răng chữ V – ưu điểm: truyền động êm, hiệu suất cao","Răng thẳng, răng nghiêng, nối bản lề – ưu điểm: giảm rung","Răng chữ V, nối di động – ưu điểm: linh hoạt",public_test_fix,1
Tủ điện định kỳ được Phòng Dịch vụ Trung tâm Dữ liệu (DV TTDL) phối hợp lập kế hoạch bảo dưỡng theo chu kỳ bao lâu?,3 tháng/lầ,6 tháng/lần,12 tháng/lần,Hàng tháng,public_test_fix,1
"Dựa trên mô tả quá trình cấp và sử dụng chứng chỉ số trong PKI, đâu là ý nghĩa cốt lõi hoặc vai trò chính của quá trình này?","PKI chỉ liên quan đến phần mềm, không có thành phần con người","PKI là một hạ tầng phức hợp gồm phần cứng, phần mềm, nhân lực, chính sách và thủ tục, bảo đảm việc cấp phát, quản lý và xác thực chứng chỉ số ","PKI chỉ cần CA là đủ, không cần các thành phần khác"," PKI chỉ dùng trong giao dịch thương mại điện tử, không áp dụng cho lĩnh vực khác",public_test_fix,1
Mạng cáp quang FTTH là gì và có ưu điểm nổi bật nào so với cáp đồng truyền thống?,Cáp treo gia cường; chống tác động cơ học tốt,Cáp đồng trục; truyền hình ổn định,Internet cáp quang đến hộ gia đình; tốc độ cao và ổn định,Cáp điện; dễ thi công lắp đặt,public_test_fix,1
Tại sao trong mô hình hạ tầng ban đầu (chưa ảo hóa) mỗi dịch vụ thường chạy trên một server vật lý riêng biệt?,Để tận dụng tối đa tài nguyên máy chủ vật lý,Để tránh xung đột giữa các dịch vụ,Để tiết kiệm chi phí vận hành,Để giảm thiểu việc sao lưu dữ liệu,public_test_fix,1
"Trong hệ thống yêu cầu truyền động chính xác, không trượt, nên chọn bộ truyền nào?",Bộ truyền đai dẹt,Bộ truyền ma sát côn,Bộ truyền bánh răng trụ,Nối đàn hồi,public_test_fix,1
Ưu điểm nổi bật của Toyota Raize trong phân khúc SUV cỡ nhỏ là gì?,"Thiết kế trẻ trung, nhiều màu sắc, tiện nghi hiện đại, an toàn đầy đủ",Giá bán rẻ nhất phân khúc nhưng ít trang bị,Chỉ chú trọng vào ngoại thất,Cả 3 đáp án trên,public_test_fix,1
Nguồn điện AC mà RCE hỗ trợ nằm trong dải nào?,50–150 VAC,100–265 VAC,200–400 VAC,5–24 VAC,public_test_fix,1
Phím tắt nào dùng để mở tập tin trong PowerPoint?,Ctrl + O,Ctrl + M,Ctrl + N,Ctrl + P,public_test_fix,1
Tỉnh nào sau đây có số lượng nhà máy thủy điện công suất vừa và nhỏ nhiều nhất trong vùng TDMNPB?,Hà Giang,Sơn La,Lào Cai,Lai Châu,public_test_fix,1
Mục đích chính của Ghi nhớ kỹ thuật này là gì?,Phân tích chi tiết chất lượng nguồn nước thô từ kênh Phước Hòa – Dầu Tiếng,So sánh hiệu quả hoạt động của công ty BIWASE với các công ty cấp nước khác,Cung cấp hướng dẫn kỹ thuật chi tiết cho việc xây dựng Nhà máy xử lý nước Bắc Bình Dương,Tạo thuận lợi cho việc hình thành dự án sử dụng vốn vay Nhật Bản và thực hiện phần đầu tư công của dự án cấp nước tại tỉnh Bình Dương,public_test_fix,1
"Khi lựa chọn sản phẩm để lập sơ đồ chuỗi giá trị, doanh nghiệp nên ưu tiên loại nào?",Sản phẩm có sản lượng và doanh thu cao nhất hoặc tiềm năng dài hạn,Sản phẩm mới thử nghiệm,Sản phẩm có ít công đoạn,Sản phẩm dễ sản xuất nhất,public_test_fix,1
"Chức năng quản lý website trong Web2S_V23.10 cho phép người dùng thực hiện những thao tác nào, và công cụ quản lý tài chính trong hệ thống hỗ trợ ra sao?","Quản lý website cho phép đổi tên miền chính, cài SSL, nhân bản website & quản lý tài chính cho phép thống kê phiếu thu, phiếu chi và báo cáo tài chính.",Quản lý website chỉ cho phép đổi mật khẩu đăng nhậpc& quản lý tài chính chỉ hỗ trợ nạp tiền và rút tiề,Quản lý website chủ yếu để xem thông tin khách hàng & quản lý tài chính chỉ dùng để gia hạn dịch vụ,Quản lý website cho phép chỉnh sửa code trực tiếp & quản lý tài chính hỗ trợ lưu trữ file media và plugin.,public_test_fix,1
"Để xóa một Slide, người dùng có thể thực hiện thao tác nào sau đây?",Vào Tab Insert > Delete Slide,Chuột phải vào Slide chọn Delete Slide hoặc nhấn phím Delete,Nhấn F5,Dùng Ctrl + Alt + Del,public_test_fix,1
Kích thước a trong ký hiệu mối hàn thường chỉ gì?,Chiều rộng mối hàn,Chiều dài đoạn hàn,Chiều cao tính toán của mối hàn,Số đoạn hàn,public_test_fix,1
Mục đích chính của việc quy định dung sai cho kích thước và hình dạng trong kết cấu thép là gì?,Để giảm chi phí sản xuất,Để thuận tiện cho việc vận chuyển,Để đảm bảo kết cấu đạt yêu cầu thiết kế và an toàn sử dụng,Để dễ dàng lắp ráp ngoài hiện trường,public_test_fix,1
"Những linh kiện nào có thể lưu trữ nănLinh kiện nào có chức năng khuếch đại tín hiệu và có hai loại chính là BJT và FET, đồng thời được xem như nền tảng của mạch logic hiện đại?g lượng?",Tụ điện,Cuộn cảm,Cả A và B,Transistor,public_test_fix,1
Loại then nào thường dùng trong mối ghép tháo lắp?,Then chốt côn,"Then bằng, then bán nguyệt, then vát",Then hàn,Then tán,public_test_fix,1
Những thí nghiệm nào cần thực hiện đối với cuộn dây máy biến áp trong bảo trì định kỳ,Kiểm tra ngoại quan,Thí nghiệm dầu cách điện,Đo điện trở cách điện,Đo tỷ số biến áp,public_test_fix,2
"Nếu một doanh nghiệp thường xuyên làm việc ngoài văn phòng nhưng cần truy cập tài liệu chung, Cloud Service Hub mang lại lợi ích nào quan trọng nhất?",Không cần mạng internet,Hỗ trợ đăng nhập một lần để truy cập nhiều dịch vụ,Chỉ cần dùng thiết bị di động,Không cần tài khoản người dùng,public_test_fix,1
Tại sao 5S được xem là nền tảng của quản lý trực quan trong doanh nghiệp?,Vì 5S yêu cầu ghi chép báo cáo,"Vì 5S tạo môi trường rõ ràng, dễ quan sát và kiểm soát",Vì 5S tập trung vào nhân sự,Vì 5S thay thế toàn bộ quy trình quản lý,public_test_fix,1
"Nếu tồn kho bán thành phẩm quá lớn, giải pháp Lean đề xuất từ VSM là gì?",Tăng số lượng công nhân,Mở rộng kho chứa,Tăng số ca sản xuất,Giảm tồn kho bán thành phẩm,public_test_fix,1
"Theo báo cáo, lý do chính khiến tỷ lệ các unigene không được chú giải chức năng tương đối cao là gì?",Chất lượng RNA ban đầu không đủ tốt để giải trình tự.,Quá trình lắp ráp de novo bằng phần mềm Trinity gặp nhiều lỗi kỹ thuật.,Các unigene có kích thước quá ngắn để so sánh tương đồng.,Do hạn chế về số lượng gen tham chiếu của các loài thuộc chi Panax trên các cơ sở dữ liệu.,public_test_fix,1
"Tại sao cần sử dụng phân tích Pareto khi chọn dòng sản phẩm, và kết quả mang lại là gì?",Vì Pareto dễ tính toán; kết quả là tăng số ca sản xuất,Vì Pareto giúp chia nhỏ nhiệm vụ; kết quả là biểu đồ chi tiết hơn,Vì Pareto giúp nhận diện nhóm sản phẩm mang lại giá trị cao nhất; kết quả là tập trung tối ưu hóa nhóm đó,Vì Pareto giúp giảm số lao động; kết quả là tiết kiệm nhân công,public_test_fix,1
"Vì sao cần phân loại lỗ hổng ATTT theo các mức độ (nghiêm trọng, cao, trung bình, thấp) trong quy trình quản lý?","Vì việc phân loại giúp ưu tiên xử lý theo mức độ rủi ro, từ đó sử dụng hợp lý nguồn lực và giảm thiểu tác động đến hệ thống.","Vì chỉ lỗ hổng nghiêm trọng mới cần xử lý, các mức khác không cần quan tâm","Vì việc phân loại nhằm mục đích báo cáo thống kê cho ban lãnh đạo, không liên quan đến xử lý thực tế.",Vì phân loại giúp giảm số lượng ticket phải mở trên hệ thống ITSM.,public_test_fix,1
"Trong hồ sơ dự thầu, yêu cầu về tiến độ thi công cần đảm bảo những tiêu chuẩn nào, và yêu cầu về an toàn lao động – phòng cháy chữa cháy cần được đáp ứng ra sao?","Tiến độ thi công phải dưới 120 ngày, có biểu đồ huy động nhân lực, thiết bị; an toàn lao động và PCCC cần có biện pháp hợp lý, khả thi, phù hợp biện pháp tổ chức thi công",Tiến độ thi công chỉ cần phù hợp với điều kiện thời tiết; an toàn lao động và PCCC không bắt buộc nếu có biện pháp thay thế.,"Tiến độ thi công phải dưới 200 ngày, không cần biểu đồ nhân lực; an toàn lao động chỉ cần có cam kết bằng văn bản","Tiến độ thi công không giới hạn thời gian, chỉ cần có biện pháp bù tiến độ; an toàn lao động và PCCC do chủ đầu tư chịu trách nhiệm chính",public_test_fix,1
"Trong giải pháp ảo hóa hạ tầng CNTT, mục tiêu loại bỏ những hạn chế nào, và phần mềm nào đóng vai trò trung tâm trong việc quản lý toàn bộ hệ thống ảo hóa?","Loại bỏ thời gian chết khi bảo trì, giảm chi phí điện và làm mát; phần mềm trung tâm là vCenter Server.","Loại bỏ nhu cầu cập nhật hệ điều hành, giảm dung lượng ổ cứng; phần mềm trung tâm là Microsoft SQL Server.","Loại bỏ yêu cầu bảo mật, giảm chi phí mua phần mềm bản quyền; phần mềm trung tâm là Oracle Database.","Loại bỏ quá trình sao lưu dữ liệu, giảm số lượng nhân sự quản trị; phần mềm trung tâm là Windows Server 2008 R2.",public_test_fix,1
"Máy X-quang di động DR có trữ lượng nhiệt của anode là bao nhiêu, và máy X-quang DR 2 tấm cảm biến có trữ lượng nhiệt anode là bao nhiêu?",107 kHU và 200 kHU,107 kHU và 250 kHU,107 kHU và 300 kHU,125 kHU và 400 kHU,public_test_fix,1
"Theo hồ sơ mời thầu, có bao nhiêu nội dung yêu cầu cơ bản mà nhà thầu phải thuyết minh trong phần đề xuất kỹ thuật?",5 nội dung,6 nội dung,7 nội dung,8 nội dung,public_test_fix,1
"Trong quy trình bảo dưỡng hệ thống mạng, công việc nào cần thực hiện theo chu kỳ 6 tháng, và thiết bị nào yêu cầu kiểm tra trạng thái active/standby qua card RP khi switchover?",Audit hệ thống mạng lõi và switchover cặp thiết bị dự phòng; thiết bị NCS560 của Cisco.,Kiểm tra vệ sinh quạt làm mát và thay thế bộ lọc khí; thiết bị Juniper RE.,Rà soát logfile cũ và cập nhật thời gian hệ thống; thiết bị ASR9K của Cisco.,Switchover cặp node mạng toàn bộ; thiết bị N9K của Cisco.,public_test_fix,1
Có bao nhiêu nhóm chỉ tiêu cấp điện chính được quy định,5 nhóm,6 nhóm,7 nhóm,9 nhóm,public_test_fix,1
Tên gọi “5S” bắt nguồn từ đâu?,5 chữ cái đầu trong tiếng Anh,5 chữ cái đầu trong tiếng Nhật,5 nguyên tắc quản trị ISO,5 công đoạn sản xuất,public_test_fix,1
"Theo Bảng 4.14 về chiến lược cạnh tranh khác biệt hóa, năng lực nào được các doanh nghiệp đánh giá với điểm trung bình (Mean) cao nhất?",Năng lực đổi mới sáng tạo về sản phẩm,Năng lực quản trị quan hệ khách hàng của DN,Năng lực nhân sự của DN,Năng lực truyền thông marketing sản phẩm của DN,public_test_fix,1
Động cơ Toyota Raize 2024 có dung tích bao nhiêu cc?,998 cc,1496 cc,1200 cc,1000 cc,public_test_fix,1
Những dịch vụ đám mây nào dưới đây được Cloud Service Hub hỗ trợ?,Dropbox,iCloud,Google Drive,Mega,public_test_fix,2
"Theo phương án 1, sai số trung phương (RMSE) của thuật toán nội suy Random Forest (RF) là bao nhiêu?",2.15e-05,3.79e-06,3.26e-05,0.0044,public_test_fix,1
"Theo Bảng 4.17, tỷ lệ phần trăm doanh nghiệp có lợi nhuận 'Giảm' và 'Ổn định' khi áp dụng chiến lược cạnh tranh 'Phản ứng' lần lượt là bao nhiêu?","19,05% và 33,33%","33,33% và 33,33%","6,67% và 26,67%","26,67% và 33,33%",public_test_fix,1
Đặc điểm chung của vật liệu dẫn điện là gì?,"Điện trở suất thấp, dễ tạo hình, ứng dụng làm dây dẫn và thiết bị điện","Điện trở suất cao, chịu nhiệt tốt, dùng chủ yếu trong cách điện",Chỉ dùng trong mạ kim loại,Luôn có giá thành rẻ hơn vật liệu cách điện,public_test_fix,1
Lợi ích nào dưới đây không được nêu là kết quả của triển khai 5S?,"Giảm lãng phí vận chuyển, tìm kiếm",Nâng cao an toàn sản xuất,Giảm chi phí hoạt động,Tăng giá bán sản phẩm,public_test_fix,1
"Trong công tác kiểm tra bằng thiết bị chuyên dụng với MCCB/ACB, những nội dung nào cần được thực hiện?",Kiểm tra vận hành đóng cắt,Đo điện trở tiếp xúc của cáp ngầm,Kiểm tra tiếp điểm và buồng dập hồ quang,Kiểm tra van áp suất dầu,public_test_fix,2
"Nếu trong quá trình sản xuất, sai lệch chiều dài chi tiết vượt quá giá trị cho phép trong Bảng 1 của tiêu chuẩn, thì biện pháp xử lý hợp lý nhất là gì?",Bỏ qua vì sai lệch nhỏ không ảnh hưởng nhiều,Ghi chú lại trong hồ sơ nghiệm thu và vẫn đưa vào lắp ráp,"Gia công, điều chỉnh lại chi tiết hoặc loại bỏ nếu không thể khắc phục",Yêu cầu thiết kế thay đổi lại bản vẽ để phù hợp sai số,public_test_fix,1
"Trong hạ tầng điện toán đám mây, cơ chế xác thực bằng dịch vụ Keystone được thiết lập ra sao, và yêu cầu về bảo vệ dữ liệu trong quá trình lưu trữ – truyền tin cần đảm bảo như thế nào?","Keystone phải được cấu hình với quyền sở hữu và quyền truy cập tệp tin đúng chuẩn, sử dụng kênh TLS để xác thực; dữ liệu phải được bảo vệ tránh mất mát, rò rỉ, thay đổi trong cả lưu trữ và truyền tin.","Keystone chỉ cần dùng tài khoản root để quản lý, không yêu cầu TLS; dữ liệu chỉ cần bảo vệ khi lưu trữ cục bộ.",Keystone có thể cấu hình tùy ý miễn sao chạy được; dữ liệu chỉ cần mã hóa khi truyền qua internet công cộng.,Keystone không cần xác thực TLS mà dùng HTTP thường; dữ liệu chỉ cần bảo vệ ở mức logic giữa các máy ảo.,public_test_fix,1
"Khi đo độ dày thép, cần làm gì với lớp sơn phủ?",Loại bỏ lớp sơn phủ,Giữ nguyên,Sơn thêm một lớp,Làm phẳng bằng dũa,public_test_fix,1
"Theo quy định, ai chịu trách nhiệm chính trong việc tạo điều kiện quản lý trang thiết bị và cử nhân viên tham gia bảo dưỡng, hiệu chuẩn?",Nhân viên vận hành thiết bị,Trưởng khoa xét nghiệm,Giám đốc bệnh viện,Nhân viên quản lý trang thiết bị,public_test_fix,1
Máy X-quang di động kỹ thuật số (DR) có công suất tối đa của tủ điều khiển phát tia là bao nhiêu?,20 kW,32 kW,40 kW,50 kW,public_test_fix,1
"Theo Bảng 1, áp suất làm việc tối đa của trụ nước chữa cháy là bao nhiêu?","1,5 MPa (15 bar)","2,0 MPa (20 bar)",1 MPa (10 bar),"0,6 MPa (6 bar) ",public_test_fix,1
"Theo cấu trúc BOT được đề xuất, việc xây dựng, vận hành và bảo dưỡng hồ điều tiết thuộc về trách nhiệm của bên nào?",Phần tư nhân,Phần công,Cả hai bên công và tư,JICA,public_test_fix,1
"Theo Bảng 2.12, rào cản chính về phía Cung và phía Cầu đối với thị trường thiết bị chuyển đổi Năng lượng tái tạo (NLTT) lần lượt là gì?",Công nghệ phức tạp và Chi phí vận hành cao,Suất đầu tư còn cao và Khả năng tài chính của hộ gia đình,Phụ thuộc vào nhập khẩu và Niềm tin của người tiêu dùng,Thiếu dịch vụ cung ứng và Thói quen tiêu dùng,public_test_fix,1
"“Sạch sẽ” (Seiso) mang ý nghĩa gì, và nó hỗ trợ thế nào cho “Săn sóc” (Seiketsu)?","Seiso: giữ nơi làm việc luôn sạch; Seiketsu: duy trì tiêu chuẩn vệ sinh; cả hai tạo môi trường an toàn, lâu dài",Seiso: loại bỏ vật dụng; Seiketsu: phân công nhiệm vụ; cả hai tối ưu hóa nhân lực,Seiso: bảo dưỡng thiết bị; Seiketsu: lưu trữ tài liệu; cả hai tăng hiệu suất văn phòng,Seiso: kiểm tra kho; Seiketsu: quản lý tài chính; cả hai nâng cao lợi nhuận,public_test_fix,1
"Vì sao trong quy hoạch cấp nước đô thị, tỷ lệ cấp nước sinh hoạt của dân số phải đạt tối thiểu 80–90% ở giai đoạn đầu và 90–100% ở giai đoạn dài hạn",Vì tỷ lệ này đảm bảo công bằng xã hội và đáp ứng các tiêu chuẩn quốc tế về quyền tiếp cận nước sạch.,Vì tỷ lệ này chỉ nhằm giảm chi phí đầu tư ban đầu.,Vì tỷ lệ này để dễ dàng tính toán cho các công trình xử lý nước.,Vì tỷ lệ này quy định để tăng doanh thu cho các công ty cấp nước.,public_test_fix,1
"Nếu một quá trình có biểu đồ phân bố dạng dẹt, bạn suy ra điều gì?",Quá trình ổn định cao,"Độ biến thiên lớn, thiếu kiểm soát",Có sự sai lệch ngẫu nhiên nhỏ,Tốt hơn dạng chuông,public_test_fix,1
"Nếu thông tin thu thập khi khảo sát sơ đồ dòng hiện trạng không đầy đủ, hậu quả là gì?",Không nhận diện đúng bản chất và quy luật của vấn đề,Doanh nghiệp sản xuất nhanh hơn,Biểu đồ tự động sửa lỗi,Tăng độ chính xác số liệu,public_test_fix,1
"Trong PowerPoint, phím tắt nào giúp mở tập tin đã lưu và thao tác nào dùng để xóa nhanh một Slide đang chọn?",Ctrl + M và nhấn Insert,Ctrl + S và nhấn Backspace,Ctrl + O và nhấn Delete,Ctrl + P và nhấn Esc,public_test_fix,1
Đâu là một trong những kết luận chính khi so sánh hiệu quả kinh doanh giữa các doanh nghiệp áp dụng chiến lược cạnh tranh (CLCT) chủ động và CLCT phản ứng?,CLCT phản ứng giúp tăng lợi nhuận tốt hơn CLCT chủ động,Cả hai cách thức đều mang lại hiệu quả kinh doanh tổng thể tương đương nhau.,Chủ động triển khai CLCT giúp doanh nghiệp tăng doanh thu và lợi nhuận tốt hơn so với cách thức phản ứng.,Không có sự khác biệt rõ rệt về chỉ số ROA và ROE giữa hai cách thức.,public_test_fix,1
"Theo Bảng 3.8 tài liệu Public_595, nhiệt độ nào cho hiệu suất lên men vang dứa cao nhất?",20°C,24°C,28°C,32°C,public_test_fix,1
"Tổng số nhà máy thủy điện (bao gồm cả công suất lớn, vừa và nhỏ) đang hoạt động tại vùng Trung du miền núi phía Bắc là bao nhiêu?",41,158,168,330,public_test_fix,1
Kể tên ba loại bộ truyền ma sát phổ biến và công dụng chính của chúng?,"Bánh ma sát trụ, bánh ma sát côn, bộ truyền đai dẹt – dùng để truyền công suất giữa các trục","Bánh ma sát côn, bộ truyền xích, tay quay – dùng để tạo dao động","Bánh ma sát trụ, thanh răng, vít truyền – dùng để biến đổi năng lượng nhiệt","Bộ truyền đai dẹt, ổ chặn, nối bản lề – dùng để giảm tải trọng",public_test_fix,1
"Trong các loại nối trục, nối nào cho phép hấp thụ dao động và giảm chấn động?",Nối cứng,Nối cứng an toàn,Nối đàn hồi,Nối bản lề,public_test_fix,1
Tóm tắt các thành phần có thể chèn vào Slide và cách tùy chỉnh giao diện/hiệu ứng trình chiếu.,Chỉ chèn được văn bản,Chỉ chèn được hình ảnh và video,"Có thể chèn văn bản, hình ảnh, âm thanh, video nhưng không đổi nền","Có thể chèn văn bản, hình, video, âm thanh; thay đổi màu nền, Template; tạo hiệu ứng chữ, hình, chuyển Slide",public_test_fix,1
Mối hàn đối đầu vát chữ V đơn khác gì so với mối hàn đối đầu vuông?,"Có rãnh vát mép, dễ thâm nhập mối hàn hơn","Dễ thực hiện hơn, không cần vát mép",Chỉ dùng cho vật liệu nhôm,Không dùng để truyền lực,public_test_fix,1
"Để hỗ trợ TLS tự ký, giải pháp cần cung cấp những tính năng nào?",Cho phép tạo chứng thư điện tử tự ký (Self-signed) TLS,Cho phép chứng thư điện tử được CA tin cậy cấp,Bắt buộc tất cả chứng thư đều do CA quốc tế cấp,Chỉ cho phép chứng thư gán cho tài khoản root,public_test_fix,2
"Chức năng đăng nhập một lần (Single Sign-On) trong Cloud Service Hub mang lại lợi ích chính nào, và tính năng OCR (Nhận diện ký tự quang học) trong Cloud Service Hub hỗ trợ người dùng như thế nào?","Single Sign-On cho phép truy cập nhiều dịch vụ đám mây bằng một lần đăng nhập, và OCR giúp chuyển hình ảnh/tài liệu quét thành văn bản có thể tìm kiếm.","Single Sign-On giúp giảm dung lượng tệp tin, và OCR có chức năng tự động dịch văn bản sang nhiều ngôn ngữ.","Single Sign-On hỗ trợ tăng tốc độ in, và OCR giúp nén tệp PDF để tiết kiệm dung lượng.","Single Sign-On cho phép in trực tiếp từ điện thoại, và OCR hỗ trợ gửi tài liệu đến email của người dùng.",public_test_fix,1
"Nếu vẽ sai quy ước (ví dụ dùng nét đậm cho đường đáy răng), hậu quả có thể là gì?",Bản vẽ đẹp mắt hơn,Không ảnh hưởng gì,"Dễ gây hiểu nhầm khi chế tạo, lắp ráp",Tiết kiệm thời gian vẽ,public_test_fix,1
"Trong tài liệu Public_478, phương pháp thiết kế nào cho phép điều chỉnh tham số β để cân bằng độ gợn râu và độ dốc?",Window Hamming,Window Kaiser,Parks–McClellan,Butterworth,public_test_fix,1
Sơ đồ chuỗi giá trị (Value Stream Mapping - VSM) có mục đích chính là gì?,Xác định hoạt động tạo giá trị và không tạo giá trị để cải tiến,Chỉ đo lường thời gian sản xuất,Tính toán chi phí nguyên vật liệu,Lập kế hoạch marketing,public_test_fix,1
"Dựa vào Bảng 2.8, có tổng cộng bao nhiêu chuyên gia được khảo sát có thâm niên hoạt động từ 20 năm trở lên?",80,45,23,68,public_test_fix,1
"Theo Bảng 1, đường kính trong của họng lớn và họng nhỏ trên trụ nổi lần lượt là bao nhiêu?", 125 mm và 69 mm,110 mm và 69 mm,350 mm và 270 mm,110 mm và 125 mm,public_test_fix,1
"Theo yêu cầu vận hành, tình trạng kỹ thuật của trụ nước phải được kiểm tra với tần suất như thế nào?", Ít nhất một lần mỗi năm," Ít nhất hai lần trong năm, khoảng cách giữa hai lần không quá 6 tháng.",Sau mỗi lần được sử dụng để chữa cháy.,Chỉ khi có yêu cầu từ cơ quan có thẩm quyền,public_test_fix,1
"Theo bảng ""Các nhóm nhiệm vụ ưu tiên thực hiện"", thời gian thực hiện và tổng vốn đầu tư dự kiến cho nhiệm vụ ""Xây dựng Trung tâm điều hành thành phố thông minh"" lần lượt là bao nhiêu?","2019-2022 và 18,00 tỷ đồng","2019-2020 và 15,00 tỷ đồng","2019-2021 và 35,00 tỷ đồng","2020-2022 và 10,00 tỷ đồng",public_test_fix,1
Bảng trong Public 507 cung cấp những thông tin gì?,"Điện trở suất, hệ số nhiệt, nhiệt độ nóng chảy, ứng dụng",Chỉ có công suất truyền tải và độ bền cơ học,Độ cứng và khối lượng riêng,Độ dẫn nhiệt và hệ số giãn nở nhiệt,public_test_fix,1
"Nội dung chính của phần ""Thực nghiệm"" trong tài liệu Public_576 là gì?","Giới thiệu chi tiết về lý thuyết và công thức toán học của các thuật toán Hồi quy tuyến tính (LR), Random Forest (RF) và K-lân cận gần nhất (KNN)",Trình bày bảng tọa độ và độ cao chi tiết của 7 điểm hạng III và 74 điểm hạng IV được sử dụng làm dữ liệu đầu vào cho mô hình,"Sử dụng bộ dữ liệu đo cao GPS và thủy chuẩn để so sánh độ chính xác của ba thuật toán nội suy (KNN, LR, RF) thông qua các phương án thực nghiệm khác nhau",Phân tích ưu và nhược điểm của việc sử dụng phương pháp đo cao bằng GPS so với phương pháp đo thủy chuẩn truyền thống.,public_test_fix,1
"Trong bảo dưỡng thiết bị theo quý, kỹ thuật viên cần thực hiện những công việc nào?",Rà soát và xóa logfile cũ,Cập nhật thời gian hệ thống,Thay thế card SUP,Lắp đặt thiết bị mới,public_test_fix,2
Cloud Service Hub hỗ trợ chức năng quét với độ phân giải tối đa là bao nhiêu dpi?,200 dpi,300 dpi,400 dpi,600 dpi,public_test_fix,1
Cáp quang được cấu tạo từ vật liệu nào để truyền tín hiệu ánh sáng?,Kim loại và nhựa tổng hợp,Sợi thủy tinh hoặc plastic tinh chế,Dây đồng mạ kẽm,Nhôm và thép không gỉ,public_test_fix,1
Tổn thất áp lực dọc đường ở một đoạn ống dài $L$ (m) được nêu gần đúng bởi công thức nào?,"$\Delta P = \dfrac{A\,Q}{100}\,L$","$\Delta P = \dfrac{Q^{2}\,L}{100\,K_T}$","$\Delta P = \dfrac{A\,Q^{2}}{L}$","$\Delta P = K_T\,Q\,L$",public_test_fix,1
Điểm khác biệt quan trọng giữa sơ đồ chuỗi giá trị và sơ đồ quy trình chi tiết là gì?,VSM đi sâu vào từng thao tác nhỏ,VSM tập trung vào quản lý kho,VSM chỉ quan tâm đến dữ liệu tài chính,VSM tập trung vào dòng vật chất và thông tin thay vì chi tiết từng nhiệm vụ,public_test_fix,1
Tổng chi phí cơ bản cho dịch vụ kỹ thuật ở giai đoạn giám sát xây dựng (tính bằng JPY) là bao nhiêu?,"655,773,666 JPY","452,232,672 JPY","1,108,006,338 JPY","498,140,000 JPY",public_test_fix,1
"Vì sao trong quy trình lại phân chia thành nhiều tầng (Tier 1, Tier 2, Tier 3) thay vì chỉ có một bộ phận xử lý sự cố ATTT?","Vì phân tầng giúp chia nhỏ khối lượng công việc, đảm bảo sự cố được xử lý theo mức độ phức tạp và năng lực chuyên môn.","Vì chỉ Tier 1 có quyền quản lý ticket, còn các tầng khác chỉ hỗ trợ.","Vì SOC Manager chỉ muốn theo dõi, không trực tiếp xử lý sự cố","Vì việc phân tầng chỉ nhằm mục đích tăng tính hình thức, không ảnh hưởng đến hiệu quả xử lý.",public_test_fix,1
Công nghệ ảo hóa trong hệ thống được đề xuất sử dụng trong tài liệu Public_609 là gì?,Hyper-V,Vmware,Proxmox,XenServer,public_test_fix,1
"Để xác định sơ đồ dòng hiện trạng, doanh nghiệp cần thực hiện những bước nào và thu thập thông tin gì?","Khảo sát tổng thể nhà máy; thu thập thông tin về công việc, bộ phận, thời gian ca, lịch bảo trì",Chỉ hỏi lãnh đạo cấp cao; thu thập dữ liệu tài chính,Phỏng vấn khách hàng; ghi nhận doanh thu,Đo lường tự động; thu thập dữ liệu bán hàng,public_test_fix,1
"Theo kết quả khảo sát các chuyên gia trong tài liệu, đâu là những rào cản chính từ cả phía Cung và phía Cầu đối với việc phát triển thị trường thiết bị chuyển đổi năng lượng tái tạo tại vùng Trung du miền núi phía Bắc?", Phụ thuộc vào việc nhập khẩu thiết bị và thiếu các dịch vụ cung ứng đồng bộ trên thị trường,Tiềm năng năng lượng gió thấp và thiếu các chính sách đồng bộ của nhà nước về quy hoạch,Phía Cung gặp khó khăn do suất đầu tư cao và công nghệ phức tạp; Phía Cầu bị hạn chế bởi khả năng tài chính của người dân và niềm tin của người tiêu dùng,Người dân thiếu kiến thức vận hành thiết bị và chi phí vận hành sau khi đầu tư còn khá cao,public_test_fix,1
"Dựa vào Bảng 4.16, hãy tính tổng số lượng doanh nghiệp có tốc độ tăng trưởng doanh thu ở mức 'Ổn định' hoặc 'Tăng' trên cả hai nhóm áp dụng chiến lược (chủ động và phản ứng).",51,60,76,81,public_test_fix,1
Đồng thau và thiếc có đặc điểm và ứng dụng gì nổi bật?,"Đồng thau dùng cho lá tiếp xúc, thiếc dùng làm chất hàn","Đồng thau chịu được nhiệt cao, thiếc chủ yếu làm dây dẫn",Cả hai đều được dùng để chế tạo cầu chì,Cả hai đều có điện trở suất nhỏ hơn đồng đỏ,public_test_fix,1
Tiêu chuẩn TCXDVN 170:2007 áp dụng cho loại thép nào?,Thép các bon và thép hợp kim thấp có giới hạn chảy 225–435 N/mm²,Thép không gỉ có giới hạn chảy trên 500 N/mm²,Thép hợp kim đặc biệt dùng trong thiết bị nâng chuyển,Thép tấm cán nguội dùng cho đường sắt,public_test_fix,1
"Khi nào cần dùng mối ghép then hoa, và có những dạng răng nào thường gặp?",Khi truyền tải nhỏ; răng hình thang,Khi lắp tạm thời; răng cong,"Khi truyền mômen lớn; răng chữ nhật, thân khai, tam giác",Khi chỉ cần định vị; răng vát xiên,public_test_fix,1
Tại sao khi lắp ráp nên chia nhỏ thành các cụm lắp con?,Giúp dễ quản lý và tiết kiệm thời gian xử lý,Giảm số chi tiết cơ khí,Đảm bảo độ chính xác tuyệt đối,Tránh cần ràng buộc,public_test_fix,1
"Khi vẽ sơ đồ chuỗi giá trị, cần xác định những dòng thông tin nào từ khách hàng và nhà cung ứng?","Thông tin đơn hàng, số lượng, cam kết giao hàng; nhu cầu vật tư và khả năng đáp ứng",Thông tin marketing và giá bán,Chỉ thông tin kho thành phẩm,Chỉ số nhân công và chi phí vận hành,public_test_fix,1
"Dựa vào tài liệu Public_586, chi phí xây dựng đập chắn bằng tường bê tông cao hơn bao nhiêu so với phương án xây bằng đá hộc có độ dốc?","5,5 triệu USD","14,0 triệu USD","8,5 triệu USD","19,5 triệu USD",public_test_fix,1
"Trong tài liệu Public_632, có tổng cộng bao nhiêu loại thiết bị được mô tả chi tiết kèm yêu cầu kỹ thuật?",2,3,4,5,public_test_fix,1
"Nếu trên bản vẽ không ghi rõ chiều dài đoạn hàn trong mối hàn ngắt quãng, hậu quả là gì?",Không ảnh hưởng,Người gia công khó xác định và có thể hàn sai quy cách,Mối hàn luôn bền hơn,Tự động lấy chiều dài chuẩn,public_test_fix,1
"Theo Bảng 3.9 tài liệu Public_595, hàm lượng rượu và đường sót ở môi trường lên men có pH ban đầu là 4 lần lượt là bao nhiêu?","11,03% V/V và 5,57 g/l","10,08% V/V và 5,03 g/l","11,16% V/V và 4,48 g/l","11,01% V/V và 4,64 g/l",public_test_fix,1
"Theo Bảng 3.1, chỉ số độ sạch (A260/A280) của mẫu RNA C4.1 là bao nhiêu?","1,96"," 
2,08"," 
2,11"," 
1,90",public_test_fix,1
Nội dung chính của Giai đoạn I trong Kế hoạch triển khai dự án cấp nước tỉnh Bình Dương là gì?,Chỉ bao gồm xây dựng công trình và dịch vụ kỹ thuật.,Chỉ bao gồm phần chuẩn bị của chủ dự án và thu hồi đất.,"Bao gồm Xây dựng công trình, Dịch vụ Kỹ thuật, và Phần chuẩn bị của chủ dự án.","Bao gồm Vận hành, bảo dưỡng và giám sát xây dựng.",public_test_fix,1
"Dựa vào Bảng 3.1, hãy tính năng lượng liên kết trung bình của dẫn xuất VK3-1 trên cả 6 mục tiêu gắn kết được liệt kê.",-7.26 kcal.mol-1,-6.33 kcal.mol-1,-5.88 kcal.mol-1,-6.58 kcal.mol-1,public_test_fix,1
"Theo tài liệu, đơn vị nào chủ trì nhiệm vụ ""Xây dựng Trung tâm điều hành thành phố thông minh""?", Văn phòng Ủy ban nhân dân tỉnh,Sở Giáo dục và Đào tạo,Sở Thông tin và Truyền thông,Các doanh nghiệp viễn thông ,public_test_fix,1
"Hình dạng 'chuông' của biểu đồ phân bố phản ánh điều gì, và ý nghĩa quản lý là gì?","Quá trình ổn định, phân bố chuẩn",Dữ liệu bị pha trộn,Có giá trị bất thường,Độ rộng nhóm không phù hợp,public_test_fix,1
"Theo điều kiện số lượng đầu phun tối thiểu $n \ge \dfrac{S}{\Omega}$ với $\Omega = L^2$. Nếu diện tích cần bảo vệ $S=180\,\mathrm{m^2}$ và khoảng cách giữa các đầu phun $L=3\,\mathrm{m}$, hãy chọn $n$ nhỏ nhất thỏa mãn.",20,18,22,15,public_test_fix,1
"chỉ tiêu cấp điện cho trường học phổ thông có điều hòa nhiệt độ là bao nhiêu, và chỉ tiêu cho nhà trẻ/mẫu giáo không có điều hòa là bao nhiêu?","0,1 kW/HS và 0,15 kW/cháu","0,15 kW/HS và 0,2 kW/cháu","0,2 kW/HS và 0,1 kW/cháu","0,25 kW/HS và 0,3 kW/cháu",public_test_fix,1
"Trong chức năng Website, người dùng có thể thực hiện những thao tác nào sau đây",Đổi mật khẩu tài khoản đăng nhập website,Xem lịch sử IP đăng nhập tài khoản,Nhân bản website,Quản lý phiếu chi,public_test_fix,2
"Nếu biểu đồ phân bố có dạng 2 đỉnh, điều này cho thấy gì và cần làm gì?",Quá trình rất ổn định,Dữ liệu bị cắt cụt,Do công cụ đo sai,Hai phân bố khác nhau bị trộn lẫn,public_test_fix,1
Nguồn pin 9V của đầu báo WSD-1 có thể sử dụng liên tục tối đa bao lâu?,36 tháng,24 tháng,12 tháng,48 tháng,public_test_fix,1
"Trong tiêu chí an toàn thông tin cho hạ tầng điện toán đám mây, có bao nhiêu tính năng cơ bản được liệt kê trong phần “Yêu cầu cơ bản về tính năng an toàn thông tin”?",10,12,14,15,public_test_fix,1
"Dựa vào Bảng 1, chiều cao của trụ nổi chênh lệch so với trụ ngầm là bao nhiêu?",530 mm,970 mm,1500 mm,2470 mm,public_test_fix,1
Bộ truyền xích khác bộ truyền đai ở điểm nào?,Đều dùng ma sát để truyền động,Đai và xích đều không ăn khớp,"Xích dễ trượt, đai không trượt","Xích truyền động bằng ăn khớp, đai truyền động bằng ma sát",public_test_fix,1
Có bao nhiêu chức năng trong hệ thống WEB2S_V23.10,5 chức năng,6 chức năng,7 chức năng,8 chức năng,public_test_fix,1
"Nếu tham số insecure trong cấu hình dịch vụ (ví dụ: keystone_authtoken) được đặt giá trị True, điều đó có thể dẫn đến rủi ro gì?",Hệ thống vẫn đảm bảo an toàn tuyệt đối,"Các kết nối TLS có thể bị bỏ qua, làm giảm tính bảo mật",Máy ảo sẽ không thể tách biệt logic,Người dùng không thể thay đổi mật khẩu,public_test_fix,1
Tại sao không nên chia nhỏ hoạt động thành nhiều nhiệm vụ nhỏ khi vẽ sơ đồ chuỗi giá trị?,Vì sẽ giúp biểu đồ dễ đọc,Vì sẽ làm biểu đồ phức tạp và không đạt mục đích mô tả dòng chảy,Vì dễ bỏ sót công việc,Vì giảm số công đoạn hiển thị,public_test_fix,1
"Ràng buộc Mate định nghĩa mối quan hệ nào giữa hai bề mặt, và trong trường hợp nào nên dùng Flush thay vì Mate?",Mate: làm cho hai bề mặt/đường tiếp xúc (đối diện hoặc chồng lên nhau); dùng Flush khi cần hai bề mặt song song hoặc cùng hướng.,Mate: tạo khoảng cách cố định giữa hai trục; Flush: dùng để tạo tâm lỗ.,Mate: áp dụng cho ren và rãnh; Flush: áp dụng cho lỗ tròn.,Mate: ràng buộc tiếp tuyến giữa hai đường cong; Flush: giữ khoảng cách không đổi giữa hai mặt.,public_test_fix,1
Vì sao ký hiệu hóa mối hàn lại quan trọng trong thiết kế cơ khí?,"Giúp tiêu chuẩn hóa, truyền đạt rõ ràng yêu cầu kỹ thuật, tránh sai sót khi chế tạo",Giúp bản vẽ đẹp hơn,Giảm số ký hiệu trên bản vẽ,Thay thế cho kiểm tra chất lượng,public_test_fix,1
Mỗi tổ hợp không dây FSMBL-001 quản lý tối đa bao nhiêu đầu báo khói WSD-1?,10,30,50,300,public_test_fix,1
"Trong quy ước vẽ then hoa, nét liền đậm và nét liền mảnh dùng để thể hiện gì?",Liền đậm: đường tâm; Liền mảnh: đường đối xứng,Liền đậm: đường kích thước; Liền mảnh: đường ghi chú,Liền đậm: đường mặt đáy; Liền mảnh: đường chân ren,Liền đậm: mặt đỉnh răng; Liền mảnh: mặt đáy răng và đường tròn cơ bản,public_test_fix,1
Linh kiện nào có chức năng hạn chế dòng điện chạy qua mạch?,Điện trở,Tụ điện,Transistor,Diode,public_test_fix,1
Công cụ nào được dùng để chèn một chi tiết có sẵn vào môi trường lắp ráp?,Assemble → Create,Assemble → Place,Assemble → Pattern,Assemble → Mirror,public_test_fix,1
"Dựa vào bảng ""Các nhóm nhiệm vụ ưu tiên thực hiện"", tổng nguồn vốn từ ""Doanh nghiệp, Xã hội hóa"" cho các nhiệm vụ thuộc nhóm ""Giáo dục thông minh"" được liệt kê trong tài liệu là bao nhiêu?","14,00 tỷ đồng","5,00 tỷ đồng","20,50 tỷ đồng","30,10 tỷ đồng",public_test_fix,1
"Nếu muốn trình chiếu lặp lại liên tục từ đầu đến khi nhấn Esc, bạn cần chọn tùy chọn nào trong hộp thoại “Setup Slide Show”?",Show without animation,Loop continuously until 'Esc',"Using timings, if present",Browsed by an individual (window),public_test_fix,1
Tóm tắt các loại linh kiện điện tử phổ biến và vai trò của chúng trong cuộc sống.,"Điện trở, tụ điện, cuộn cảm, transistor, diode, IC… giúp kiểm soát dòng điện và duy trì hoạt động của thiết bị điện tử",Chỉ gồm linh kiện thụ động,Chỉ gồm linh kiện chủ động,Chỉ gồm linh kiện cơ điện,public_test_fix,1
Doanh nghiệp nên dùng công cụ nào khác khi muốn phân tích chi tiết để tối ưu hóa từng công đoạn thay vì chỉ mô tả dòng chảy tổng thể?,VSM,Sơ đồ tổ chức,"Các công cụ cải tiến chuyên sâu khác (ví dụ Kaizen, Six Sigma)",Biểu đồ cột,public_test_fix,1
"Nếu một mạch điện cần chỉnh lưu dòng AC thành DC, linh kiện nào được lựa chọn?",Điện trở,Diode,Tụ điện,Transistor,public_test_fix,1
"Trong khu vực bảo vệ nguồn nước, bán kính bảo vệ tối thiểu của giếng khoan nước ngầm là bao nhiêu mét, và nội dung nào bị cấm trong khu vực này?","25m; cấm xây dựng, đào hố phân, đổ rác, chăn nuôi","100m; cấm xây dựng, chăn nuôi, trồng cây ăn quả","200m; cấm xây dựng, tắm giặt, xả nước thải","300m; cấm xây dựng, trồng rau màu, khai thác cát",public_test_fix,1
"Trong quy trình xử lý sự cố an toàn thông tin, nhiệm vụ chính của Tier 1 là gì, và công cụ nào được sử dụng để quản lý ticket sự cố?","Tier 1 tiếp nhận, xác minh cảnh báo ban đầu; công cụ sử dụng là SOAR.",Tier 1 trực tiếp khắc phục sự cố nghiêm trọng; công cụ sử dụng là SIEM.,Tier 1 chỉ tham gia khi Tier 2 yêu cầu hỗ trợ; công cụ sử dụng là Email nội bộ.,Tier 1 quản lý kế hoạch ứng cứu tổng thể; công cụ sử dụng là Excel.,public_test_fix,1
"Trong 5 giai đoạn của VSM, giai đoạn nào liên quan đến việc xây dựng sơ đồ hiện tại và giai đoạn nào tập trung vào nhận diện cơ hội cải tiến?",Giai đoạn I và V,Giai đoạn I và II,Giai đoạn II và III,Giai đoạn III và IV,public_test_fix,1
"Trong tiêu chuẩn về bảo hành và việc đáp ứng bảo hành theo yêu cầu, nhà thầu được đánh giá là Đạt khi đáp ứng những điều kiện nào dưới đây?","Thời gian bảo hành ≥ 12 tháng, riêng hệ thống đèn Led ≥ 5 năm, có thuyết minh phương án bảo hành phù hợp","Thời gian bảo hành < 12 tháng, hệ thống đèn Led ≤ 5 năm.",Thời gian thực hiện công tác bảo hành trong vòng 24 giờ sau khi nhận thông báo.,Thời gian thực hiện công tác bảo hành chậm hơn 48 giờ sau khi nhận thông báo.,public_test_fix,2
"Nếu khách hàng cần một chiếc xe nhỏ gọn, tiết kiệm nhiên liệu (4.8L/100km ngoài đô thị) và nhiều công nghệ an toàn, Toyota Raize có phù hợp không?","Có, vì xe tiết kiệm xăng, trang bị an toàn đầy đủ, tiện nghi phong phú","Không, vì xe chỉ hợp chạy đô thị","Không, vì xe không tiết kiệm nhiên liệu","Có, vì kiểu dáng đẹp",public_test_fix,1
"Trong Lean, 'lãng phí' được định nghĩa là gì?",Hoạt động tiêu tốn nhiều nguyên liệu,Hoạt động tiêu tốn nhiều nhân công,Hoạt động không làm tăng giá trị cho sản phẩm,Hoạt động làm giảm năng suất lao động,public_test_fix,1
"Theo Bảng 2.1, tổng công suất lắp đặt của 10 nhà máy thủy điện công suất lớn (từ 100 MW trở lên) tại vùng Trung du miền núi phía Bắc (TDMNPB) là bao nhiêu?",14.310 MW,4.569 MW,7.172 MW,2.344 MW,public_test_fix,1
Diode có chức năng gì và thường được sử dụng trong ứng dụng nào?,"Cho dòng đi một chiều, tạo ánh sáng","Chỉnh lưu dòng AC, khuếch đại tín hiệu","Cho dòng đi một chiều, chỉnh lưu AC thành DC","Lưu trữ năng lượng, phát hiện tín hiệu",public_test_fix,1
"Khi ghi ký hiệu mối hàn, tại sao không cần vẽ chi tiết từng lớp vật liệu đắp?",Vì bản vẽ hàn không yêu cầu kỹ thuật,Vì không quan trọng,Vì ký hiệu tiêu chuẩn đã đủ để thể hiện thông tin cần thiết,Vì thợ hàn sẽ tự chọn,public_test_fix,1
Hãy tóm tắt các nhóm linh kiện điện tử quan trọng và vai trò của chúng trong nghề sửa chữa điện tử.,"Chỉ có điện trở, tụ điện và diode",Chủ yếu là transistor và IC,"Gồm điện trở, tụ điện, cuộn cảm, diode, transistor, IC, triac/thyristor, biến trở, LED và cảm biến; chúng có chức năng từ lưu trữ, điều khiển, khuếch đại đến phát sáng và chuyển đổi tín hiệu",Chủ yếu là cảm biến và LED,public_test_fix,1
"Để kiểm tra số bậc tự do còn lại của chi tiết trong lắp ráp, ta dùng công cụ nào?",Inspect,Constraint,Degree of Symmetry,Degrees of Freedom Indicator,public_test_fix,1
Đâu là tóm tắt đúng nhất về các điều kiện tối ưu cho quá trình lên men vang dứa Queen bằng chủng S. cerevisiae D8?,"pH=3, đường 200 g/l, oxy 5 mg/l, men giống 2%, nhiệt độ 24°C","pH=4, đường 220 g/l, oxy 7 mg/l, men giống 5%, nhiệt độ 28°C","pH=5, đường 250 g/l, oxy 9 mg/l, men giống 10%, nhiệt độ 32°C","pH=3.5, đường 170 g/l, oxy 6 mg/l, men giống 7%, nhiệt độ 36°C",public_test_fix,1
"Trong hình chiếu vuông góc trục, tại sao không cần vẽ phần vát đầu răng và khe hở của then hoa?",Vì theo quy ước để đơn giản hóa bản vẽ mà vẫn đảm bảo ý nghĩa kỹ thuật,Vì không có tác dụng cơ khí,Vì không thể hiện được trên giấy,Vì tiêu chuẩn cấm vẽ,public_test_fix,1
"Nếu một bóng đèn LED tiêu thụ công suất 10W, hoạt động liên tục trong 5 giờ, thì lượng điện năng tiêu thụ là bao nhiêu Wh?",10,25,40,50,public_test_fix,1
Tần suất bảo dưỡng thiết bị mạng theo tháng được quy định là bao nhiêu?,1 lần/tuần,1 lần/tháng,1 lần/3 tháng,2 lần/tháng,public_test_fix,1
"Hãy xác định (i) năm DSA được NIST công nhận là chuẩn chữ ký số, và (ii) tên của một thành phần trong PKI có nhiệm vụ xác minh thông tin nhận dạng của người dùng.
",Năm 1991; Registration Authority (RA) ,Năm 1977; Certificate Policy,"
Năm 1991; Validation Authority (VA) ", Năm 2001; Central Directory,public_test_fix,1
"Ký hiệu phụ trong ghi chú mối hàn cho biết thông tin gì, và nó khác ký hiệu bổ sung ở điểm nào?",Phụ: vật liệu; Bổ sung: số đoạn hàn,Phụ: đặc điểm bề mặt; Bổ sung: các đặc trưng khác của mối hàn,Phụ: đường kính que hàn; Bổ sung: nguồn điện hàn,Không có sự khác biệt,public_test_fix,1
"Theo tài liệu, DSA có ưu điểm nổi bật nào so với RSA?



",Quá trình kiểm tra nhanh hơn,Quá trình ký và sinh khóa nhanh hơn,Có thể dùng cho cả mã hóa và chữ ký,Độ an toàn cao hơn tuyệt đối so với RSA,public_test_fix,1
Có bao nhiêu loại hồ sơ tài liệu chính cần được lập và lưu trữ cho mỗi thiết bị theo quy trình này (theo BM1 đến BM9)?,5 loại,7 loại,9 loại,10 loại,public_test_fix,1
Lợi ích chính của việc áp dụng VSM trong Lean là gì?,Giảm chi phí nhân sự,Tăng số lượng sản phẩm,"Giúp xác định nút thắt, loại bỏ lãng phí và cải thiện dòng chảy giá trị",Đảm bảo sản phẩm có chất lượng cao hơn,public_test_fix,1
Ký hiệu cơ bản của mối hàn thể hiện điều gì?,Hình dạng mặt cắt mối hàn,Vật liệu hàn,Chiều dài đường hàn,Quy trình công nghệ,public_test_fix,1
"Theo tài liệu Public_161, thành phần nào trong chứng chỉ số đóng vai trò ký để đảm bảo tính xác thực và toàn vẹn?", Khóa công khai của người dùng,BKhóa riêng của người dùng,Chữ ký số của CA (Certificate Authority) ,Thông tin nhận dạng trong trường Subject,public_test_fix,1
"Trong phương án 2 của phần thực nghiệm, số lượng điểm dữ liệu được sử dụng để training và testing là bao nhiêu?",59 điểm training và 14 điểm testing,7 điểm training và 67 điểm testing,59 điểm training và 15 điểm testing,80 điểm training và 20 điểm testing,public_test_fix,1
"Theo tài liệu, trong cuộc khảo sát các nhà quản lý và chuyên gia tại 14 tỉnh vùng Trung du miền núi phía Bắc, có bao nhiêu phiếu khảo sát hợp lệ đã được thu về?",530,137,221,142,public_test_fix,1
Vì sao quy trình yêu cầu dán nhãn “THIẾT BỊ KHÔNG SỬ DỤNG” đối với những trang thiết bị không còn vận hành?,Vì chi phí xây dựng cao tốc trong đô thị cao hơn nhiều,"Vì đường cao tốc đi xuyên đô thị sẽ gây nguy cơ mất an toàn giao thông, ô nhiễm và cản trở phát triển không gian đô thị.",Vì luật chỉ cho phép xây dựng cao tốc ở nông thôn.,"Vì cao tốc chỉ phù hợp với vận tải hàng hóa, không liên quan đến đô thị.",public_test_fix,1
"Vì sao dây lưỡng kim (lõi sắt, vỏ đồng) vẫn có khả năng dẫn điện gần như dây đồng nguyên chất?",Do hiệu ứng mặt ngoài trong dẫn điện,Do sắt có điện trở suất thấp hơn đồng,Do lõi sắt chịu lực cơ học tốt hơn,Do đồng chống ăn mòn tốt hơn,public_test_fix,1
Mục tiêu chính của việc lập sơ đồ chuỗi giá trị trong doanh nghiệp là gì?,Thể hiện chi tiết từng nhiệm vụ sản xuất,Mô tả và phân tích dòng vật chất và thông tin trong sản xuất,Đếm số công nhân,Quản lý kho vật tư,public_test_fix,1
Lớp sơn bảo vệ chống ăn mòn của kết cấu thép phải phù hợp với tiêu chuẩn nào?,TCXDVN 314:2005,TCXDVN 338:2005,TCXDVN 334:2005,TCXDVN 352:2005,public_test_fix,1
Tỉnh nào có sản lượng điện mặt trời cao nhất vùng TDMNPB và chiếm tỷ lệ bao nhiêu?,"Sơn La, chiếm 46,8%","Điện Biên, chiếm 21,5%","Hòa Bình, chiếm 12,1%","Bắc Giang, chiếm 6,5%",public_test_fix,1
Tài liệu hướng dẫn bảo trì bảo dưỡng hệ thống mạng đề cập đến mấy chu kỳ bảo dưỡng định kỳ chính?,2 chu kỳ,3 chu kỳ,4 chu kỳ,5 chu kỳ,public_test_fix,1
hệ thống cấp nước nào thuộc bậc tin cậy I và II?,"Các xí nghiệp luyện kim, chế biến dầu lửa",Các hệ thống cấp nước sinh hoạt trên 50.000 dân,"Các xí nghiệp khai thác mỏ, chế tạo cơ khí",Các hệ thống cấp nước của khu công nghiệp nhỏ,public_test_fix,2
Hệ thống lọc số FIR có đặc điểm gì về pha?,Pha tuyến tính,Pha không tuyến tính,Đáp ứng vô hạn,Không ổn định,public_test_fix,1
những loại công nghiệp nào có chỉ tiêu cấp điện ≥ 250 kW/ha,"Công nghiệp nặng (luyện gang, thép, xi măng, hóa dầu…)","Công nghiệp vật liệu xây dựng, cơ khí","Công nghiệp chế biến lương thực, thực phẩm, điện tử","Công nghiệp giày da, may mặc",public_test_fix,2
"Trong quá trình khởi động, đèn LED nào sẽ sáng để báo đồng bộ trên trunk A và trunk B?",SYN A và SYN B,Power và Status,Reset và Tx/Rx,Audio In và Audio Out,public_test_fix,1
Mục đích chính của biểu đồ phân bố là gì?,Xác định chi phí sản xuất,Đo lường dung sai thiết bị,Theo dõi sự phân bố thông số và đánh giá năng lực quá trình,Kiểm soát tồn kho,public_test_fix,1
Điện trở có chức năng chính là gì?,Hạn chế dòng điện,Lưu trữ điện năng,Khuếch đại tín hiệu,Phát sáng,public_test_fix,1
"Dựa vào Bảng 3.2 của Tài liệu Public_595, hãy tính chênh lệch về lượng CO2 sinh ra (g/100ml) sau 96 giờ lên men giữa chủng có hoạt lực mạnh nhất (D8) và chủng có hoạt lực yếu nhất (D1)","1,53","2,21","2,53","2,87",public_test_fix,1
"Nếu trong vòng 6 tháng một thiết bị mạng đã xảy ra switchover ngoài kế hoạch, thì trong lần bảo dưỡng 6 tháng kế tiếp có cần lặp lại thao tác switchover không?","Có, vì phải làm định kỳ bất kể tình huống","Không, vì lần switchover ngoài kế hoạch được tính như đã thực hiện định kỳ","Có, vì quy trình bắt buộc phải chạy lại để đảm bảo tính đồng bộ","Không, nhưng cần báo cáo để xin phê duyệt",public_test_fix,1
Mối ghép bằng then có tác dụng chính là gì?,"Truyền mômen giữa trục và chi tiết lắp (puli, bánh răng)",Liên kết vĩnh viễn không tháo được,Giảm ma sát trong ổ trượt,Tăng độ nhẵn bề mặt,public_test_fix,1
"Theo tài liệu, độ gợn râu dừng (stopband ripple) của bộ lọc Chebyshev I (IIR) xấp xỉ bao nhiêu?",20 dB,50 dB,65 dB,80 dB,public_test_fix,1
"Trong các lợi ích sau, lợi ích nào của công nghệ ảo hóa được nêu trong tài liệu Public_609?",Giảm chi phí điện năng và làm mát,Loại bỏ hoàn toàn nhu cầu máy chủ vật lý,Giảm thời gian chết (downtime) khi bảo trì,Tăng tốc độ truyền dữ liệu internet,public_test_fix,2
Transistor có mấy loại chính được nhắc đến trong tài liệu Public_565?,1 loại,2 loại,3 loại,4 loại,public_test_fix,1
Một trong những nguyên tắc của kiến trúc ICT cho đô thị thông minh được nêu trong tài liệu là gì? ,Phụ thuộc vào một nhà cung cấp duy nhất để đảm bảo tính đồng bộ,Hướng dịch vụ (SOA - Service Oriented Architecture),"Kiến trúc cố định, không thể mở rộng để đảm bảo sự ổn định.",Chỉ phục vụ cho khu vực công,public_test_fix,1
"Nếu một hợp kim có điện trở suất cao nhưng giá thành rẻ, ứng dụng phù hợp nhất là gì?",Dây dẫn cao cấp,Cầu chì bảo vệ quá dòng,Mạ vỏ ngoài siêu cao tần,Vỏ bọc cáp chôn,public_test_fix,1
Quy trình bảo trì định kỳ tủ điện phân phối chính/nhánh gồm bao nhiêu nhóm công việc chính?,3 nhóm,4 nhóm,5 nhóm,6 nhóm,public_test_fix,1
"Trong quá trình chế tạo kết cấu thép:

Chất lượng làm sạch bề mặt phải tuân theo TCXDVN 334:2005.

Không được sơn phủ tại xưởng chế tạo, chỉ được sơn tại hiện trường.
Nhận định nào sau đây là đúng?",Đúng cả hai ý,Sai cả hai ý,Chỉ đúng ý thứ nhất,Chỉ đúng ý thứ hai,public_test_fix,1
"Dựa trên kết quả nghiên cứu, kết luận chính về hiệu quả của các dẫn xuất VK3-9 và VK3-10 trong việc chống lại sự kết tập của amyloid peptid so với Curcumin là gì?",Yếu hơn đáng kể so với Curcumin.,Chỉ có tác dụng ở nồng độ cao.,Mạnh tương đương Curcumin.,Chỉ có tác dụng với một loại amyloid peptid.,public_test_fix,1
Tóm tắt vai trò của máy SMT-P&P trong dây chuyền sản xuất điện tử.,"Gắp thả, định vị linh kiện điện tử trên mạch với tốc độ và độ chính xác cao",Tăng năng suất sản xuất,Giảm chi phí nhân công,Đảm bảo chất lượng hàn,public_test_fix,1
"Trong danh mục Public_628, có bao nhiêu máy móc thiết bị được dùng để 'Kiểm định, hiệu chuẩn áp suất'?",10,12,15,18,public_test_fix,1
Danh mục thiết bị trong tài liệu Public_632 được chia thành các nhóm nào?,"Máy chụp cộng hưởng từ, máy CT, máy PET-CT","Máy X-quang di động DR, Máy X-quang DR 2 tấm cảm biến, Hệ thống nội soi tiêu hóa ống mềm video","Máy siêu âm, máy điện tim, máy gây mê","Máy chụp mạch số hóa, máy xạ trị, máy siêu âm nội soi",public_test_fix,1
"Dựa vào Bảng 3.4, số lượng gen và chỉ số N50 (bp) của mẫu mô lá L4.1 lần lượt là bao nhiêu?",70.526 và 1.127,68.454 và 1.033,81.480 và 1.325,47.870 và 870,public_test_fix,1
"Trong quy trình xử lý sự cố ATTT, những bộ phận nào chịu trách nhiệm tiếp nhận và xử lý sự cố khi Tier 1 không thể xử lý được?",Tier 2,Tier 3,SOC Manager,Ban lãnh đạo,public_test_fix,2
"Nếu cần truyền công suất lớn giữa hai trục cách xa nhau, lựa chọn bộ truyền nào là phù hợp nhất?",Bộ truyền ma sát trụ,Bộ truyền đai dẹt,Bộ truyền bánh răng trụ,Nối cứng,public_test_fix,1
Các biểu tượng nào thường được dùng trong sơ đồ chuỗi giá trị?,"Khách hàng, quảng cáo, báo cáo tài chính","Khách hàng, nhà cung cấp, hộp hoạt động, dòng thông tin, dòng thành phẩm","Nhà cung cấp, sản phẩm lỗi, chi phí","Thông tin thị trường, lợi nhuận, KPI",public_test_fix,1
Điện trở có vai trò gì và được sử dụng để làm gì trong mạch điện?,"Tạo dòng điện xoay chiều, phát sáng","Hạn chế dòng điện, kiểm soát tín hiệu trong mạch","Lưu trữ điện năng, phát ra điện áp cao","Khuếch đại tín hiệu, tạo từ trường",public_test_fix,1
Mục tiêu chính của phương pháp 5S là gì?,Cải tiến môi trường làm việc để nâng cao hiệu quả và an toàn,Kiểm soát chất lượng sản phẩm đầu ra,Tăng cường marketing,Chuẩn hóa báo cáo tài chính,public_test_fix,1
Tụ điện được chia thành hai loại chính nào?,Tụ sứ và tụ mica,Tụ gốm và tụ điện phân,Tụ cuộn và tụ lá,Tụ pin và tụ sạc,public_test_fix,1
Vì sao trong bảo trì hệ thống tủ điện cần siết chặt lại các điểm đấu nối cáp động lực và thanh cái?,Vì thao tác này giúp giảm chi phí vật tư thay thế.,"Vì tiếp xúc kém tại các điểm nối có thể gây phát nhiệt, dẫn đến nguy cơ cháy nổ hoặc gián đoạn vận hành.","Vì quy định bắt buộc phải làm, không liên quan đến an toàn.",Vì giúp tăng khả năng chịu tải vượt mức thiết kế của hệ thống.,public_test_fix,1
So sánh nhôm và đồng đỏ: chúng giống và khác nhau thế nào về điện trở suất và khả năng chống ăn mòn?,"Giống ở điện trở suất, khác ở chống ăn mòn",Khác ở cả điện trở suất lẫn khả năng chống ăn mòn,"Giống ở khả năng chống ăn mòn, khác ở nhiệt độ nóng chảy",Không có điểm chung nào,public_test_fix,1
"Trong thiết kế hệ thống phun theo TCVN 7336:2020, **công thức lưu lượng qua đầu phun** và **giới hạn vận tốc trong ống áp lực** được quy định thế nào?","$Q = K\,P$; $v \le 2{,}8\,\mathrm{m/s}$","$Q = \dfrac{K}{\sqrt{P}}$; $v \le 10\,\mathrm{m/s}$","$Q = K\,\sqrt{P}$; $v \le 10\,\mathrm{m/s}$","$Q = \dfrac{P}{K}$; $v \le 15\,\mathrm{m/s}$",public_test_fix,1
Thiết bị kiểm định đồng hồ nước lạnh DN50-150 có mục đích sử dụng là gì?,Kiểm định đồng hồ nước lạnh đường kính từ 50 đến 150 mm,Kiểm định đồng hồ khí công nghiệp,Kiểm định thước cuộn,Kiểm định thấu kính đo thị lực,public_test_fix,1
Vật liệu nào thường được dùng để mạ vỏ ngoài dây dẫn trong lĩnh vực siêu cao tần do có hiệu ứng mặt ngoài?,Đồng thau,Bạc,Sắt,Thiếc,public_test_fix,1
Liệt kê các thư viện Python được nhắc đến trong tài liệu Public_477 khi nói về hỗ trợ khoa học và năng lượng tái tạo.,NumPy,Pandas,TensorFlow,Matplotlib,private_test_fix,1
Entropy Regularization trong RL có tác dụng gì? Khuyến khích điều gì?,"Khuyến khích chính sách đa dạng hành động, tăng khả năng khám phá và tránh overfitting.",Giúp giảm kích thước không gian trạng thái.,Làm tăng tốc độ hội tụ bằng cách loại bỏ exploration.,"Chỉ được dùng trong Q-learning, không áp dụng cho Policy Gradient.",private_test_fix,1
Quy trình bảo dưỡng hệ thống chiller (theo bảng hướng dẫn chính) gồm bao nhiêu nhóm hạng mục chính?,"2 nhóm (Kiểm tra chung, Hệ thống máy làm lạnh)","3 nhóm (Kiểm tra chung, Máy làm lạnh chiller, Hệ thống bơm – valve – đường ống)","4 nhóm (Kiểm tra chung, Máy làm lạnh chiller, Hệ thống bơm – valve – đường ống, Điều khiển DDC)","5 nhóm (Kiểm tra chung, Máy làm lạnh, Hệ thống điện, Hệ thống nước, Điều khiển DDC)",private_test_fix,1
"Trong vCloud Server, dịch vụ nào hỗ trợ phân tách lưu lượng mạng bằng tường lửa, và dịch vụ nào cho phép phân phối lưu lượng đến nhiều máy chủ web?",vFirewall và vLoad Balancer,NAT và vApp,Edge Gateway và Snapshot,vConsole và VMRC,private_test_fix,1
"Gradient Descent cập nhật tham số dựa trên nguyên lý nào, và learning rate ảnh hưởng ra sao?",Gradient Descent chọn ngẫu nhiên hướng cập nhật.,"Gradient Descent cập nhật theo hướng âm gradient, learning rate điều chỉnh tốc độ hội tụ.",Learning rate càng lớn thì càng luôn hội tụ nhanh và chính xác.,Gradient Descent không phụ thuộc vào gradient của hàm mất mát.,private_test_fix,1
"Tài liệu nhấn mạnh việc dùng Python cho AI/ML, nhưng trong phần thí nghiệm lại ghi ""dùng MATLAB"". Điều này cho thấy điều gì?",Có sự mâu thuẫn hoặc nhầm lẫn trong tài liệu,MATLAB được dùng thay cho Python trong toàn bộ nội dung,Học viên cần học cả Python và MATLAB,"MATLAB chỉ là ví dụ bổ sung, không phải công cụ chính",private_test_fix,1
"Trong nhóm công cụ quan sát, công cụ nào giúp xem chi tiết vuông góc với mặt chọn?",Pan,Rotate,Zoom Window,Look At,private_test_fix,1
"Khi hai biến số có quan hệ nghịch chặt, hệ số tương quan r thường gần với giá trị nào?",+1,0,-1,"+0,5",private_test_fix,1
So sánh đặc điểm giữa cao su và giấy làm tụ điện về khả năng chịu nhiệt và phạm vi ứng dụng?,"Cao su chịu nhiệt cao hơn, giấy dùng trong biến áp","Giấy chịu nhiệt cao hơn, cao su dùng làm vỏ bọc dây dẫn",Cả hai có cùng khả năng chịu nhiệt,"Giấy chịu nhiệt cao hơn, nhưng cao su chủ yếu dùng trong tụ điện",private_test_fix,1
Thuật ngữ “CRS” trong tài liệu Public_629 được định nghĩa là gì?,Chứng chỉ đủ điều kiện bay,Chứng chỉ tổng kiểm tra bảo dưỡng,Chứng chỉ cho phép đưa máy bay/thiết bị máy bay vào khai thác,Chứng chỉ kiểu loại bổ sung,private_test_fix,1
Mục đích chính của tài liệu Public_581 là gì?,Phân tích tác hại của khói thuốc lá và giới thiệu các phương pháp lọc khói hiệu quả nhất.,So sánh chi tiết ưu nhược điểm giữa phương pháp giáo dục STEM và phương pháp dạy học truyền thống.,"Giới thiệu việc thiết kế bài giảng E-learning kết hợp mô hình giáo dục STEM với chủ đề ""chế tạo máy lọc khói thuốc lá mini"" cho học sinh lớp 12 và đánh giá hiệu quả của nó",Chỉ tập trung hướng dẫn quy trình 6 bước để xây dựng một bài giảng E-learning hoàn chỉnh cho môn Hóa học.,private_test_fix,1
Nội dung chính của báo cáo kỹ thuật Public_585 là gì?,Phân tích thực trạng ô nhiễm môi trường nước và đề xuất các biện pháp xử phạt đối với cơ sở sản xuất tư nhân tại thị xã Dĩ An,Chỉ tập trung vào việc dự báo dân số và lưu lượng nước thải tại thị xã Dĩ An cho đến năm 2035.,Trình bày chi tiết kế hoạch vận hành và bảo dưỡng nhà máy xử lý nước thải Sóng Thần 1 và 2,"Tóm tắt Báo cáo nghiên cứu khả thi cho ""Dự án Cải thiện Môi trường nước, giai đoạn III"" tại Dĩ An để tạo thuận lợi cho việc vay vốn ODA Nhật Bản, bao gồm phạm vi, chi phí và kế hoạch thực hiện",private_test_fix,1
"Trong quá trình lùi xe ghép ngang vào nơi đỗ, việc đánh lái sang phải khi bắt đầu lùi và trả lái sang trái khi thấy góc cuối cùng bên phải của vị trí đỗ có ý nghĩa như thế nào đối với việc đưa xe vào vị trí đỗ chính xác và an toàn?"," Đảm bảo xe lùi vào đúng góc và thẳng hàng với vị trí đỗ, tránh va chạm với các xe xung quanh.",Giúp xe di chuyển nhanh hơn vào vị trí đỗ mà không cần quan sát gương chiếu hậu.,Giúp tăng tốc độ lùi xe và giảm lực cản của vô lăng.,Ngăn xe bị trượt khỏi vị trí đỗ do lực ly hợp.,private_test_fix,1
"Nếu giá trị trung bình bị lệch về gần giới hạn trên (Hình 2), doanh nghiệp nên làm gì và vì sao?","Hiệu chỉnh máy móc, áp dụng Six Sigma",Mở rộng dung sai,Tăng ca sản xuất,Không cần thay đổi,private_test_fix,1
Ống nội soi tá tràng nghiêng trong hệ thống nội soi mật tụy ngược dòng có trường nhìn là bao nhiêu độ?,90°,100°,120°,140°,private_test_fix,1
Phòng dịch vụ Trung tâm Dữ liệu (DV TTDL) phối hợp lập kế hoạch bảo dưỡng UPS/STS định kỳ theo chu kỳ bao lâu?,Hàng tháng,Hàng quý (3 tháng/lần),6 tháng/lần,Hàng năm,private_test_fix,1
Sâu SQL Slammer khai thác lỗ hổng tràn bộ đệm của thành phần nào trong Microsoft SQL Server 2000?,SQL Server Authentication Service, SQL Server Replication Agent, SQL Server Resolution Service, SQL Server Management Studio,private_test_fix,1
"Theo Public 524, các loại bánh răng cơ bản gồm những loại nào?","Bánh răng trụ, trục vít, bánh răng hành tinh","Bánh răng trụ, bánh răng côn, bánh vít và trục vít","Bánh răng trụ, bánh xích, trục vít","Bánh răng côn, bánh xích, bánh ma sát",private_test_fix,1
"Theo Bảng 1.2, độ bền về điện và nhiệt độ chịu đựng của vật liệu Sứ (Porcelain) lần lượt là bao nhiêu? ",50-100 kV/mm và 600°C,20-28 kV/mm và 1500-1700°C,20-30 kV/mm và 500-1700°C,9-12 kV/mm và 100°C,private_test_fix,1
Thời gian tác động tối đa cho phép của rơ le trong thử nghiệm phát hiện pha chạm đất là bao nhiêu?,≤ 2ms,≤ 5ms,≤ 10ms,≤ 20ms,private_test_fix,1
Ngôn ngữ nào được nhắc đến là phổ biến cho nghiên cứu và ứng dụng trí tuệ nhân tạo?,C++,Python,Java,R,private_test_fix,1
"Theo kế hoạch tiến độ, quá trình triển khai website gồm bao nhiêu giai đoạn (bước) chính?",7 giai đoạn,8 giai đoạn,9 giai đoạn,10 giai đoạn,private_test_fix,1
Nguồn điện yêu cầu của hệ thống CT 64 lát/vòng và hệ thống CT 256 lát/vòng lần lượt là gì?,"380V, 50Hz và 380/480 VAC, 3 pha, 50Hz","220V, 50Hz và 380V, 60Hz","480V, 60Hz và 220V, 50Hz","380V, 3 pha, 60Hz và 220V, 50Hz",private_test_fix,1
"Tại sao việc điều khiển tốc độ khi lùi xe ô tô cần thực hiện chậm và sử dụng thao tác cắt, nhả ly hợp liên tục hoặc đạp nửa ly hợp, và nếu không làm đúng có thể dẫn đến rủi ro gì?","Lùi xe chậm giúp tiết kiệm nhiên liệu, nếu không làm đúng sẽ làm hao xăng.","Lùi xe chậm chỉ cần dùng phanh, không cần ly hợp, nếu sai sẽ làm mòn phanh.","Lùi xe chậm để tăng lực kéo, nếu sai sẽ làm động cơ yếu đi.","Lùi xe chậm và điều khiển ly hợp cẩn thận giúp kiểm soát hướng, tránh va chạm do khó quan sát, nếu không đúng có thể gây tai nạn hoặc hư hỏng ly hợp.",private_test_fix,1
"Trong quy trình quản lý lỗ hổng an toàn thông tin, vai trò của Team ATTT là gì, và vai trò của Ban lãnh đạo được xác định như thế nào?","Team ATTT chịu trách nhiệm thông báo khách hàng, Ban lãnh đạo trực tiếp cài đặt bản vá.","Team ATTT chỉ lập báo cáo tài chính, Ban lãnh đạo trực tiếp sửa lỗ hổng.","Team ATTT thực hiện rà quét, kiểm tra lại và lập kế hoạch xử lý lỗ hổng, Ban lãnh đạo phê duyệt kế hoạch xử lý.","Team ATTT chỉ phát hiện lỗi phần cứng, Ban lãnh đạo điều hành vận hành hàng ngày.",private_test_fix,1
Người lái cần nắm vững những kỹ năng nào để điều khiển xe số sàn và số tự động,"Điều khiển vô lăng, đạp và nhả bàn ly hợp, điều khiển bàn đạp phanh","Chuẩn bị trang phục lái xe, kiểm tra trước khi đưa xe ô tô ra khỏi chỗ đỗ, lên và xuống xe ô tô an toàn","Kỹ năng đạp nhả bàn đạp phanh
Kỹ năng điều khiển cần số trên xe số sàn và số tự động","Lên xe, nổ máy và lái xe",private_test_fix,1
Êbônit và bakêlit giống và khác nhau thế nào về điện bền và ứng dụng?,"Giống ở độ bền điện, khác ở ứng dụng","Êbônit có độ bền điện cao hơn, bakêlit có ứng dụng rộng hơn","Bakêlit dùng nhiều trong tụ điện, êbônit dùng trong biến áp",Hoàn toàn giống nhau,private_test_fix,1
Sự kiện nào đánh dấu kết thúc quy trình quản lý lỗ hổng an toàn thông tin (ATTT)?,Khi có cảnh báo mới từ hệ thống giám sát,Khi lỗ hổng ATTT được xử lý tạm thời hoặc triệt để,Khi hoàn thành báo cáo định kỳ quý,Khi ban lãnh đạo phê duyệt kế hoạch xử lý,private_test_fix,1
"Khi ghép xe dọc vào nơi đỗ, những bước nào cần thực hiện để đảm bảo an toàn trước khi lùi xe, và làm thế nào để điều chỉnh xe vào vị trí đỗ chính xác?","Kiểm tra gương chiếu hậu bên phải và trong xe, đánh lái sang trái, lùi xe mà không cần quan sát thêm.","Đạp phanh tay, kiểm tra gương chiếu hậu bên trái và lùi xe vào vị trí đỗ.","Bật đèn xin đường bên trái, tiến xe lên và lùi ngay mà không cần kiểm tra an toàn.","Kiểm tra gương chiếu hậu bên phải, trong xe và hông trái, đánh lái sang trái, lùi xe và trả lái sang phải để lùi thẳng vào nơi đỗ.",private_test_fix,1
Điều kiện nào đảm bảo hệ thống PV + Pin ổn định?,Công suất PV luôn không đổi theo thời gian,"SOC luôn nằm trong khoảng [0, 1]",Nhiệt độ của pin luôn nhỏ hơn 25°C,Bức xạ mặt trời luôn bằng hằng số,private_test_fix,1
Công cụ Thread được dùng để làm gì trong mô hình chi tiết?,Khoét rỗng chi tiết,Tạo đường ren trong hoặc ren ngoài,Vẽ gân tăng cứng,Vát cạnh,private_test_fix,1
"Trong quy trình quản lý lỗ hổng pentest, bộ phận Team ATTT thực hiện những nhiệm vụ nào?",Lập kế hoạch trên ITSM,Phát triển hệ thống mới/tính năng mới,Phê duyệt kế hoạch xử lý lỗ hổng,Viết báo cáo ATTT,private_test_fix,2
Các bước chính khi xây dựng khung ontology bán tự động gồm?,Thu thập dữ liệu ảnh – Phân đoạn – Xây dựng CNN,Phân lớp ảnh – Bổ sung WordNet/WWW – Cập nhật chỉnh sửa chuyên gia,Tối ưu GPU – Dịch ngữ nghĩa – Chuẩn hóa JSON,Dùng SPARQL – Truy xuất ảnh – Lưu trữ SQL,private_test_fix,1
"Những tồn tại, hạn chế chính của thị trường viễn thông Việt Nam được nêu trong tài liệu Public_600 là gì?",Thiếu sự hỗ trợ từ chính phủ và các doanh nghiệp tư nhân không được tham gia thị trường.,Tốc độ tăng trưởng thuê bao băng rộng chậm và tỷ lệ phủ sóng 4G chưa đạt mục tiêu.,"Thị trường chủ yếu gồm các doanh nghiệp Nhà nước, mức độ tập trung cao, hạ tầng thiếu đồng bộ, và cơ cấu doanh thu chuyển dịch chậm.",Doanh thu từ dịch vụ thoại và tin nhắn giảm mạnh và thiếu nhân lực chất lượng cao,private_test_fix,1
"Theo TCVN 7043:2013 (Bảng 1.9), giới hạn tối đa cho phép của hàm lượng Chì (Pb) trong đồ uống có cồn là bao nhiêu?","0,2 mg/l","5,0 mg/l"," 
1,0 mg/l"," 
0,5 mg/l",private_test_fix,1
Vì sao trong bảo dưỡng hệ thống UPS cần có hai hình thức kiểm tra A và B thay vì chỉ một loại?,"Vì kiểm tra A nhanh chóng, không cần shutdown hệ thống, còn kiểm tra B yêu cầu shutdown để vệ sinh, cân chỉnh và đo kiểm toàn diện, kết hợp cả hai đảm bảo vừa duy trì hoạt động liên tục vừa nâng cao độ tin cậy thiết bị","Vì kiểm tra A chỉ mang tính hình thức, còn kiểm tra B mới quan trọng.","Vì kiểm tra A dành cho UPS mới, còn kiểm tra B dành cho UPS cũ.","Vì kiểm tra A do nhà sản xuất yêu cầu, còn kiểm tra B do nội bộ công ty bổ sung.",private_test_fix,1
"Trong học tăng cường, Markov Decision Process (MDP) bao gồm những thành phần nào?","MDP gồm tập trạng thái, tập hành động, xác suất chuyển trạng thái, hàm phần thưởng và hệ số chiết khấu.",MDP chỉ bao gồm trạng thái và hành động.,MDP chỉ có phần thưởng và hệ số chiết khấu.,MDP là một dạng mạng nơ-ron đặc biệt.,private_test_fix,1
"Theo tài liệu Public_590, điều kiện công nghệ tối ưu về nhiệt độ thiêu kết để chế tạo hệ vật liệu CAS là bao nhiêu?",1250,1130,1280,1400,private_test_fix,1
"Giải pháp điện toán đám mây cần đảm bảo tính liên tục dịch vụ khi có sự cố, điều này có thể được đáp ứng bởi những tính năng nào sau đây?",Khôi phục máy ảo sau khi có lỗi xảy ra,Tự động chọn máy chủ vật lý khi tạo máy ảo mới,Di chuyển máy ảo giữa các máy chủ vật lý mà không cần tắt máy,Giới hạn IOPS và băng thông ổ đĩa của máy ảo,private_test_fix,2
"Nếu muốn in bản vẽ nhưng loại trừ một số tờ (Sheet), ta phải làm gì?",Chuột phải vào Sheet → Edit Sheet → Exclude Sheet from Printing,Chọn File → New → Exclude Sheet,Xóa trực tiếp tờ trong Browser,Dùng Balloon để hủy sheet,private_test_fix,1
"Nét đứt mảnh dùng để biểu diễn đối tượng nào, và nó khác gì so với nét đứt đậm?",Cả hai đều biểu diễn cạnh khuất,"Đứt mảnh cho mặt cần gia công, đứt đậm cho cạnh khuất","Đứt mảnh biểu diễn cạnh/đường bao khuất, đứt đậm biểu diễn khu vực xử lý bề mặt đặc biệt","Đứt mảnh dùng cho khung vẽ, đứt đậm cho khung tên",private_test_fix,1
Các thành phần cơ bản của ngôn ngữ lập trình gồm những gì?,"Bộ ký tự, cú pháp, ngữ nghĩa","Thuật toán, chương trình, dữ liệu","Lưu đồ, mã giả, sơ đồ khối","Trình dịch, trình liên kết, trình soạn thảo",private_test_fix,1
"Nguyên tắc chủ yếu và quan trọng nhất của công tác thiết kế mạng điện là gì?
",Chỉ tập trung vào việc giảm vốn đầu tư ban đầu,Cung cấp điện kinh tế với chất lượng và độ tin cậy cao,Sử dụng dây dẫn có tiết diện lớn nhất có thể để giảm tổn thất,"Đảm bảo vận hành đơn giản và an toàn, không cần xét đến chi phí",private_test_fix,1
"Dựa vào Bảng 2.5 về hệ số quan trọng của từng chỉ tiêu cảm quan, nếu điểm trung bình chưa có trọng lượng của hội đồng cảm quan cho chỉ tiêu ""Mùi"" là 3,5, thì điểm đã được hiệu chỉnh là bao nhiêu","3,5","4,2","7,0","2,8",private_test_fix,1
"Theo Bảng 1.3 của tài liệu Public_600, có bao nhiêu doanh nghiệp đang cung cấp dịch vụ viễn thông cố định mặt đất vào năm 2019?","64
",71,70,80,private_test_fix,1
"Dựa vào Bảng III.5, tổng chi phí dự kiến cho các hạng mục xây dựng chính (nhà máy xử lý và hệ thống ống) là bao nhiêu?",423.285.000.000 VNĐ,1.579.932.300.000 VNĐ,1.602.932.300.000 VNĐ,2.959.349.000.000 VNĐ,private_test_fix,1
"Trong quy trình phát triển phần mềm, hoạt động “tích hợp các đơn vị, mô-đun” thuộc công đoạn nào?",Phân tích và thiết kế,"Lập trình, viết mã lệnh",Kiểm thử phần mềm,"Hoàn thiện, đóng gói",private_test_fix,1
Luận án Public_590 tập trung nghiên cứu chế tạo hệ vật liệu nào là chủ yếu và vì sao?,"Hệ SAS: RE3+, vì đã có nhiều nghiên cứu trước đó.","Hệ SAS: RE3+, vì quy trình chế tạo đơn giản hơn.","Hệ CAS: RE3+, vì có tiềm năng ứng dụng cao hơn.","Hệ CAS: RE3+, vì hệ vật liệu này chưa được công bố nhiều trên thế giới.",private_test_fix,1
Ống soi dạ dày video và ống soi đại tràng video lần lượt có số kênh làm việc tối thiểu là bao nhiêu?,4 và 5,5 và 6,6 và 6,6 và 8,private_test_fix,1
"Dựa vào Bảng ""PHÂN TÍCH TÌNH TRẠNG KỸ THUẬT CỦA TÀI SẢN CỐ ĐỊNH"", hệ số hao mòn của ""TSCĐ dùng ngoài sản xuất"" đã tăng bao nhiêu điểm phần trăm từ đầu năm đến cuối năm?","7,00%","4,50%","8,00%","14,13%",private_test_fix,1
"Tại sao phương pháp giảm tốc độ bằng phanh phối hợp (kết hợp phanh động cơ, phanh chân và phanh tay) lại đặc biệt quan trọng khi xe chạy trên đường dốc dài hoặc trơn lầy, và nếu không áp dụng đúng, có thể dẫn đến những rủi ro gì về an toàn và hư hỏng xe?","Phanh phối hợp giúp tăng tốc độ khi xuống dốc, tránh hỏng lốp xe.","Phanh phối hợp chỉ cần dùng phanh tay, không cần phanh động cơ.","Phanh phối hợp làm tăng ma sát lốp, gây mòn lốp nhanh hơn.","Phanh phối hợp đảm bảo kiểm soát tốc độ, tránh trượt xe hoặc quá nhiệt phanh, giảm nguy cơ tai nạn và hư hỏng hệ thống phanh.",private_test_fix,1
"Khi khởi hành xe số sàn, người lái phải phối hợp những thao tác nào với bàn đạp ly hợp, bàn đạp ga và cần số để xe không bị tắt máy","Cài số 1. Đạp bàn đạp ly hợp hết hành trình,
Từ số “0” sang số “1. Sau khi vào số nhả bàn đạp ly hợp, khoảng 2/3 hành trình đầu nhả nhanh cho đĩa ma sát của ly hợp tiếp giáp với bánh đà.
Khoảng 1/3 hành trình sau nhả từ từ, để tăng dần mô men quay truyền từ động cơ đến hệ thống truyền lực
Cài số 2. Đạp bàn đạp ly hợp hết hành trình. Sau khi vào số 2 nhả nhanh bàn đạp ly hợp, tăng ga.
Cài số 3. Từ số “2” sang số “3”. Sau khi vào số 3 nhả nhanh bàn đạp ly hợp, tăng ga.
Cài số 4. Sau khi vào số 4 đạp nhanh bàn đạp ly hợp, tăng ga
Cài số 5.Sau khi vào số 5 dạp nhanh bàn đạp ly hợp, tăng ga. Giữ chân ga để ổn định tốc độ","Cài số 1. Đạp bàn đạp ly hợp ,
Từ số “0” sang số “1. Sau khi vào số nhả bàn đạp ly hợp, khoảng 2/3 hành trình đầu nhả nhanh cho đĩa ma sát của ly hợp tiếp giáp với bánh đà.
Khoảng 1/3 hành trình sau nhả từ từ, để tăng dần mô men quay truyền từ động cơ đến hệ thống truyền lực
Cài số 2. Đạp bàn đạp ly hợp hết hành trình. Sau khi vào số 2 nhả nhanh bàn đạp ly hợp, tăng ga.
Cài số 3. Từ số “2” sang số “3”. Sau khi vào số 3 nhả nhanh bàn đạp ly hợp, tăng ga.
Cài số 4. Sau khi vào số 4 nhả nhanh bàn đạp ly hợp, tăng ga
Cài số 5.Sau khi vào số 5 nhả nhanh bàn đạp ly hợp, tăng ga. Giữ chân ga để ổn định tốc độ","Cài số 1. Đạp bàn đạp ly hợp hết hành trình,
Từ số “0” sang số “1. Sau khi vào số nhả bàn đạp ly hợp, khoảng 1/3 hành trình đầu nhả nhanh cho đĩa ma sát của ly hợp tiếp giáp với bánh đà.
Khoảng 2/3 hành trình sau nhả từ từ, để tăng dần mô men quay truyền từ động cơ đến hệ thống truyền lực
Cài số 2. Đạp bàn đạp ly hợp hết hành trình. Sau khi vào số 2 nhả nhanh bàn đạp ly hợp, tăng ga.
Cài số 3. Từ số “2” sang số “3”. Sau khi vào số 3 nhả nhanh bàn đạp ly hợp, tăng ga.
Cài số 4. Sau khi vào số 4 nhả nhanh bàn đạp ly hợp, tăng ga
Cài số 5.Sau khi vào số 5 nhả nhanh bàn đạp ly hợp, tăng ga. Giữ chân ga để ổn định tốc độ","Cài số 1. Đạp bàn đạp ly hợp hết hành trình,
Từ số “0” sang số “1. Sau khi vào số nhả bàn đạp ly hợp, khoảng 2/3 hành trình đầu nhả nhanh cho đĩa ma sát của ly hợp tiếp giáp với bánh đà.
Khoảng 1/3 hành trình sau nhả từ từ, để tăng dần mô men quay truyền từ động cơ đến hệ thống truyền lực
Cài số 2. Đạp bàn đạp ly hợp hết hành trình. Sau khi vào số 2 nhả nhanh bàn đạp ly hợp, tăng ga.
Cài số 3. Từ số “2” sang số “3”. Sau khi vào số 3 nhả nhanh bàn đạp ly hợp, tăng ga.
Cài số 4. Sau khi vào số 4 nhả nhanh bàn đạp ly hợp, tăng ga
Cài số 5.Sau khi vào số 5 nhả nhanh bàn đạp ly hợp, tăng ga. Giữ chân ga để ổn định tốc độ",private_test_fix,1
"Trong bảo dưỡng máy nén của hệ thống chiller, những công việc nào cần thực hiện?",Kiểm tra cách điện cuộn dây máy nén,Kiểm tra dòng chạy của máy nén lúc đầy tải,Vệ sinh mặt ngoài bình ngưng,Kiểm tra tình trạng relay bảo vệ,private_test_fix,2
"Trong cuộc khảo sát các nhà quản lý và chuyên gia tại 14 tỉnh vùng Trung du miền núi phía Bắc, có bao nhiêu phiếu khảo sát hợp lệ đã được thu về?",530,137,221,142,private_test_fix,1
"Theo tài liệu Public_503, có những công cụ phổ biến nào để biểu diễn thuật toán?","Lưu đồ, ngôn ngữ tự nhiên, mã giả, ngôn ngữ lập trình",Chỉ có ngôn ngữ máy,"Biểu đồ UML, biểu đồ mạng",Mã nhị phân 0 và 1,private_test_fix,1
Dãy kích thước chiều rộng nét vẽ theo tiêu chuẩn đề cập trong Public_521 thường nằm trong khoảng nào?,"0,05 – 0,1 mm","0,18 – 2,0 mm",2 – 5 mm,5 – 10 mm,private_test_fix,1
Linh kiện điện tử là gì?,Các bộ phận điện tử cơ bản có chức năng đảm bảo hoạt động của máy móc,Các thiết bị gia dụng thông minh,Phần mềm điều khiển máy tính,Máy móc công nghiệp tự động,private_test_fix,1
Mục đích chính của biểu đồ phân tán là gì?,Xác định sự phân phối dữ liệu theo nhóm,Xác định mối quan hệ giữa hai biến số,Tính toán giá trị trung bình của dữ liệu,Xác định giá trị ngoại lệ trong dữ liệu,private_test_fix,1
Thuật ngữ “AOG” trong tài liệu Public_629 có nghĩa là gì?,Máy bay đủ điều kiện bay,Máy bay dừng bay,Chứng chỉ Nhà khai thác,Tài liệu hướng dẫn bảo dưỡng máy bay,private_test_fix,1
"Theo bảng ""PHÂN TÍCH TÌNH HÌNH BIẾN ĐỘNG TÀI SẢN CỐ ĐỊNH"", tổng nguyên giá tài sản cố định cuối năm so với đầu năm đã tăng bao nhiêu phần trăm?","45,2%","88,6%","12,2%","32,0%",private_test_fix,1
"Trong quá trình khảo sát chế tạo vật liệu SAS, khi thiêu kết ở 1250 oC trong 120 phút, vật liệu thu được có đặc điểm cấu trúc pha như thế nào?",Chỉ tồn tại một pha Sr2Al2SiO7.,Tồn tại pha Sr2Al2SiO7 và một lượng nhỏ pha SrAl2O4.,Pha Sr2Al2SiO7 xuất hiện với tỉ phần rất nhỏ.,"Tồn tại 3 pha Sr2Al2SiO7, SrAl2O4 và SrSiO3.",private_test_fix,1
"Trong tài liệu Public_509, khi r = 0,8, ta có thể suy ra điều gì?",Hai biến độc lập hoàn toàn, Hai biến có quan hệ nghịch vừa phải,Hai biến có quan hệ thuận khá chặt,Không có mối liên hệ giữa hai biến,private_test_fix,1
"Trong quy trình bảo dưỡng, hạng mục nào yêu cầu đo nội trở ắc quy, và hạng mục nào yêu cầu kiểm tra chất lượng Static Switch?","Đo nội trở ắc quy trong mục kiểm tra cáp nguồn, kiểm tra Static Switch trong mục vệ sinh thiết bị.","Đo nội trở ắc quy trong mục kiểm tra quạt làm mát, kiểm tra Static Switch trong mục kiểm tra tủ ATS.","Đo nội trở ắc quy trong mục kiểm tra tụ điện, kiểm tra Static Switch trong mục kiểm tra rectifier.","Đo nội trở ắc quy trong mục kiểm tra ắc quy, kiểm tra Static Switch trong mục kiểm tra chất lượng STS",private_test_fix,1
Điện trở rò tối đa mà mạch có khả năng phát hiện trong thực nghiệm là bao nhiêu?,20Ω,"26,6Ω",27Ω,30Ω,private_test_fix,1
"Nếu sản phẩm liên tục bị lệch về gần LSL (giới hạn dưới), doanh nghiệp có nguy cơ gì?",Tỷ lệ hàng dưới chuẩn tăng cao,Không ảnh hưởng đến chất lượng,Khách hàng dễ chấp nhận hơn,Giảm chi phí sản xuất,private_test_fix,1
"Theo Bảng 2.7, tỉnh nào có số thôn chưa có điện cao nhất trong vùng TDMNPB?",Hà Giang,Sơn La, Điện Biên,Cao Bằng ,private_test_fix,1
"Lò xo xoắn ốc được chia thành những loại nào, và mặt cắt dây lò xo có thể có hình gì?","Lò xo nén, xoắn, kéo, mặt cắt tròn, vuông, chữ nhật","Lò xo nén, kéo, mặt cắt chỉ tròn","Lò xo đĩa, lá, mặt cắt vuông","Lò xo nén, dập, mặt cắt chữ nhật",private_test_fix,1
"Dựa vào Bảng 1.1, công suất tác dụng cực đại (P, MW) và công suất phản kháng cực đại (Q, MVAr) của Phụ tải 4 lần lượt là bao nhiêu?","P = 25 MW, Q = 12,108 MVAr"," P = 35 MW, Q = 16,951 MVAr","P = 28 MW, Q = 13,561 MVAr","P = 14 MW, Q = 6,781 MVAr",private_test_fix,1
"Dựa trên kế hoạch tiến độ, sau khi hoàn thành bước “Thiết kế giao diện” thì khách hàng cần thực hiện công việc gì tiếp theo?",Ký hợp đồng,Xác nhận giao diện,Thử nghiệm sản phẩm,Nhập liệu,private_test_fix,1
"Để đảm bảo cấp điện liên tục cho phụ tải loại I, phương án nối dây cần phải có biện pháp nào sau đây?
", Sử dụng dây nhôm lõi thép (ACSR),Có đường dây dự phòng (2 đường dây độc lập hoặc mạch vòng kín).,Vận hành điện áp ở mức 110% điện áp định mức,Thực hiện hoán vị đường dây để cân bằng cảm kháng,private_test_fix,1
Vì sao tài liệu Public 619 khuyến nghị không nên lưu Snapshot quá lâu (trên 3 ngày) mà chỉ nên dùng dịch vụ Backup Cloud Server cho nhu cầu dự phòng dài hạn?,Vì Snapshot lâu ngày làm tăng nguy cơ mất an toàn dữ liệu và có thể ảnh hưởng đến hiệu suất VM.,Vì Snapshot lâu ngày sẽ tự động bị hệ thống xóa mà không báo trước.,"Vì Snapshot chỉ hoạt động với Linux, không áp dụng cho Windows Server.",Vì dịch vụ Backup Cloud Server miễn phí nên không cần dùng Snapshot,private_test_fix,1
Vai trò của chuẩn hóa dữ liệu trong huấn luyện mô hình và K-Means Clustering được sử dụng để giải quyết trong học máy.,"Chuẩn hóa dữ liệu giúp mô hình hội tụ nhanh hơn, K-Means được dùng để gom cụm dữ liệu","Chuẩn hóa dữ liệu giúp tăng kích thước dữ liệu, K-Means được dùng để giảm nhiễu trong hồi quy tuyến tính","Chuẩn hóa dữ liệu chỉ để hiển thị đồ thị đẹp hơn, K-Means được dùng để phân loại nhị phân","Chuẩn hóa dữ liệu giúp loại bỏ dữ liệu bị thiếu, K-Means được dùng để tối ưu tham số w, b",private_test_fix,1
"Nếu dùng sai loại nét vẽ (ví dụ vẽ cạnh khuất bằng nét liền đậm), hậu quả chính là gì?",Tăng độ bền của bản vẽ,Dễ vẽ hơn,"Gây hiểu lầm trong đọc bản vẽ, sai sót trong chế tạo",Không ảnh hưởng nhiều,private_test_fix,1
Dự kiến có bao nhiêu cán bộ quản lý kỹ thuật và công nhân lao động trong đơn vị quản lý hệ thống thoát nước?,30 cán bộ quản lý và 15 công nhân,15 cán bộ quản lý và 30 công nhân,20 cán bộ quản lý và 20 công nhân,15 cán bộ quản lý và 45 công nhân,private_test_fix,1
Thuộc tính nào KHÔNG phải đặc trưng của một thuật toán?,Tính xác định,Tính dừng,Tính hiệu quả,Tính ngẫu nhiên,private_test_fix,1
"Khi lùi xe ghép ngang vào nơi đỗ, tại sao cần dừng xe khi đuôi xe ngang với đầu xe phía trước?", Để kiểm tra gương chiếu hậu bên trái., Để tiến xe lên sát vỉa hè.,Để đảm bảo vị trí phù hợp trước khi đánh lái lùi vào chỗ đỗ., Để bật đèn xin đường bên phải.,private_test_fix,1
Mục tiêu chính của mô hình thử nghiệm trong Public 504 là gì?,Phát hiện quá áp,Nối mạch vòng kín,Phát hiện và nối ngắn mạch pha chạm đất trong phòng thí nghiệm,Thử nghiệm công suất máy biến áp,private_test_fix,1
"Công suất PV đạt giá trị cực đại tại điểm nào của đường đặc tính P-V, và hệ MPPT (Maximum Power Point Tracking) có vai trò gì?","Tại điểm (Imax, Vmax), MPPT giúp pin luôn hoạt động ở điểm công suất cực đại","Tại điểm (I=0, V=0), MPPT dùng để tăng dung lượng pin","Tại điểm (Imin, Vmin), MPPT dùng để giảm bức xạ mặt trời","Tại điểm (I=V=1), MPPT chỉ để hiển thị dữ liệu",private_test_fix,1
"Trong lưu đồ thuật toán, hình thoi biểu diễn thao tác gì?",Khởi đầu hoặc kết thúc,Thao tác nhập/ xuất dữ liệu,Thao tác kiểm tra điều kiện hoặc rẽ nhánh,Một nhóm lệnh thực hiện,private_test_fix,1
Mục đích của phần thí nghiệm trong tài liệu Public_476 là gì?,Làm quen với quy trình xử lý dữ liệu và huấn luyện mô hình,Hiểu cách áp dụng các thuật toán cơ bản,Đánh giá kết quả mô hình,Viết code Python nâng cao cho Deep Learning,private_test_fix,1
Công cụ General Dimension trong Inventor cho phép làm gì?,"Ghi kích thước giữa hai điểm, đường thẳng hoặc đường cong",Tạo mặt cắt trục đo,Tạo chú thích chữ,Sắp xếp danh mục chi tiết,private_test_fix,1
"Trong quy trình bảo trì định kỳ máy phát điện, có bao nhiêu hệ thống/hạng mục chính cần kiểm tra và bảo dưỡng?",8 hạng mục,9 hạng mục,10 hạng mục,11 hạng mục,private_test_fix,1
"Trong các lựa chọn sau, đâu là cổng thanh toán được website hỗ trợ nêu trong tài liệu Public_608?",Bảo Kim,Ngân Lượng,Stripe,Momo,private_test_fix,2
"Khi chuyển từ số 4 sang số 5, người lái xe cần thực hiện thao tác nào sau đây?","Đạp hết bàn đạp ly hợp, kéo cần số về số 0, đẩy nhẹ sang cửa số 5, nhả ly hợp nhanh và tăng ga.","Đạp hết bàn đạp ga, giữ ly hợp liên tục, đẩy cần số trực tiếp vào số 5","Nhả ly hợp chậm, không cần đạp ga, đẩy cần số vào số 5.","Đạp phanh, kéo cần số về số 0, sau đó đẩy vào số 5.",private_test_fix,1
Phím tắt nào dùng để thêm nhanh một Slide mới trong PowerPoint?,Ctrl + N,Ctrl + M,Ctrl + S,Ctrl + P,private_test_fix,1
"Khi đi đường dốc cao trơn trượt, người lái xe cần cài số nào trên xe số tự động",Cài số N và D,"Số 1 là số tiến khi cần đi rất chậm, qua đường trơn trượt, lên dốc cao, xuống dốc cao. Số 1 được sử dụng trong thời gian ngắn vì vòng tua máy rất cao khi sử dụng số 1. Để cài số 1, nhất thiết phải đạp bàn đạp
phanh cho xe đi rất chậm hoặc dừng lại hẳn rồi mới gài số 1
Số 2 là số tiến đi chậm, sử dụng khi lên dốc, xuống dốc có độ dốc lớn, đi vào đường trơn trượt.
Khi chuyển từ số D sang số 2 cần giảm tốc độ, đạp phanh.",Cài số R,Cài số 4,private_test_fix,1
Điểm cực đại công suất (MPP) của tấm pin mặt trời xảy ra khi:,"P-V = Pmax tại (Imax, Vmax)","P-V = 0 tại (0, 0)",I-V đạt giá trị cực tiểu,P-V tuyến tính theo V,private_test_fix,1
"Trong thuật toán PPO, hàm mất mát sử dụng clip có mục đích gì?",Làm tăng entropy của chính sách.,Loại bỏ hệ số chiết khấu γ trong cập nhật.,Giúp tính toán Advantage chính xác hơn.,Giới hạn mức độ thay đổi chính sách giữa các lần cập nhật để ổn định huấn luyện.,private_test_fix,1
"So sánh Sigmoid, Tanh và ReLU. Tại sao ReLU và các biến thể thường được ưu tiên dùng trong mạng sâu?",Tanh luôn tốt hơn ReLU và Sigmoid trong mọi trường hợp.,ReLU có công thức phức tạp nên ít được dùng trong mạng sâu.,Sigmoid được dùng phổ biến vì không bao giờ gây mất gradient.,"Sigmoid cho đầu ra (0,1), dễ mất gradient, Tanh cho (-1,1), cân bằng hơn, ReLU giảm mất gradient và huấn luyện nhanh.",private_test_fix,1
"Theo công thức trong tài liệu Public_596, hãy tính hàm lượng furfurol (C) quy về độ rượu 100% V/V, biết rằng: số mg furfurol trong 1 ml rượu thử (Cx) là 0,1 mg, độ pha loãng (n) là 2, hệ số thu hồi (R) là 1, và độ rượu của mẫu (k) là 40%","0,5 mg/lít","0,2 mg/lít","5,0 mg/lít","0,05 mg/lít",private_test_fix,1
"Theo cơ cấu kinh tế năm 2017 của tỉnh Bắc Giang, lĩnh vực ""công nghiệp - xây dựng"" và ""nông, lâm nghiệp và thủy sản"" chiếm tỷ trọng lần lượt là bao nhiêu?","46,1% và 20,6%","33,3% và 20,6%","46,1% và 33,3%","20,6% và 46,1%",private_test_fix,1
"Mục tiêu phấn đấu đến năm 2020, GRDP bình quân đầu người của tỉnh Bắc Giang đạt mức nào?",1.850 USD,3.000 - 3.200 USD,5.200 tỷ đồng,Trên 90%,private_test_fix,1
Truyền động bánh răng có nhược điểm chính gì khi vận tốc lớn?,Khó chế tạo,Tuổi thọ thấp,Gây nhiều tiếng ồn,Tỷ số truyền thay đổi,private_test_fix,1
"Nếu hệ thống không chuẩn hóa ảnh từ nhiều nguồn (MS-COCO, WWW, WordNet), hậu quả nào dễ xảy ra?",Ontology giàu ngữ nghĩa hơn,"Cơ sở dữ liệu phân mảnh, không đồng nhất, gây sai sót trong tìm kiếm ảnh",Giảm thời gian xử lý ảnh,Tự động tạo ảnh mới không mong muốn,private_test_fix,1
"Qua các dạng tấn công được mô tả trong tài liệu Public_155 (tấn công mật khẩu, tràn bộ đệm, SQL Injection, man-in-the-middle, bom thư, kỹ thuật xã hội, phishing, pharming), có thể rút ra nhận định tổng quan nào về đặc điểm chung của các tấn công mạng?","Chủ yếu dựa vào lỗi phần cứng, có thể phòng tránh hoàn toàn bằng thay thế thiết bị","Đều khai thác điểm yếu từ cả con người, phần mềm và hạ tầng, cho thấy an toàn thông tin phải được tiếp cận toàn diện ✅","Chỉ xuất hiện ở quy mô mạng lớn, hầu như không ảnh hưởng đến cá nhân"," Chủ yếu gây ra thiệt hại nhỏ, ít ảnh hưởng đến hoạt động hệ thống",private_test_fix,1
"Theo kịch bản trong tài liệu Public_155, nếu người dùng nhập vào từ khóa ""iPhone 7',DELETE FROM tbl_products,--"" trong form tìm kiếm, điều gì sẽ xảy ra?",Hệ thống sẽ báo lỗi cú pháp SQL và từ chối xử lý," Câu lệnh SELECT trả về dữ liệu bình thường, không có tác động khác", Tất cả bản ghi trong bảng tbl_products bị xóa do lệnh DELETE được thực thi ,Hệ quản trị CSDL sẽ tự động bỏ qua lệnh DELETE để bảo toàn dữ liệu,private_test_fix,1
Tại sao paraphin thường được dùng làm chất tẩm sấy trong biến áp và động cơ điện?,Vì có khả năng chịu nhiệt cao hơn sứ,Vì có tính chất chống ẩm,Vì dẫn điện tốt,Vì có giá thành rẻ hơn cao su,private_test_fix,1
"Dựa vào số liệu năm 2017, dân số sống ở nông thôn nhiều hơn dân số sống ở đô thị bao nhiêu điểm phần trăm?","11,43%","88,57%"," 77,14%",1,private_test_fix,1
"Theo IBM, bao nhiêu phần trăm dữ liệu trên thế giới là dạng phi cấu trúc hoặc bán cấu trúc?",20%,0.5,0.8,1,private_test_fix,1
"Dựa vào Bảng 1, số lượng học sinh của lớp thực nghiệm (TN) đạt điểm trong khoảng từ 8.0 đến 8.7 nhiều hơn lớp đối chứng (ĐC) là bao nhiêu em?",9,41,50,32,private_test_fix,1
Mục đích chính của ontology trong tìm kiếm ảnh là gì?,Giảm dung lượng ảnh lưu trữ,"Biểu diễn hình ảnh theo cách ngữ nghĩa, giúp máy hiểu và truy xuất dễ hơn",Nâng cao độ phân giải hình ảnh,Tối ưu tốc độ xử lý mạng CNN,private_test_fix,1
Khả năng trữ nhiệt hiệu quả của anode trong bóng X-quang của hệ thống CT 64 lát/vòng là bao nhiêu?,8 MHU,20 MHU,≥ 25 MHU,30 MHU,private_test_fix,1
"Theo Bảng 2, điểm trung bình của nhóm lớp thực nghiệm (TN) trong bài kiểm tra là bao nhiêu?",6192,7804,12199,"0,543",private_test_fix,1
Quy trình quản lý lỗ hổng an toàn thông tin (ATTT) gồm có bao nhiêu bước chính?,3 bước,4 bước,5 bước,6 bước,private_test_fix,1
Tại sao phương pháp bán tự động được coi là phù hợp nhất cho hệ thống tìm kiếm ảnh lớn?,Vì vừa tận dụng sức mạnh tự động vừa có sự kiểm duyệt của chuyên gia để đảm bảo độ tin cậy,Vì nhanh nhất,Vì rẻ nhất,Vì không cần dữ liệu đầu vào,private_test_fix,1
"Theo tài liệu Public_633, có tổng cộng bao nhiêu loại hệ thống nội soi được mô tả chi tiết?",1,2,3,4,private_test_fix,1
"Trong quá trình bảo dưỡng hệ thống chiller, hạng mục nào yêu cầu kiểm tra mức gas, và hạng mục nào yêu cầu kiểm tra tình trạng cảm biến nhiệt độ?","Mức gas thuộc hệ thống bình ngưng/dàn lạnh, cảm biến nhiệt độ thuộc hệ thống điều khiển DDC.","Mức gas thuộc hệ thống bơm nước, cảm biến nhiệt độ thuộc hệ thống van bướm điện.","Mức gas thuộc hệ thống làm mát motor, cảm biến nhiệt độ thuộc hệ thống relay điều khiển.","Mức gas thuộc hệ thống dầu bôi trơn, cảm biến nhiệt độ thuộc hệ thống máy nén.",private_test_fix,1
"Theo Bảng ""PHÂN TÍCH HIỆU SUẤT SỬ DỤNG TÀI SẢN CỐ ĐỊNH"", giá trị sản xuất và hiệu suất sử dụng tài sản cố định của năm trước lần lượt là bao nhiêu?","68.460 (nghìn đồng) và 65,2","77.292 (nghìn đồng) và 68,4",68.460 (nghìn đồng) và 1.050 (nghìn đồng),"77.292 (nghìn đồng) và 3,2",private_test_fix,1
"Khi một biến tăng, biến còn lại cũng tăng thì mối quan hệ là gì và biểu đồ có dạng nào?","Quan hệ nghịch, điểm dữ liệu phân bố thành vòng tròn","Quan hệ thuận, điểm dữ liệu nằm trong elip nghiêng phải","Quan hệ không tuyến tính, điểm dữ liệu phân bố ngẫu nhiên","Quan hệ thuận, điểm dữ liệu nằm trong elip nghiêng trái",private_test_fix,1
Lệnh Chamfer trong Sketch có tác dụng gì?,Vẽ cung tròn,Tạo tâm lỗ,Vát góc của Sketch,Di chuyển đối tượng,private_test_fix,1
"Dựa vào Bảng 2.1, có bao nhiêu nồng độ pha tạp khác nhau của ion Dy3+ đã được khảo sát trong hệ vật liệu đơn pha tạp CAS: Dy3+ (x %mol)?",5,6,0.07,8,private_test_fix,1
"Để thực hiện tăng số, giảm số và lùi xe ô tô một cách an toàn và hiệu quả, người lái xe cần phối hợp như thế nào giữa các thao tác với bàn đạp ly hợp, ga, phanh và cần số?","Tăng số bằng cách đạp mạnh ga, nhả ly hợp chậm, giảm số bằng cách đạp phanh mạnh, lùi xe bằng cách giữ ga liên tục.","Tăng số bằng cách giữ ly hợp, giảm số bằng cách đạp phanh mạnh, lùi xe bằng cách đánh lái liên tục mà không cần phanh.","Tăng số: đạp ly hợp hết hành trình, chuyển số, nhả ly hợp nhanh, tăng ga, Giảm số: nhả ga, đạp ly hợp, chuyển số, nhả ly hợp từ từ, Lùi xe: đạp ly hợp, điều chỉnh tốc độ bằng ly hợp và ga, dừng bằng phanh.","Tăng số và giảm số không cần đạp ly hợp, chỉ dùng ga và phanh, lùi xe chỉ cần quay đầu quan sát.",private_test_fix,1
"Trong các hệ thống CT được liệt kê, hệ thống nào có khả năng xử lý số lát cắt lớn nhất mỗi vòng quét?",CT 64 lát/vòng,CT 256 lát/vòng,CT 128 lát/vòng,CT 16 lát/vòng,private_test_fix,1
Trong thực hành lái xe ô tô thì đường bằng được hiểu như thế nào?,"loại đường tương đối bằng phẳng, trên đường có nhiều tình huống giao thông đòi hỏi người lái xe phải rèn luyện kỹ năng để đảm bảo an toàn chuyển động cho xe ôtô.",là mặt cát bằng phẳng,là mặt đưòng nhiều đá lớn,là mặt đường gồ ghề,private_test_fix,1
"Lệnh Circle cho phép vẽ những loại đường tròn nào, và có thể chọn kiểu gì trong menu Style?","Chỉ qua 2 điểm, Normal","Biết tâm – bán kính hoặc tiếp xúc 3 đối tượng, Normal/Construction","Qua 4 điểm, Construction","Qua tâm và đường kính, Fixed",private_test_fix,1
"Dựa vào bảng số liệu về phụ tải của Public_599, tổng công suất tác dụng cực đại (Pmax) của tất cả 6 hộ tiêu thụ là bao nhiêu?",150 MW,126 MW,156 MW,165 MW ,private_test_fix,1
Hệ số tương quan r càng gần +1 hoặc -1 cho thấy điều gì?,Quan hệ giữa hai biến càng chặt, Quan hệ giữa hai biến càng yếu, Dữ liệu phân bố ngẫu nhiên,Không thể xác định được mối quan hệ,private_test_fix,1
"Trình bày chi tiết cơ chế hoạt động của một nơ-ron nhân tạo. Vai trò của trọng số, bias và hàm kích hoạt là gì? Nếu không có hàm kích hoạt thì điều gì xảy ra?","Nơ-ron tính tổng có trọng số, thêm bias và qua hàm kích hoạt để tạo đầu ra phi tuyến. Nếu không có hàm kích hoạt, mạng chỉ là tuyến tính","Nơ-ron chỉ thực hiện phép cộng đầu vào, không cần trọng số và bias",Hàm kích hoạt không ảnh hưởng đến tính phi tuyến của mạng,"Nếu bỏ hàm kích hoạt, mạng nơ-ron sẽ mạnh hơn và học nhanh hơn",private_test_fix,1
"Mô hình được dùng để nhận diện, phân đoạn đối tượng trong ảnh và bộ dữ liệu được sử dụng để xây dựng ontology là gì?","YOLO , CIFAR-10","GAN , ImageNet","R-CNN , MS-COCO","VGG16 , OpenImages",private_test_fix,1
Có bao nhiêu chỉ số hiệu suất tài nguyên (Monitoring Chart) mà khách hàng có thể theo dõi trực tiếp trên vCloud Portal?,8 chỉ số,10 chỉ số,12 chỉ số,14 chỉ số,private_test_fix,1
"Nếu một “thuật toán” không đảm bảo tính dừng, điều gì có thể xảy ra khi chạy chương trình?",Máy tính sẽ chạy mãi mà không ra kết quả,Máy tính sẽ tự động sửa lỗi,Kết quả vẫn đúng nhưng chậm hơn,Không ảnh hưởng đến chương trình,private_test_fix,1
"Công cụ Pattern (Rectangular, Circular) có mục đích gì?","Sao chép và sắp xếp Feature theo quy luật (hình chữ nhật, đường tròn)",Tạo bề mặt vát,Xoay chi tiết,Bo tròn cạnh,private_test_fix,1
"Trong hệ thống làm mát của máy phát điện, giá trị nào cần được kiểm tra định kỳ?",Dung lượng ắc quy,Mực nước làm mát,Điện áp máy phát,Tiếng ồn động cơ,private_test_fix,1
"Theo tài liệu Public_579, mục tiêu về kỹ năng mà học viên cần đạt được sau khi hoàn thành mô đun là gì?",Phân tích được cấu tạo nguyên lý các linh kiện điện tử.,Nhận dạng chính xác ký hiệu của từng linh kiện.,"Đo, kiểm tra được hư hỏng của các linh kiện điện tử",Đọc chính xác trị số của các linh kiện. ,private_test_fix,1
Vì sao cần có nhiều loại nét vẽ khác nhau trong bản vẽ kỹ thuật?,"Để phân biệt rõ chức năng của từng đường, đảm bảo truyền đạt chính xác thông tin thiết kế",Để bản vẽ đẹp mắt hơn,Để tiết kiệm giấy in,Để giảm số lượng ký hiệu,private_test_fix,1
"Theo Bảng 1.5, hàm lượng Ethanol (%v/v) và hàm lượng Methanol (mg/L cồn 100o) trong sản phẩm brandy dứa 41% lần lượt là bao nhiêu?","41,5 và 32,05","29,3 và 95,89","41,5 và 95,45","29,3 và 30,46",private_test_fix,1
"Theo dự án Xử lý nước thải tại xã Dĩ An, công suất thiết kế của nhà máy xử lý nước thải vào năm 2020 là bao nhiêu?",60.000 m³/ngày,15.000 m³/ngày,89.000 m³/ngày,14.687 m³/ngày ,private_test_fix,1
"Theo header của bảng “BẢNG CHI TIẾT HẠNG MỤC XÂY LẮP”, các cột chính trong bảng bao gồm những thông tin nào?","STT, Mô tả công việc mời thầu, Yêu cầu kỹ thuật/Chỉ dẫn kỹ thuật chính, Khối lượng mời thầu, Đơn vị tính.","STT, Mô tả, Giá, Nhà thầu, Đơn vị tính","Mô tả công việc, Khối lượng, Đơn vị, Ghi chú, Giá dự thầu","STT, Mô tả công việc, Yêu cầu bảo hành, Giá, Đơn vị tính",private_test_fix,1
"Trong bảo dưỡng UPS, những công việc nào sau đây cần đo kiểm bằng thiết bị chuyên dụng?",Kiểm tra tình trạng quạt làm mát,Vệ sinh cáp nguồn vào/ra,Kiểm tra chất lượng Inverter,Kiểm tra chất lượng Rectifier,private_test_fix,2
"Dựa vào Bảng 2.8, có tổng cộng bao nhiêu chuyên gia được khảo sát có thâm niên hoạt động từ 20 năm trở lên?",80,45,23,68,private_test_fix,1
Những chú ý khi điều khiển cần số trên xe có trang bị hộp số điều khiển tự động,"Khi gài số D để tiến (hoặc số R để lùi ), phải giữ chặt chân phanh và kiểm tra lại xem có bị nhầm số không rồi mới được cho xe lăn bánh.
Khi dừng xe mà cài số P hoặc số N cần đạp phanh chân nếu không xe vẫn cứ tiến (hiện tượng xe tự chuyển động), trường hợp cần thiết phải kéo phanh tay cho an toàn.
Nếu xuống dốc dài phải cài số 2 hoặc số 1( L). Khi đỗ xe phải cài số P và kéo phanh tay .","Khi gài số D để tiến (hoặc số R để lùi ), phải giữ chặt chân phanh và kiểm tra lại xem có bị nhầm số không rồi mới được cho xe lăn bánh.
Khi dừng xe mà cài số P hoặc số N cần đạp phanh chân nếu không xe vẫn cứ tiến (hiện tượng xe tự chuyển động), trường hợp cần thiết phải kéo phanh tay cho an toàn.
","Khi gài số D để tiến (hoặc số R để lùi ), phải giữ chặt chân phanh và kiểm tra lại xem có bị nhầm số không rồi mới được cho xe lăn bánh.
Khi dừng xe mà cài số P hoặc số N cần đạp phanh chân nếu không xe vẫn cứ tiến (hiện tượng xe tự chuyển động), trường hợp cần thiết phải kéo phanh tay cho an toàn.
Nếu xuống dốc dài phải cài số 2 hoặc số 1( L). ","Khi gài số D để tiến (hoặc số R để lùi )
Khi dừng xe mà cài số P hoặc số N cần đạp phanh chân nếu không xe vẫn cứ tiến (hiện tượng xe tự chuyển động)
Nếu xuống dốc dài phải cài số 2 hoặc số 1( L). Khi đỗ xe phải cài số P và kéo phanh tay .",private_test_fix,1
Công cụ Balloon dùng để làm gì?,Tạo hình cắt,Đánh số hiệu chi tiết trong bản vẽ,Tạo dung sai cho kích thước,Tạo khung tên,private_test_fix,1
"Trong quy trình phát triển phần mềm, nếu bỏ qua giai đoạn kiểm thử phần mềm, nguy cơ nào sẽ xảy ra?",Phần mềm rẻ hơn nhưng vẫn ổn định,"Phần mềm có thể chứa lỗi, không đáp ứng yêu cầu khách hàng",Phần mềm chạy nhanh hơn do không qua thử nghiệm,Phần mềm dễ được chấp nhận hơn,private_test_fix,1
Đường kính khoang máy (gantry) của hệ thống CT 64 lát/vòng là bao nhiêu?,70 cm,72 cm,60 cm,75 cm,private_test_fix,1
"Theo kết quả khảo sát các chuyên gia trong tài liệu Public_578, đâu là những rào cản chính từ cả phía Cung và phía Cầu đối với việc phát triển thị trường thiết bị chuyển đổi năng lượng tái tạo tại vùng Trung du miền núi phía Bắc?", Phụ thuộc vào việc nhập khẩu thiết bị và thiếu các dịch vụ cung ứng đồng bộ trên thị trường,Tiềm năng năng lượng gió thấp và thiếu các chính sách đồng bộ của nhà nước về quy hoạch,"Phía Cung gặp khó khăn do suất đầu tư cao và công nghệ phức tạp, Phía Cầu bị hạn chế bởi khả năng tài chính của người dân và niềm tin của người tiêu dùng",Người dân thiếu kiến thức vận hành thiết bị và chi phí vận hành sau khi đầu tư còn khá cao,private_test_fix,1
Tại sao cần dùng lệnh Auto Dimension sau khi vẽ Sketch?,Để ràng buộc hoàn toàn Sketch một cách nhanh chóng,Để hiển thị ràng buộc đã gán,Để cắt bỏ phần dư thừa,Để tạo đường cong spline,private_test_fix,1
"Để lập Parts List trong bản vẽ và gắn nhãn chi tiết, cần dùng kết hợp những công cụ nào?",Base View và Section View,Auxiliary View và Text,Parts List và Balloon,Detail View và Weld Symbol,private_test_fix,1
"Ý nghĩa của hàm giá trị hành động Q(s,a) trong RL là gì?","Q(s,a) là tổng phần thưởng tức thì khi chọn hành động a.","Q(s,a) là kỳ vọng phần thưởng tích lũy khi ở trạng thái s, chọn hành động a và theo chính sách π.","Q(s,a) là xác suất chọn hành động a tại trạng thái s.","Q(s,a) chỉ là hàm dùng để tính toán Bellman.",private_test_fix,1
"Nếu bạn muốn trình chiếu từ Slide đầu tiên, bạn có thể chọn cách nào trong các lựa chọn sau đây?",Nhấn Ctrl + M,Nhấn Esc,Chọn Insert > Slide,Nhấn F5 hoặc chọn Slide Show > From Beginning,private_test_fix,1
"Theo tài liệu Public_583, hai thành phần ban đầu của nền tảng Apache Hadoop là gì?",HDFS và SQL,MapReduce và NoSQL,HDFS (Hadoop Distributed File System) và MapReduce,YARN và GFS (Google File System),private_test_fix,1
Microsoft PowerPoint thuộc bộ ứng dụng nào?,Microsoft Office,Windows Tools,Adobe Suite,Google Workspace,private_test_fix,1
"Nếu biểu đồ phân tán cho thấy các điểm dữ liệu nằm trong một vòng tròn, điều này cho thấy:",Hai biến có quan hệ thuận,Hai biến có quan hệ nghịch,Hai biến không có mối quan hệ,Hai biến có mối quan hệ giả,private_test_fix,1
Mi ca thường được sử dụng trong thiết bị nào?,Biến áp,Tụ điện và thiết bị nung nóng,Cầu chì,Vỏ bọc dây dẫn,private_test_fix,1
"Vì sao phương pháp nấu ăn không được coi là thuật toán, trong khi giải thuật tìm max lại là thuật toán?",Vì nấu ăn không có đầu ra,"Vì các bước nấu ăn thường không xác định, không rõ ràng, còn giải thuật tìm max có quy tắc chặt chẽ",Vì thuật toán yêu cầu số bước vô hạn,Vì nấu ăn không dùng máy tính,private_test_fix,1
Nét liền đậm thường được dùng để biểu diễn gì?,"Đường bao thấy, giao tuyến thấy, khung vẽ, đường đỉnh ren","Đường kích thước, đường dóng","Đường tâm, đường đối xứng",Cạnh khuất,private_test_fix,1
Công thức cập nhật Q-learning có điểm khác biệt chính nào so với SARSA?,Q-learning không sử dụng hệ số chiết khấu γ.,"SARSA sử dụng max Q để cập nhật, trong khi Q-learning dùng giá trị thực tế.","Q-learning dùng hành động tối ưu ở trạng thái tiếp theo, còn SARSA dùng hành động thực tế đã chọn.","Không có sự khác biệt, hai thuật toán hoàn toàn giống nhau.",private_test_fix,1
Ai là người đã phát hiện ra nấm men là tác nhân thực sự gây nên quá trình lên men rượu vào năm 1854?,Gay Lussac,"Theodore Schwann
","Louis Pasteur
",Jan Baptist van Helmont,private_test_fix,1
"Khi nào nên dùng Loft, và nó yêu cầu điều kiện gì?","Khi cần bo tròn cạnh, chỉ cần một mặt phẳng","Khi tạo ren, cần đường dẫn xoắn ốc","Khi cần tạo khối có tiết diện thay đổi, cần nhiều mặt phẳng làm việc","Khi tạo khối rỗng, cần Shell",private_test_fix,1
"Nội dung chính của tài liệu ""CÁC YẾU TỐ PHÁT TRIỂN TỈNH BẮC GIANG"" là gì?",Chỉ tập trung phân tích tốc độ tăng trưởng GRDP và cơ cấu kinh tế của tỉnh Bắc Giang năm 2017,"Trình bày chi tiết về quy trình triển khai các công nghệ như IoT, Big Data và AI vào quản lý đô thị.","Phân tích toàn diện hiện trạng về dân số, kinh tế, đô thị, hạ tầng, đánh giá điểm mạnh, điểm yếu, cơ hội, thách thức và đề xuất định hướng, chỉ tiêu để phát triển thành phố thông minh tại tỉnh Bắc Giang",Liệt kê các dự án xây dựng khu đô thị mới đã được Ủy ban nhân dân tỉnh chấp thuận đầu tư,private_test_fix,1
Biểu đồ phân tán còn được gọi với tên khác là gì?,Đồ thị histogram,Đồ thị X-Y,Biểu đồ Pareto,Biểu đồ kiểm soát,private_test_fix,1
"Các phương pháp Regularization như L1, L2, Dropout, BatchNorm giúp gì trong huấn luyện mạng nơ-ron?","Chúng giúp giảm overfitting, ổn định huấn luyện và cải thiện khả năng tổng quát hóa.",Chúng chỉ làm mô hình huấn luyện chậm hơn mà không có ích lợi gì.,"Regularization chỉ có tác dụng trong hồi quy tuyến tính, không áp dụng cho mạng nơ-ron.",BatchNorm và Dropout hoàn toàn không ảnh hưởng đến quá trình huấn luyện.,private_test_fix,1
"Với mỗi hệ thống chụp cắt lớp, bảng yêu cầu cung cấp những thông tin nào?","Yêu cầu chung, Yêu cầu cấu hình, Yêu cầu kỹ thuật, Yêu cầu khác","Yêu cầu tối thiểu, Yêu cầu chào thầu, Yêu cầu chung","Cấu hình, Khối lượng, Giá, Đơn vị tính","Mã hiệu, Thông số, Giá, Ghi chú",private_test_fix,1
Tại sao nên dùng Leader Text thay vì Text thông thường trong bản vẽ kỹ thuật?,Leader Text không cần đường dẫn,Leader Text gắn liền với đối tượng và di chuyển theo hình chiếu,Text thông thường dễ hơn để in,Text và Leader Text hoàn toàn giống nhau,private_test_fix,1
Danh mục thiết bị trong tài liệu Public_631 bao gồm những loại máy chính nào?,"Máy cộng hưởng từ, máy CT Scanner, máy siêu âm","Máy X-quang đo độ loãng xương, máy tán sỏi thận ngoài cơ thể, máy X-quang C-arm kỹ thuật số","Máy chụp mạch số hóa, máy PET-CT, máy xạ trị","Máy điện tim, máy theo dõi bệnh nhân, máy gây mê",private_test_fix,1
Ưu điểm chính của truyền động bánh răng so với các loại truyền động cơ khí khác là gì?,Ít tiếng ồn,Chế tạo đơn giản,Không cần độ chính xác cao,"Hiệu suất cao, tải trọng lớn, tuổi thọ cao",private_test_fix,1
"Mục đích chính của các phương pháp tăng số, giảm số và lùi xe ô tô được trình bày trong Public_209 là gì, và chúng góp phần như thế nào vào việc điều khiển xe an toàn?","Điều chỉnh tốc độ và lực kéo phù hợp với điều kiện đường, đảm bảo kiểm soát xe an toàn, giảm nguy cơ tai nạn và hư hỏng.","Tăng tốc độ tối đa của xe, giảm thời gian di chuyển, và giúp xe lùi nhanh hơn.",Chỉ nhằm cải thiện hiệu suất động cơ và tiết kiệm nhiên liệu.,Hỗ trợ người lái xe thực hiện các thao tác mà không cần quan sát an toàn.,private_test_fix,1
"Nếu cần một vật liệu vừa chịu được điện áp cao vừa tách được thành mảnh mỏng, vật liệu nào phù hợp nhất?",Mi ca,Giấy làm tụ điện,Nhựa thông,Cao su,private_test_fix,1
"Nếu dữ liệu có xu hướng phân tán rộng, vượt khỏi USL và LSL, doanh nghiệp cần làm gì?",Không cần hành động,Giảm sản lượng,Tăng marketing,Cải tiến công nghệ và kiểm soát quy trình,private_test_fix,1
"Nếu doanh nghiệp chọn phần mềm nguồn mở thay cho phần mềm thương mại, lợi ích lớn nhất có thể đạt được là gì?",Giảm chi phí bản quyền và có thể tùy chỉnh theo nhu cầu riêng,Giảm chi phí nhưng mất toàn bộ tính năng,Được bảo hành trọn đời từ nhà sản xuất,Không cần lập trình viên duy trì,private_test_fix,1
"Trong quá trình bảo trì máy phát điện, hạng mục nào yêu cầu kiểm tra rung động bất thường, và hạng mục nào yêu cầu thử tải máy phát?",". Kiểm tra rung động thuộc phần động cơ liên quan, thử tải thuộc mục vận hành.","Kiểm tra rung động thuộc hệ thống khí thải, thử tải thuộc hệ thống điện.","Kiểm tra rung động thuộc hệ thống làm mát, thử tải thuộc hệ thống nhiên liệu.","Kiểm tra rung động thuộc máy phát điện chính, thử tải thuộc tủ đầu cự",private_test_fix,1
"Hãy tóm tắt các bước cơ bản để tạo, trình diễn và lưu một bài thuyết trình PowerPoint.",Chỉ cần mở PowerPoint và thoát ra,"Chỉ cần lưu tập tin, không cần tạo Slide","Gồm khởi động chương trình, tạo slide mới, trình diễn bằng F5/Slide Show, và lưu file qua File > Save As",Chỉ có thao tác trình chiếu bằng F5,private_test_fix,1
Làm thế nào để điều khiển xe ôtô căn đường và tránh nhau trên đường hẹp khi lái trên bãi phẳng và đường bằng?,"Trên bãi phẳng, điều khiển xe đi thẳng bằng cách căn theo đường thẳng tưởng tượng qua tâm vô lăng, hàng cúc ngực và điểm trên mặt đường, quay vòng sang phải/trái bằng cách xoay vô lăng theo/ngược chiều kim đồng hồ, rồi trả lái từ từ để ổn định. Trên đường bằng, căn đường bằng cách so sánh vị trí người lái với điểm chuẩn trên trục tim đường, giữ xe song song để tránh lệch. Khi tránh nhau trên đường hẹp, giảm tốc độ, có thể dừng xe nhường đường (ưu tiên xe ở mặt đường rộng hoặc phía sườn núi), không đổi số, đỗ ngay ngắn, và tắt đèn pha ban đêm. Luôn quan sát, bật đèn xin đường trước khi chuyển hướng.",chỉ cần điều khiển cho xe chạy với tốc độ cao,xe chạy trên đường hẹp thì mới phải căn đường,cả A và C,private_test_fix,1
"Trong hệ thống điện toán đám mây, tính năng di chuyển máy ảo giữa các máy chủ vật lý được yêu cầu như thế nào, và tính năng sao lưu/khôi phục máy ảo cần đáp ứng ra sao?","Máy ảo có thể di chuyển giữa các máy chủ vật lý mà không cần tắt & sao lưu/khôi phục cho phép tạo snapshot, lưu trữ nhiều phiên bản và khôi phục khi cần thiết.",Máy ảo chỉ di chuyển khi tắt nguồn &sao lưu/khôi phục chỉ lưu trữ được một bản snapshot duy nhất.,Máy ảo di chuyển giữa các máy chủ phải khởi động lại &sao lưu/khôi phục chỉ áp dụng qua API.,Máy ảo di chuyển được nhưng phải đồng thời thay đổi hệ điều hành &sao lưu/khôi phục chỉ hỗ trợ phục hồi dữ liệu chứ không khôi phục trạng thái máy ảo.,private_test_fix,1
"Khi sử dụng lệnh Arc, có thể vẽ cung theo các cách nào, và kèm tùy chọn gì trong menu Style?","Đi qua 1 điểm, Normal","Chỉ biết bán kính, Construction","Tiếp tuyến bất kỳ, Fixed","Qua 3 điểm/biết tâm – 2 điểm cuối/tiếp xúc đoạn thẳng, Normal/Construction",private_test_fix,1
"Theo tài liệu Public_605, hệ thống điện toán đám mây được mô tả bao gồm bao nhiêu nhóm tính năng chính?",4 nhóm tính năng,5 nhóm tính năng,6 nhóm tính năng,7 nhóm tính năng,private_test_fix,1
Máy X-quang C-arm kỹ thuật số có công suất tối đa của nguồn phát cao tần và điện áp bóng X-quang lần lượt là bao nhiêu?,10 kW và 100 kV,12 kW và 110 kV,15 kW và 120 kV,20 kW và 150 kV,private_test_fix,1
"Trong số các loại nét vẽ, loại nào thường được áp dụng để thể hiện đường đối xứng?",Nét chấm gạch mảnh,Nét đứt đậm,Nét liền đậm,Nét liền mảnh,private_test_fix,1
Tổng doanh thu toàn ngành viễn thông năm 2019 là bao nhiêu?,"469,7 nghìn tỷ đồng",512.700 tỷ đồng,79.140 tỷ đồng,"8,1 nghìn tỷ đồng",private_test_fix,1
"Hãy xác định (i) kỹ thuật tấn công khai thác lỗi không kiểm tra đầu vào thường gặp, và (ii) biện pháp phòng chống cơ bản được khuyến nghị","Tấn công XSS, sử dụng NAT để che giấu địa chỉ","Tấn công Phishing, thay đổi định kỳ mật khẩu","Tấn công Buffer Overflow, cấm sử dụng thư viện chuẩn C/C++","Tấn công SQL Injection, kiểm tra và lọc dữ liệu đầu vào ",private_test_fix,1
Mục tiêu đến năm 2020 của chỉ số thuê bao băng rộng cố định và di động trên 100 dân là bao nhiêu?,15-20 thuê bao (cố định) và 35-40 thuê bao (di động),20-25 thuê bao (cố định) và 55-60 thuê bao (di động),9.80 thuê bao (cố định) và 39.00 thuê bao (di động),40-45% (cố định) và Trên 95% (di động),private_test_fix,1
Máy tán sỏi thận ngoài cơ thể có dải điện áp làm việc của bộ phát sóng xung kích là bao nhiêu?,5 – 15 kV,12 – 20 kV,30 – 50 kV,60 – 90 kV,private_test_fix,1
"Theo Hình 1, bước đầu tiên trong quy trình thiết kế kỹ thuật trong giáo dục STEM là gì?",Lựa chọn giải pháp tối ưu,"Lập kế hoạch, thực hiện",Đánh giá,Xác định vấn đề ,private_test_fix,1
Công thức nào được sử dụng để tính hiệu suất sử dụng tài sản cố định (Hs)?,H = HM / NG,Gs = Ng * Hs,Hs = Gs / Ng,Hs = Gs + Ng,private_test_fix,1
Vì sao vVPC sử dụng công nghệ SDN (Software Defined Networking) để xây dựng môi trường mạng ảo cho khách hàng?,"Vì SDN giúp triển khai mạng logic Layer 2, định tuyến động (OSPF, BGP) và quản lý tập trung, từ đó đảm bảo linh hoạt, mở rộng và bảo mật cao.",Vì SDN chỉ cần thiết để cung cấp thêm IP Public cho máy ảo.,"Vì SDN giúp giảm chi phí phần cứng, nhưng không ảnh hưởng đến khả năng mở rộng hay bảo mật.",Vì SDN chỉ phục vụ mục đích tạo giao diện quản lý đẹp hơn.,private_test_fix,1
"Trong hạng mục phần móng, nhóm công tác nào chiếm tỷ trọng lớn nhất về khối lượng?",Đào móng bằng máy và thủ công,Gia công cốt thép móng,Ván khuôn móng và dầm giằng,Bê tông móng và bê tông giằng,private_test_fix,1
"Dựa vào bảng phân bổ thời gian, tổng số giờ dành cho Lý thuyết và Kiểm tra của toàn bộ mô đun là bao nhiêu?",60 giờ,36 giờ,24 giờ,20 giờ,private_test_fix,1
Có bao nhiêu mức cam kết Uptime khi so sánh Vina Cloud Server và Vina Virtual Private Cloud?,1 mức,2 mức,3 mức,4 mức,private_test_fix,1
Tại sao trong vẽ kỹ thuật phải dùng quy ước để biểu diễn lò xo?,"Vì kết cấu lò xo phức tạp, không thể vẽ chi tiết hết vòng xoắn",Vì lò xo không có hình dạng cố định,Vì lò xo không phải chi tiết máy quan trọng,Vì vẽ lò xo thực tế tốn nhiều bản vẽ,private_test_fix,1
Những khái niệm thống kê nào không được yêu cầu trong tài liệu Public_476?,Trung bình,Phương sai,Độ lệch chuẩn,Hồi quy tuyến tính,private_test_fix,1
"Theo Bảng 2.12, rào cản chính về phía Cung và phía Cầu đối với thị trường thiết bị chuyển đổi Năng lượng tái tạo (NLTT) lần lượt là gì?",Công nghệ phức tạp và Chi phí vận hành cao,Suất đầu tư còn cao và Khả năng tài chính của hộ gia đình,Phụ thuộc vào nhập khẩu và Niềm tin của người tiêu dùng,Thiếu dịch vụ cung ứng và Thói quen tiêu dùng,private_test_fix,1
Khi nào sử dụng Projected View và kết quả khác gì so với Auxiliary View?,"Projected View tạo hình chiếu vuông góc hoặc trục đo từ hình chiếu cơ sở, Auxiliary View tạo hình chiếu phụ theo một phương chiếu nghiêng","Projected View chỉ tạo mặt cắt, Auxiliary View tạo luôn chi tiết 3D","Projected View dùng cho ghi chú, Auxiliary View dùng để in",Không có sự khác biệt,private_test_fix,1
Nét liền mảnh có thể được dùng để biểu diễn đối tượng nào sau đây?,Đường bao thấy,"Đường kích thước, đường dóng, đường ký hiệu mặt cắt",Đường bao khuất,Đường xử lý nhiệt,private_test_fix,1
Tại sao thời gian tác động trong mô phỏng của Public_504 ngắn hơn so với thực nghiệm?,Vì điện trở mô phỏng lớn hơn,Vì trong mô phỏng không có phần tử Rơ le nên không có độ trễ cơ khí,Vì tần số mô phỏng thấp hơn,Vì mô phỏng không có nhiễu điện từ,private_test_fix,1
"Trong phần quản trị User của vCloud Portal, khách hàng có thể thực hiện những thao tác nào?",Thêm mới User,Xóa (Disable/Delete) User,Thay đổi hệ điều hành VM,Khởi tạo Datacenter mới,private_test_fix,2
"Theo Bảng 2, SQL Server bắt đầu báo lỗi và không thể xử lý được ở lần thực nghiệm thứ bao nhiêu?",Lần thứ 29,Lần thứ 30,Lần thứ 31, Lần thứ 15,private_test_fix,1
Tốc độ tăng trưởng tổng sản phẩm của tỉnh Bắc Giang (GRDP) năm 2017 đạt bao nhiêu phần trăm?,"6,81%",10 - 11% ,"13,3%"," 32,8%",private_test_fix,1
Phần mềm VLC có khả năng phát định dạng nào và có ưu điểm gì về giao diện?,"Chỉ MP3 , Giao diện phức tạp","AVI, OGG, DIVX , Giao diện đơn giản dễ dùng","PDF , Giao diện đồ họa 3D","DOCX , Giao diện chuyên dụng cho lập trình viên",private_test_fix,1
"Trong quá trình khởi động động cơ, khởi hành xe và giảm tốc độ, người lái xe cần phối hợp như thế nào giữa bàn đạp ga, ly hợp và phanh để tránh xe bị rung giật hoặc tắt máy?","Đạp hết ly hợp khi khởi động, nhả ly hợp nhanh khi khởi hành, đạp phanh mạnh khi giảm tốc độ.","Nhả ly hợp từ từ khi khởi hành, tăng ga nhẹ, nhả ga và đạp phanh phù hợp khi giảm tốc độ, cắt ly hợp khi dừng xe.","Đạp đồng thời ga và ly hợp khi khởi hành, không dùng phanh khi giảm tốc độ.","Giữ ly hợp liên tục khi giảm tốc độ, đạp ga mạnh khi khởi hành.",private_test_fix,1
"Trong vẽ quy ước lò xo xoắn ốc, khi số vòng xoắn > 4 thì quy định vẽ như thế nào, và lò xo dây ≤ 2mm được biểu diễn ra sao?","Vẽ tất cả vòng xoắn, mặt cắt tô đen","Chỉ vẽ 1 vòng, mặt cắt kẻ chéo","Vẽ đầu – cuối, phần giữa bằng nét chấm gạch, mặt cắt tô đen","Vẽ 2 vòng, mặt cắt bỏ qua",private_test_fix,1
"Trong quản lý chất lượng, so sánh sự khác biệt giữa dữ liệu đạt chuẩn và không đạt chuẩn có ý nghĩa gì?",Giúp giảm chi phí vận hành,Đánh giá mức độ ổn định và phù hợp với yêu cầu khách hàng,Chỉ để làm báo cáo,Không quan trọng,private_test_fix,1
Danh mục tiêu chuẩn trong tài liệu  Public_63được phân chia thành các nhóm công tác nào?,"Công tác đất, đá, móng cọc, Bê tông cốt thép, Kết cấu thép","Tổng quan, Công tác trắc địa, Công tác đất, đá, nền, móng, móng cọc, Bê tông cốt thép toàn khối, Bê tông cốt thép lắp ghép và ứng lực trước, Kết cấu thép, Kết cấu gạch đá, vữa xây dựng, Công tác hoàn thiện, Hệ thống cấp thoát nước, Hệ thống cấp điện, chiếu sáng, chống sét, cáp thông tin, điều hòa không khí, cấp khí đốt, Lắp đặt thang máy & thang cuốn, Phòng chống mối & bảo trì công trình, Công trình giao thông, Công trình biển cố định, Chống ăn mòn kết cấu, Đường ống dẫn dầu, Lắp đặt thiết bị sản xuất, An toàn trong thi công xây dựng, Sử dụng thiết bị nâng chuyển, Sử dụng dụng cụ điện cầm tay",Vật liệu xây dựng và mỹ thuật công trình,Quản lý dự án và tài chính,private_test_fix,1
Tiêu chuẩn nào quy định về chống sét cho công trình xây dựng và tiêu chuẩn nào quy định về nối đất thiết bị công nghiệp?,TCVN 9888-1:2013 và TCVN 9358:2012,TCVN 3254:1989 và TCVN 2292:1978,TCVN 9394:2012 và TCVN 9395:2012,D. TCVN 3255:1986 và TCVN 5308:1991,private_test_fix,1
"Trong phần mềm ứng dụng,  “phần mềm doanh nghiệp” và “cơ sở dữ liệu” thuộc nhóm nào?",Phần mềm hệ thống,Phần mềm văn phòng,Phần mềm ứng dụng,Phần mềm nguồn mở,private_test_fix,1
"Trong tài liệu Public_504, nguyên nhân chính gây sai lệch giữa mô phỏng và thực nghiệm là gì và mức sai số linh kiện trong thực tế là bao nhiêu?","Sai số linh kiện , ±5%","Sai số điện áp , ±10%","Sai số dòng điện , ±2%","Sai số phần mềm , ±1%",private_test_fix,1
"Trong mô phỏng của tài liệu Public_504, yêu cầu thời gian tác động là bao nhiêu và lý do gì khiến nó khác so với thực nghiệm?","≤ 2ms , Do không có Rơ le","≤ 5ms , Do sai số linh kiện","≤ 10ms , Do giới hạn phần cứng","≤ 20ms , Do điện trở lớn",private_test_fix,1
Các cột thông tin trong danh mục thuật ngữ của tài liệu Public_629 gồm những gì?,"STT, Thuật ngữ (Tiếng Anh), Viết tắt, Thuật ngữ (Tiếng Việt), Định nghĩa","STT, Mã hiệu, Tên thiết bị, Chức năng","Thuật ngữ, Năm ban hành, Nhà sản xuất, Ghi chú","Viết tắt, Mã hiệu, Ký hiệu, Công thức",private_test_fix,1
Máy X-quang đo độ loãng xương có thời gian quét toàn thân tối đa bao nhiêu phút ở chế độ chuẩn?,5 phút,7 phút,11 phút,15 phút,private_test_fix,1
Lệnh Sketch Overlay trong bản vẽ có công dụng chính là gì?,Tạo hình chiếu mới,Hiển thị dung sai,Chèn bảng kê chi tiết,Vẽ bổ sung đối tượng hình học hoặc chữ mà không ảnh hưởng đến hình chiếu,private_test_fix,1
 Trong thực hành lái xe ô tô thì căn đường là gì và phương pháp căn đường nào thường được áp dụng?,là phương thức áng chừng vị trí của xe ô tô với mặt đường và thường được xác định bằng cách ước lượng sơ bộ,là phương thức dự trù vận tốc của xe và được xác định bằng cách áng chừng,"Căn đường là hương pháp xác định vị trí và đường đi của xe ôtô trên mặt đường. và Phương pháp chủ yếu để căn đường là so sánh vị trí người lái xe trong buồng lái với một điểm chuẩn di chuyển tự chọn trên mặt đường, thường là điểm nằm trên trục tim đường.",Cả B và C,private_test_fix,1
"Trước khi khởi động động cơ ô tô, người lái xe cần kiểm tra những nội dung nào để đảm bảo an toàn và tăng tuổi thọ động cơ?","Mức dầu bôi trơn, mức nước làm mát, mức nhiên liệu, độ chặt đầu nối ắc quy.","Độ căng dây đai quạt, áp suất lốp, đèn pha và đèn hậu.","Nhiệt độ động cơ, áp suất dầu, mức nước rửa kính.","Độ mòn lốp, hệ thống phanh, màu sắc sơn xe.",private_test_fix,1
"Vì sao cần phân loại lỗ hổng ATTT theo các mức độ (nghiêm trọng, cao, trung bình, thấp) trong quy trình quản lý?","Vì việc phân loại giúp ưu tiên xử lý theo mức độ rủi ro, từ đó sử dụng hợp lý nguồn lực và giảm thiểu tác động đến hệ thống.","Vì chỉ lỗ hổng nghiêm trọng mới cần xử lý, các mức khác không cần quan tâm","Vì việc phân loại nhằm mục đích báo cáo thống kê cho ban lãnh đạo, không liên quan đến xử lý thực tế.",Vì phân loại giúp giảm số lượng ticket phải mở trên hệ thống ITSM.,private_test_fix,1
Đâu là các điều kiện tối ưu về thời gian thiêu kết và hàm lượng chất chảy B2O3 để chế tạo hệ vật liệu CAS?,60 phút và 4 %kl sản phẩm,120 phút và 4 %kl sản phẩm,90 phút và 3 %kl sản phẩm,60 phút và 5 %kl sản phẩm,private_test_fix,1
Độ pH của môi trường phân lập nấm men và môi trường lên men dịch ép dứa được sử dụng trong nghiên cứu lần lượt là bao nhiêu,"4,0 và 5,5","5,5 và 7,0","5,5 và 4,0","4,0 và 7,0",private_test_fix,1
"Quy trình khởi động động cơ Diesel khác với động cơ xăng ở điểm nào, và cần lưu ý gì về thời gian khởi động?","Không cần sấy nóng buồng đốt, mỗi lần khởi động tối đa 10 giây.","Sấy nóng buồng đốt trước khi khởi động, mỗi lần khởi động không quá 5 giây, nghỉ 2-3 phút giữa các lần.","Đạp hết bàn đạp ga, khởi động liên tục trong 15 giây.","Vặn chìa khóa đến vị trí START ngay lập tức, không cần chờ đèn sấy.",private_test_fix,1
"Theo tài liệu Public_629, “AMM” và “CMM” lần lượt là viết tắt của tài liệu nào?",Aircraft Maintenance Manual và Component Maintenance Manual,Aircraft Maintenance Record và Component Maintenance Record,Aircraft Maintenance Module và Component Maintenance Module,Aircraft Manual of Maintenance và Component Manual of Maintenance,private_test_fix,1
"Dựa vào Bảng 1.3, bằng cách tính tổng hàm lượng đường khử và saccharose, giống dứa nào có tổng hàm lượng đường cao nhất trong các lựa chọn được đưa ra?",Dứa độc bình Nghệ An,Dứa ta Hà Tĩnh,Dứa hoa Tuyên Quang,Dứa Long An,private_test_fix,1
"Trong vVPC, dịch vụ nào hỗ trợ cân bằng tải lớp 4–7, và dịch vụ nào hỗ trợ ngăn chặn tấn công lớp 7 như SQL Injection hay XSS?","Cân bằng tải bằng Firewall Layer 4, chống tấn công lớp 7 bằng AntiDDoS.","Cân bằng tải bằng VPN Site to Site, chống tấn công lớp 7 bằng IAM.","Cân bằng tải bằng Security Group, chống tấn công lớp 7 bằng Elastic IP.","Cân bằng tải bằng vLoad Balancer, chống tấn công lớp 7 bằng WAF.",private_test_fix,1
Trạng thái lý tưởng (Hình 1) của phân bố sản phẩm thể hiện điều gì?,Quy trình thiếu ổn định dài hạn,"Quy trình sản xuất ổn định, kiểm soát tốt",Độ biến động vượt ngoài dung sai,Tiêu chuẩn quá lỏng lẻo,private_test_fix,1
Bảng trong Public 508 đưa ra những thông tin nào?,Điện trở suất và độ cứng,"Độ bền điện, nhiệt độ chịu đựng, đặc điểm và ứng dụng",Công suất truyền tải và tần số hoạt động,Tính dẫn nhiệt và độ giãn nở nhiệt,private_test_fix,1
Phân bố lệch tâm so với trung bình chuẩn phản ánh vấn đề gì?,Sai số đo,Khách hàng thay đổi tiêu chuẩn,Quy trình thiếu ổn định hoặc bị tác động ngoại lai,Không có vấn đề,private_test_fix,1
"Theo hướng dẫn, quy trình bảo dưỡng UPS định kỳ có bao nhiêu nhóm công việc chính được liệt kê trong bảng?",10 nhóm,12 nhóm,14 nhóm,16 nhóm,private_test_fix,1
"Trong tài liệu Public_631, công tác trắc địa có bao nhiêu số tiêu chuẩn được ban hành?",3,4,5,6,private_test_fix,1
"Các phương pháp an toàn và kỹ thuật lái xe cơ bản (từ khởi động đến dừng xe) được trình bày trong Public_208 nhằm mục đích chính là gì, và chúng góp phần như thế nào vào việc lái xe an toàn?","Tăng tốc độ xe, giảm thời gian di chuyển, tiết kiệm nhiên liệu.","Giúp xe vận hành mạnh mẽ hơn, cải thiện hiệu suất động cơ.","Đảm bảo an toàn, tăng tuổi thọ động cơ, giảm nguy cơ tai nạn và hư hỏng xe.",Chỉ nhằm mục đích kiểm tra kỹ thuật xe trước khi bán.,private_test_fix,1
"Theo tài liệu Public_629, có tổng cộng bao nhiêu thuật ngữ được định nghĩa?",150,180,221,250,private_test_fix,1
Ngôn ngữ lập trình cấp cao có đặc điểm gì và ví dụ nào được nhắc đến trong tài liệu Public_503?,"Phụ thuộc vào phần cứng , Assembly","Không phụ thuộc máy cụ thể , Pascal, Java, C++","Dùng ký tự 0/1 , Machine code","Chỉ có ký tự ASCII , Algol 60",private_test_fix,1
"Nếu một doanh nghiệp muốn đảm bảo rằng khi một máy chủ vật lý bị sự cố, các máy ảo quan trọng vẫn tiếp tục hoạt động mà không bị gián đoạn lâu, thì họ cần triển khai tổ hợp tính năng nào sau đây?",Sao lưu/khôi phục máy ảo + Giới hạn băng thông mạng,Di chuyển máy ảo giữa các máy chủ vật lý + Khôi phục máy ảo khi có lỗi,Tạo nhiều máy ảo cùng lúc + Gắn ISO trên máy ảo,Quản lý bản vá + Mã hóa dữ liệu,private_test_fix,1
"Trong công tác bảo trì hệ thống nhiên liệu, những công việc nào sau đây cần thực hiện?",Kiểm tra rò rỉ đường dẫn và khớp nối,Thay mới lọc dầ,Đo nội trở accu,Kiểm tra chế độ Auto/Manua,private_test_fix,2
"Khi kiểm tra an toàn trước khi lùi xe ô tô, phương pháp nào sau đây được sử dụng để quan sát điểm mù phía sau?",Chỉ dựa vào gương chiếu hậu bên trái và bên phải.,"Kiểm tra qua gương chiếu hậu, quay đầu quan sát, xuống xe kiểm tra hoặc dùng cảm biến lùi và camera chiếu hậu.",Chỉ sử dụng camera chiếu hậu mà không cần gương chiếu hậu.,Chỉ quay đầu nhìn qua vai mà không cần dùng gương hoặc camera.,private_test_fix,1
"Theo tài liệu Public_215, người lái xe cần thực hiện bao nhiêu thao tác khi dừng xe trên dốc?",1,3,6,4,private_test_fix,1
"Hàm kích hoạt Sigmoid thường được dùng cho loại bài toán nào, và hạn chế chính của nó là gì?","Cho hồi quy tuyến tính, dễ gây overfitting","Cho phân loại nhị phân, dễ bão hòa gradient ở vùng biên","Cho phân cụm K-Means, nhạy cảm với ngoại lai","Cho bài toán SVM, gây hiện tượng neuron chết",private_test_fix,1
Số thuê bao băng rộng cố định trên 100 dân đã tăng khoảng bao nhiêu phần trăm trong giai đoạn từ năm 2016 đến năm 2019?,Khoảng 36%,Khoảng 46%,Khoảng 66%," 
Khoảng 56%",private_test_fix,1
"Theo Public 514, nhóm lệnh nào hỗ trợ ràng buộc đối tượng trong Sketch?","Mirror, Offset","Add Constraint, Show Constraints","Trim, Extend","Rotate, Move",private_test_fix,1
Website Của công ty công nghệ việt được thiết kế bằng ngôn ngữ lập trình nào?,Java,PHP kết hợp Smarty,C# .NET,Python Django,private_test_fix,1
Vina Virtual Private Cloud (vVPC) cung cấp lưu trữ SSD dưới hình thức nào?,File Storage,Block Storage Volume,Object Storage,Tape Storage,private_test_fix,1
"Theo tài liệu Public_605, tính năng ""Khôi phục máy ảo sau khi có lỗi xảy ra"" chỉ được coi là đạt khi đáp ứng điều kiện nào sau đây?",Tự động sao lưu máy ảo trước khi lỗi xảy ra,Hệ thống phát hiện được lỗi và tự động khởi động lại máy ảo,Người quản trị phải khởi động lại máy ảo thủ công sau khi phát hiện lỗi,Máy ảo không bị ảnh hưởng khi có sự cố phần cứng,private_test_fix,1
"Theo tài liệu Public_599, hệ số công suất trung bình trên thanh góp cao áp của nguồn điện bằng bao nhiêu","0,85"," 0,90","1,00","1,10",private_test_fix,1
"Trong Public_511, nếu dữ liệu phân bố lệch về một phía, ý nghĩa quản lý là gì?",Cần thương lượng lại với khách hàng,Quy trình sản xuất tối ưu,Cần cải tiến công nghệ để đảm bảo đồng đều,Chỉ cần bảo trì thiết bị,private_test_fix,1
"Dựa vào Bảng 2, trong lần xử lý thứ 3 (6.135.200 mẫu tin), dung lượng lưu trữ của HWS nhỏ hơn bao nhiêu so với SQL Server?",713 MB,900 MB,543 MB,1.087 MB,private_test_fix,1
"Theo tài liệu Public_155, một mật khẩu mạnh cho người dùng thông thường cần có độ dài tối thiểu bao nhiêu ký tự?",6 ký tự,8 ký tự ✅,10 ký tự,12 ký tự,private_test_fix,1
Tại sao cần dùng Mirror Feature khi thiết kế chi tiết đối xứng?,Giúp tiết kiệm thời gian và đảm bảo tính đối xứng,Để xóa một nửa chi tiết,Để tự động bo tròn cạnh,Để phóng to chi tiết,private_test_fix,1
Vì sao việc “quét nhiệt tủ điện động lực” được đưa vào trong hạng mục kiểm tra hệ thống chiller?,Vì quét nhiệt chỉ để kiểm tra độ sáng của màn hình hiển thị.,"Vì quét nhiệt giúp phát hiện điểm phát nhiệt bất thường tại các mối nối, từ đó ngăn ngừa sự cố chập cháy và đảm bảo an toàn cho toàn hệ thống.","Vì đây là thao tác bắt buộc để đối chiếu báo cáo định kỳ, không liên quan đến an toàn",Vì quét nhiệt giúp tăng hiệu suất trao đổi nhiệt của bình ngưng.,private_test_fix,1
"Trường hợp sản phẩm vượt ngoài giới hạn (Hình 6) dẫn đến hậu quả gì, và giải pháp là gì?",Không ảnh hưởng lớn,Chỉ làm tăng chi phí bảo trì,Quy trình vẫn ổn định,"Sản phẩm bị loại bỏ, mất uy tín, tổn thất tài chính",private_test_fix,1
"Theo kế hoạch tài chính, nguồn vốn từ Nhật Bản (JICA) và vốn đối ứng của tỉnh chiếm tỷ lệ bao nhiêu trong tổng mức đầu tư của dự án Xử lý nước thải tại xã Dĩ An?",80% vốn JICA và 20% vốn đối ứng,90% vốn JICA và 10% vốn đối ứng,85% vốn JICA và 15% vốn đối ứng,75% vốn JICA và 25% vốn đối ứng,private_test_fix,1
Vì sao trong bảo trì máy phát điện định kỳ cần thực hiện việc “xả cặn thùng dầu và lọc dầu”?,Vì thao tác này giúp kéo dài tuổi thọ máy biến áp.,"Vì việc xả cặn giúp loại bỏ tạp chất, đảm bảo nhiên liệu sạch, tránh hỏng hóc hệ thống cung cấp nhiên liệu và cải thiện hiệu suất động cơ.","Vì quy định bắt buộc theo lịch bảo dưỡng, không liên quan đến hiệu quả vận hành.",Vì thao tác này giúp tăng công suất máy phát vượt mức thiết kế.,private_test_fix,1
Lệnh Extrude trong CAD dùng để làm gì?,Đùn biên dạng theo phương vuông góc để tạo khối rắn,Quay biên dạng quanh trục,Tạo lỗ trên chi tiết,Vát mép cạnh,private_test_fix,1
Vai trò chính của vật liệu cách điện trong kỹ thuật điện là gì?,Dẫn điện tốt hơn kim loại,Bảo vệ và ngăn cách các phần tử dẫn điện,Làm tăng điện trở suất của dây dẫn,Giảm khối lượng của thiết bị,private_test_fix,1
Tiêu chuẩn nào hướng dẫn công tác hoàn thiện trong xây dựng phần trát?,TCVN 9377-1:2012,TCVN 9377-2:2012,TCVN 8264:2009,TCVN 4516:1988,private_test_fix,1
"Theo Bảng 1.1, nhiệt độ nóng chảy của Thiếc (Tin) là bao nhiêu?",1080°C,660°C,230°C,330°C,private_test_fix,1
"Làm thế nào để một người lái xe thực hiện an toàn và hiệu quả cả hai kỹ thuật ghép xe dọc và ghép ngang vào nơi đỗ, đồng thời đảm bảo tuân thủ các bước kiểm tra an toàn và điều chỉnh xe phù hợp?",Chỉ cần bật đèn xin đường và lùi xe ngay vào vị trí đỗ mà không cần kiểm tra an toàn.," Kiểm tra an toàn qua gương chiếu hậu, bật đèn xin đường, sử dụng số thấp, đánh lái và trả lái phù hợp, quan sát liên tục và dừng xe đúng vị trí với phanh tay."," Tiến xe lên sát vỉa hè, lùi xe mà không cần đánh lái, và tắt máy ngay sau khi lùi.","Sử dụng số cao, không kiểm tra gương chiếu hậu và lùi xe nhanh để tiết kiệm thời gian.",private_test_fix,1
Tiêu chuẩn nào quy định về công tác đất trong thi công và nghiệm thu?,TCVN 4453:1995,TCVN 4447:2012,TCVN 4452:1987,TCVN 5637:1991,private_test_fix,1
"Nếu một bóng đèn LED tiêu thụ công suất 10W, hoạt động liên tục trong 5 giờ, thì lượng điện năng tiêu thụ là bao nhiêu Wh?",10,25,40,50,private_test_fix,1
Những lưu ý và hướng dẫn cụ thể để vận hành cần số an toàn và đúng cách trên xe có hộp số điều khiển cơ khí.,Khi giảm số chủ động thì giảm tuần tự từ cao xuống thấp,"Khi giảm số chủ động thì giảm tuần tự từ cao xuống thấp, khi giảm số bị động có thể giảm tắt số mà không cần tuần tự.",khi giảm số thì cần tăng ga,khi giảm số thì cần phanh xe dừng lại,private_test_fix,1
Quy trình đánh giá chất lượng cảm quan của rượu theo TCVN 3217:1979 được mô tả trong tài liệu bao gồm những bước chính nào,Phân tích hàm lượng furfurol và các hợp chất hóa học bằng phương pháp sắc kí khí khối phổ (GC-MS).,"Đo độ trong, màu sắc và vị của rượu bằng các thiết bị phòng thí nghiệm như máy quang phổ và máy đo pH.","Sử dụng hội đồng cảm quan để chấm điểm độc lập về độ trong, màu sắc, mùi, và vị của sản phẩm.","Sử dụng hội đồng cảm quan để cho điểm độc lập theo các chỉ tiêu, sau đó nhân với hệ số quan trọng để tính điểm chung và xếp loại chất lượng.",private_test_fix,1
Lệnh Base View trong Autodesk Inventor có chức năng gì?,Liên kết mô hình chi tiết/cụm lắp và tạo hình chiếu đầu tiên,Tạo hình chiếu vuông góc,Tạo hình cắt,Tạo bản danh mục chi tiết,private_test_fix,1
Tại sao cần bật đèn xin đường bên phải khi bắt đầu ghép xe dọc hoặc ngang vào nơi đỗ?,Để tăng độ sáng khi quan sát gương chiếu hậu., Để báo hiệu cho các phương tiện khác biết ý định đỗ xe., Để kiểm tra an toàn hông xe bên trái., Để điều chỉnh vô lăng dễ dàng hơn.,private_test_fix,1
"Theo Bảng phân loại kết quả thực nghiệm sư phạm (TNSP), tỷ lệ học sinh đạt loại Giỏi ở lớp thực nghiệm (TN) và lớp đối chứng (ĐC) lần lượt là bao nhiêu?","67,5% và 32,5%","17,5% và 63,6%","15,0% và 3,9%",100% và 100%,private_test_fix,1
Ống soi dạ dày video trong hệ thống nội soi tiêu hóa ống mềm có khả năng phóng đại tối đa bao nhiêu lần khi kết hợp với màn hình tương thích?,≥ 50 lần,≥ 80 lần,≥ 100 lần,≥ 120 lần,private_test_fix,1
"Trong thao tác Sketch, khi nào nên dùng Project Cut Edges thay vì Project Geometry?",Khi muốn tạo đường tròn chuẩn,Khi vẽ spline tự do,Khi di chuyển đối tượng,Khi cần chiếu tất cả các cạnh của chi tiết giao với mặt phẳng Sketch,private_test_fix,1
"Khi nào nên dùng nét chấm gạch mảnh, và trong trường hợp nào thay bằng nét chấm gạch đậm?","Chấm gạch mảnh: đường kích thước, Chấm gạch đậm: đường bao khuất","Chấm gạch mảnh: đường chân ren, Chấm gạch đậm: đường đỉnh ren","Chấm gạch mảnh: mặt cắt chập, Chấm gạch đậm: khung tên","Chấm gạch mảnh: đường tâm, trục, đối xứng, Chấm gạch đậm: mặt cần gia công nhiệt hoặc phủ lớp đặc biệt",private_test_fix,1
Công dụng chính của lệnh Project Geometry trong Sketch là gì?,Xóa ràng buộc đã gán,Tạo kích thước tự động,Chiếu đối tượng hình học từ Sketch khác,Quay đối tượng quanh một trục,private_test_fix,1
Lò xo là chi tiết cơ khí có tác dụng chính gì?,Chỉ để truyền chuyển động,Chỉ để tăng độ bền vật liệu,"Dự trữ năng lượng, giảm xóc, ép chặt, đo lực",Chỉ để tạo hình cơ khí,private_test_fix,1
Bánh răng côn thường dùng để truyền chuyển động giữa các trục có đặc điểm gì?,Hai trục song song,Hai trục vuông góc,Hai trục đồng tâm,Hai trục song song nhưng lệch nhau,private_test_fix,1
Những ưu điểm chính của quả dứa Queen khiến nó trở thành nguyên liệu phù hợp để sản xuất rượu brandy là gì?,Hàm lượng vitamin C thấp và hương vị không nổi bật,Chỉ được trồng ở một vùng duy nhất và thu hoạch theo mùa.,"Có dinh dưỡng phù hợp (đường, acid, khoáng), hương thơm hấp dẫn, sản lượng lớn và giá thành rẻ","Có hàm lượng protein và lipid rất cao, không phù hợp để lên men",private_test_fix,1
Quy trình phát triển phần mềm gồm bao nhiêu công đoạn?,5,6,7,8,private_test_fix,1
Lệnh Line trong Sketch dùng để vẽ gì?,Đoạn thẳng,Đường cong bất kỳ,Đường tròn,Hình chữ nhật,private_test_fix,1
Danh mục thiết bị trong tài liệu Public_633 được chia thành những hệ thống nào?,Hệ thống chụp mạch số hóa và hệ thống CT Scanner,Hệ thống nội soi tiêu hóa ống mềm video và hệ thống nội soi tiêu hóa ống mềm và mật tụy ngược dòng,Hệ thống X-quang và hệ thống siêu âm,Hệ thống MRI và hệ thống PET-CT,private_test_fix,1
Những đại lượng nào được định nghĩa trong phần lý thuyết của tài liệu Public_477?,Bức xạ mặt trời,Hiệu suất pin lưu trữ,Công suất trung bình,Chu kỳ sạc/xả pin,private_test_fix,3
"Trong vCloud Portal, thao tác nào cho phép khách hàng nhân bản (clone) một máy ảo (VM)?",Power On,Power On,Copy To,Suspend,private_test_fix,1
Nguyên liệu quả dứa được sử dụng trong nghiên cứu để chiết dịch quả lên men được thu hoạch từ đâu,"Nông trường Dứa Đồng Giao, Ninh Bình","Viện công nghiệp thực phẩm, Hà Nội","Trường Đại học Tân Trào, Tuyên Quang",Nông trường Dứa Tiền Giang,private_test_fix,1
"Theo tài liệu Public_632, có bao nhiêu loại máy được mô tả chi tiết kèm theo yêu cầu kỹ thuật?",3,2,1,4,private_test_fix,1
Mạch thử nghiệm trong Public 504 được thiết kế dựa trên mạng quy đổi từ điện áp nào sang điện áp nào?,Từ 220V sang 110V,Từ 380V sang 220V,Từ 6kV sang 400VAC,Từ 11kV sang 500VAC,private_test_fix,1
Bãi phẳng được định nghĩa như thế nào trong tài liệu Public_215?,là một mặt đất nhiều chưóng ngại vật,"là một bãi rộng và phẳng để dễ luyện tập việc tăng, giảm tốc độ và chuyển hướng chuyển động của xe ôtô.",là bãi cát,là sưòng đồi thoải,private_test_fix,1
"Nếu điện trở rò của pha vượt quá 27Ω, kết quả phát hiện sự cố sẽ thế nào?",Phát hiện chính xác,Tác động không chắc chắn,Không phát hiện được pha chạm đất,Rơ le tác động ngay,private_test_fix,1
Những tính năng nào dưới đây thuộc nhóm mở rộng tài nguyên trong vVPC?,"Tăng nóng (hot-add) CPU, RAM",Kiểm soát lưu lượng bằng WAF,Phát hiện tấn công DDoS,Mở rộng nóng (hot-extend) ổ đĩa,private_test_fix,2
Vật liệu nào có khả năng chịu nhiệt cao nhất?,Sứ,Mi ca,Êpoxi,Cao su,private_test_fix,1
"Trong kế hoạch xây dựng website của Công ty Công nghệ Việt, yêu cầu về giao diện được đặt ra như thế nào, và công nghệ nào được lựa chọn để phát triển website?","Giao diện chuyên nghiệp, đẹp mắt, thống nhất về font chữ, công nghệ sử dụng PHP kết hợp Smarty và MySQL.","Giao diện đơn giản, chỉ cần hiển thị thông tin sản phẩm, công nghệ sử dụng ASP.NET và SQL Server.","Giao diện tùy chỉnh hoàn toàn theo người dùng, công nghệ sử dụng Java và Oracle Database.","Giao diện không cần đảm bảo tính mỹ thuật, công nghệ sử dụng Python/Django và PostgreSQL.",private_test_fix,1
"Nội dung chính của tài liệu ""MÔ ĐUN LINH KIỆN ĐIỆN TỬ"" là gì?",Phân tích chuyên sâu về nguyên lý hoạt động của các mạch vi xử lý và PLC,"Giới thiệu về mô đun linh kiện điện tử, trình bày kiến thức cơ bản về vật liệu dẫn điện, cách điện và các loại linh kiện điện tử thông dụng để người học có thể nhận dạng, đọc trị số và kiểm tra chúng","Chỉ tập trung vào việc liệt kê các thông số kỹ thuật của vật liệu cách điện như Sứ, Thủy tinh và Gốm",Hướng dẫn chi tiết cách sử dụng hợp kim thiếc và chì để hàn các linh kiện điện tử,private_test_fix,1
Lệnh Revolve tạo mô hình bằng cách nào?,Cắt chi tiết,Quay biên dạng quanh một trục để tạo khối,Phóng to theo tỉ lệ,Chia bề mặt,private_test_fix,1
